version 2
JvmtiExport can_access_local_variables 0
JvmtiExport can_hotswap_or_post_breakpoint 1
JvmtiExport can_post_on_exceptions 0
# 516 ciObject found
instanceKlass javafx/scene/CssStyleHelper
ciInstanceKlass java/lang/Cloneable 1 0 7 100 1 100 1 1 1
instanceKlass  @bci com/sun/javafx/tk/quantum/PaintCollector lambda$liveRepaintRenderJob$2 (Lcom/sun/javafx/tk/quantum/QuantumToolkit;Lcom/sun/javafx/tk/quantum/ViewPainter;Ljava/util/concurrent/CountDownLatch;)Ljava/lang/Object; 7 <appendix> member <vmtarget> ; # com/sun/javafx/tk/quantum/PaintCollector$$Lambda+0x000001de143eaca0
instanceKlass  @bci com/sun/javafx/tk/quantum/PaintCollector liveRepaintRenderJob (Lcom/sun/javafx/tk/quantum/ViewScene;)V 31 <appendix> member <vmtarget> ; # com/sun/javafx/tk/quantum/PaintCollector$$Lambda+0x000001de143eaa78
instanceKlass  @bci javafx/scene/control/skin/ComboBoxPopupControl createPopup ()V 193 <appendix> member <vmtarget> ; # javafx/scene/control/skin/ComboBoxPopupControl$$Lambda+0x000001de143ea850
instanceKlass  @bci javafx/scene/control/skin/ComboBoxPopupControl createPopup ()V 116 <appendix> member <vmtarget> ; # javafx/scene/control/skin/ComboBoxPopupControl$$Lambda+0x000001de143ea628
instanceKlass  @bci javafx/scene/control/skin/ComboBoxPopupControl createPopup ()V 105 <appendix> member <vmtarget> ; # javafx/scene/control/skin/ComboBoxPopupControl$$Lambda+0x000001de143ea400
instanceKlass  @bci javafx/scene/control/skin/ComboBoxPopupControl createPopup ()V 87 <appendix> member <vmtarget> ; # javafx/scene/control/skin/ComboBoxPopupControl$$Lambda+0x000001de143ea1d8
instanceKlass  @bci javafx/scene/control/skin/ComboBoxPopupControl createPopup ()V 65 <appendix> member <vmtarget> ; # javafx/scene/control/skin/ComboBoxPopupControl$$Lambda+0x000001de143e9fb0
instanceKlass javafx/scene/control/skin/ComboBoxPopupControl$3$1
instanceKlass  @bci javafx/scene/control/skin/MenuButtonSkinBase lambda$removeMnemonicsFromScene$8 (Ljava/util/List;Ljavafx/scene/Scene;)V 7 <appendix> member <vmtarget> ; # javafx/scene/control/skin/MenuButtonSkinBase$$Lambda+0x000001de143e9b18
instanceKlass javafx/scene/input/Mnemonic
instanceKlass javafx/scene/control/skin/ComboBoxListViewSkin$2
instanceKlass javafx/scene/control/skin/ComboBoxPopupControl$1
instanceKlass  @bci javafx/scene/control/skin/ComboBoxPopupControl install ()V 12 <appendix> member <vmtarget> ; # javafx/scene/control/skin/ComboBoxPopupControl$$Lambda+0x000001de143e88d0
instanceKlass  @bci javafx/scene/control/skin/ComboBoxListViewSkin <init> (Ljavafx/scene/control/ComboBox;)V 288 <appendix> member <vmtarget> ; # javafx/scene/control/skin/ComboBoxListViewSkin$$Lambda+0x000001de143e86a8
instanceKlass  @bci javafx/scene/control/skin/ComboBoxListViewSkin <init> (Ljavafx/scene/control/ComboBox;)V 256 <appendix> member <vmtarget> ; # javafx/scene/control/skin/ComboBoxListViewSkin$$Lambda+0x000001de143e8470
instanceKlass  @bci javafx/scene/control/skin/ComboBoxListViewSkin <init> (Ljavafx/scene/control/ComboBox;)V 241 <appendix> member <vmtarget> ; # javafx/scene/control/skin/ComboBoxListViewSkin$$Lambda+0x000001de143e8238
instanceKlass  @bci javafx/scene/control/skin/ComboBoxListViewSkin <init> (Ljavafx/scene/control/ComboBox;)V 225 <appendix> member <vmtarget> ; # javafx/scene/control/skin/ComboBoxListViewSkin$$Lambda+0x000001de143e8000
instanceKlass  @bci javafx/scene/control/skin/ComboBoxListViewSkin <init> (Ljavafx/scene/control/ComboBox;)V 210 <appendix> member <vmtarget> ; # javafx/scene/control/skin/ComboBoxListViewSkin$$Lambda+0x000001de143e7d10
instanceKlass  @bci javafx/scene/control/skin/ComboBoxListViewSkin <init> (Ljavafx/scene/control/ComboBox;)V 195 <appendix> member <vmtarget> ; # javafx/scene/control/skin/ComboBoxListViewSkin$$Lambda+0x000001de143e7ad8
instanceKlass  @bci javafx/scene/control/skin/ComboBoxListViewSkin <init> (Ljavafx/scene/control/ComboBox;)V 180 <appendix> member <vmtarget> ; # javafx/scene/control/skin/ComboBoxListViewSkin$$Lambda+0x000001de143e78a0
instanceKlass  @bci javafx/scene/control/skin/ComboBoxListViewSkin <init> (Ljavafx/scene/control/ComboBox;)V 165 <appendix> member <vmtarget> ; # javafx/scene/control/skin/ComboBoxListViewSkin$$Lambda+0x000001de143e7668
instanceKlass  @bci javafx/scene/control/skin/ComboBoxListViewSkin <init> (Ljavafx/scene/control/ComboBox;)V 150 <appendix> member <vmtarget> ; # javafx/scene/control/skin/ComboBoxListViewSkin$$Lambda+0x000001de143e7430
instanceKlass  @bci javafx/scene/control/skin/ComboBoxListViewSkin createListView ()Ljavafx/scene/control/ListView; 101 <appendix> member <vmtarget> ; # javafx/scene/control/skin/ComboBoxListViewSkin$$Lambda+0x000001de143e7208
instanceKlass  @bci javafx/scene/control/skin/ComboBoxListViewSkin createListView ()Ljavafx/scene/control/ListView; 91 <appendix> member <vmtarget> ; # javafx/scene/control/skin/ComboBoxListViewSkin$$Lambda+0x000001de143e6fe0
instanceKlass  @bci javafx/scene/control/skin/ComboBoxListViewSkin lambda$createListView$12 (Lcom/sun/javafx/scene/control/ListenerHelper;Ljavafx/beans/value/ObservableValue;Ljavafx/scene/control/SingleSelectionModel;Ljavafx/scene/control/SingleSelectionModel;)V 29 <appendix> member <vmtarget> ; # javafx/scene/control/skin/ComboBoxListViewSkin$$Lambda+0x000001de143e6db8
instanceKlass  @bci javafx/scene/control/skin/ComboBoxListViewSkin createListView ()Ljavafx/scene/control/ListView; 77 <appendix> member <vmtarget> ; # javafx/scene/control/skin/ComboBoxListViewSkin$$Lambda+0x000001de143e6b90
instanceKlass  @bci javafx/scene/control/skin/ComboBoxListViewSkin createListView ()Ljavafx/scene/control/ListView; 53 <appendix> member <vmtarget> ; # javafx/scene/control/skin/ComboBoxListViewSkin$$Lambda+0x000001de143e6968
instanceKlass  @bci javafx/scene/control/skin/ComboBoxListViewSkin$3 <init> (Ljavafx/scene/control/skin/ComboBoxListViewSkin;)V 32 <appendix> member <vmtarget> ; # javafx/scene/control/skin/ComboBoxListViewSkin$3$$Lambda+0x000001de143e6740
instanceKlass  @bci javafx/scene/control/skin/ComboBoxListViewSkin <init> (Ljavafx/scene/control/ComboBox;)V 89 <appendix> member <vmtarget> ; # javafx/scene/control/skin/ComboBoxListViewSkin$$Lambda+0x000001de143e6518
instanceKlass  @bci com/sun/javafx/scene/control/behavior/ComboBoxListViewBehavior <init> (Ljavafx/scene/control/ComboBox;)V 51 <appendix> member <vmtarget> ; # com/sun/javafx/scene/control/behavior/ComboBoxListViewBehavior$$Lambda+0x000001de143e62f0
instanceKlass  @bci com/sun/javafx/scene/control/behavior/ComboBoxListViewBehavior <init> (Ljavafx/scene/control/ComboBox;)V 32 <appendix> member <vmtarget> ; # com/sun/javafx/scene/control/behavior/ComboBoxListViewBehavior$$Lambda+0x000001de143e60c8
instanceKlass  @bci com/sun/javafx/scene/control/behavior/ComboBoxBaseBehavior <init> (Ljavafx/scene/control/ComboBoxBase;)V 326 <appendix> member <vmtarget> ; # com/sun/javafx/scene/control/behavior/ComboBoxBaseBehavior$$Lambda+0x000001de143e5ea0
instanceKlass  @bci com/sun/javafx/scene/control/behavior/ComboBoxBaseBehavior <init> (Ljavafx/scene/control/ComboBoxBase;)V 306 <appendix> member <vmtarget> ; # com/sun/javafx/scene/control/behavior/ComboBoxBaseBehavior$$Lambda+0x000001de143e5c78
instanceKlass  @bci com/sun/javafx/scene/control/behavior/ComboBoxBaseBehavior <init> (Ljavafx/scene/control/ComboBoxBase;)V 286 <appendix> member <vmtarget> ; # com/sun/javafx/scene/control/behavior/ComboBoxBaseBehavior$$Lambda+0x000001de143e5a50
instanceKlass  @bci com/sun/javafx/scene/control/behavior/ComboBoxBaseBehavior <init> (Ljavafx/scene/control/ComboBoxBase;)V 266 <appendix> member <vmtarget> ; # com/sun/javafx/scene/control/behavior/ComboBoxBaseBehavior$$Lambda+0x000001de143e5828
instanceKlass  @bci com/sun/javafx/scene/control/behavior/ComboBoxBaseBehavior <init> (Ljavafx/scene/control/ComboBoxBase;)V 246 <appendix> member <vmtarget> ; # com/sun/javafx/scene/control/behavior/ComboBoxBaseBehavior$$Lambda+0x000001de143e5600
instanceKlass  @bci com/sun/javafx/scene/control/behavior/ComboBoxBaseBehavior <init> (Ljavafx/scene/control/ComboBoxBase;)V 223 <appendix> member <vmtarget> ; # com/sun/javafx/scene/control/behavior/ComboBoxBaseBehavior$$Lambda+0x000001de143e53d8
instanceKlass  @bci com/sun/javafx/scene/control/behavior/ComboBoxBaseBehavior <init> (Ljavafx/scene/control/ComboBoxBase;)V 197 <appendix> member <vmtarget> ; # com/sun/javafx/scene/control/behavior/ComboBoxBaseBehavior$$Lambda+0x000001de143e51b0
instanceKlass  @bci com/sun/javafx/scene/control/behavior/ComboBoxBaseBehavior <init> (Ljavafx/scene/control/ComboBoxBase;)V 172 <appendix> member <vmtarget> ; # com/sun/javafx/scene/control/behavior/ComboBoxBaseBehavior$$Lambda+0x000001de143e4f88
instanceKlass  @bci com/sun/javafx/scene/control/behavior/ComboBoxBaseBehavior <init> (Ljavafx/scene/control/ComboBoxBase;)V 150 <appendix> member <vmtarget> ; # com/sun/javafx/scene/control/behavior/ComboBoxBaseBehavior$$Lambda+0x000001de143e4d60
instanceKlass  @bci com/sun/javafx/scene/control/behavior/ComboBoxBaseBehavior <init> (Ljavafx/scene/control/ComboBoxBase;)V 128 <appendix> member <vmtarget> ; # com/sun/javafx/scene/control/behavior/ComboBoxBaseBehavior$$Lambda+0x000001de143e4b38
instanceKlass  @bci com/sun/javafx/scene/control/behavior/ComboBoxBaseBehavior <init> (Ljavafx/scene/control/ComboBoxBase;)V 34 <appendix> member <vmtarget> ; # com/sun/javafx/scene/control/behavior/ComboBoxBaseBehavior$$Lambda+0x000001de143e4910
instanceKlass  @bci com/sun/javafx/scene/control/behavior/ComboBoxBaseBehavior <init> (Ljavafx/scene/control/ComboBoxBase;)V 7 <appendix> member <vmtarget> ; # com/sun/javafx/scene/control/behavior/ComboBoxBaseBehavior$$Lambda+0x000001de143e46e8
instanceKlass javafx/scene/control/skin/ComboBoxListViewSkin$1
instanceKlass  @bci javafx/scene/control/skin/ComboBoxPopupControl <init> (Ljavafx/scene/control/ComboBoxBase;)V 112 <appendix> member <vmtarget> ; # javafx/scene/control/skin/ComboBoxPopupControl$$Lambda+0x000001de143e4290
instanceKlass  @bci javafx/scene/control/skin/ComboBoxPopupControl <init> (Ljavafx/scene/control/ComboBoxBase;)V 94 <appendix> member <vmtarget> ; # javafx/scene/control/skin/ComboBoxPopupControl$$Lambda+0x000001de143e4068
instanceKlass  @bci javafx/scene/control/skin/ComboBoxPopupControl <init> (Ljavafx/scene/control/ComboBoxBase;)V 27 <appendix> member <vmtarget> ; # javafx/scene/control/skin/ComboBoxPopupControl$$Lambda+0x000001de143e3e40
instanceKlass  @bci javafx/scene/control/skin/ComboBoxPopupControl <init> (Ljavafx/scene/control/ComboBoxBase;)V 17 <appendix> member <vmtarget> ; # javafx/scene/control/skin/ComboBoxPopupControl$$Lambda+0x000001de143e3c18
instanceKlass  @bci javafx/scene/control/skin/ComboBoxBaseSkin <init> (Ljavafx/scene/control/ComboBoxBase;)V 286 <appendix> member <vmtarget> ; # javafx/scene/control/skin/ComboBoxBaseSkin$$Lambda+0x000001de143e39e0
instanceKlass  @bci javafx/scene/control/skin/ComboBoxBaseSkin <init> (Ljavafx/scene/control/ComboBoxBase;)V 271 <appendix> member <vmtarget> ; # javafx/scene/control/skin/ComboBoxBaseSkin$$Lambda+0x000001de143e37a8
instanceKlass  @bci javafx/scene/control/skin/ComboBoxBaseSkin <init> (Ljavafx/scene/control/ComboBoxBase;)V 256 <appendix> member <vmtarget> ; # javafx/scene/control/skin/ComboBoxBaseSkin$$Lambda+0x000001de143e3570
instanceKlass  @bci javafx/scene/control/skin/ComboBoxBaseSkin <init> (Ljavafx/scene/control/ComboBoxBase;)V 237 <appendix> member <vmtarget> ; # javafx/scene/control/skin/ComboBoxBaseSkin$$Lambda+0x000001de143e3348
instanceKlass  @bci javafx/scene/control/skin/ComboBoxBaseSkin <init> (Ljavafx/scene/control/ComboBoxBase;)V 44 <appendix> member <vmtarget> ; # javafx/scene/control/skin/ComboBoxBaseSkin$$Lambda+0x000001de143e3120
instanceKlass  @bci javafx/scene/control/skin/ComboBoxBaseSkin <init> (Ljavafx/scene/control/ComboBoxBase;)V 34 <appendix> member <vmtarget> ; # javafx/scene/control/skin/ComboBoxBaseSkin$$Lambda+0x000001de143e2ef8
instanceKlass  @bci javafx/scene/control/skin/ComboBoxBaseSkin <init> (Ljavafx/scene/control/ComboBoxBase;)V 24 <appendix> member <vmtarget> ; # javafx/scene/control/skin/ComboBoxBaseSkin$$Lambda+0x000001de143e2cd0
instanceKlass  @bci javafx/scene/control/skin/ComboBoxBaseSkin <init> (Ljavafx/scene/control/ComboBoxBase;)V 14 <appendix> member <vmtarget> ; # javafx/scene/control/skin/ComboBoxBaseSkin$$Lambda+0x000001de143e2aa8
instanceKlass  @bci com/example/commonlisp_ide/DesignWindow initialize ()V 368 <appendix> member <vmtarget> ; # com/example/commonlisp_ide/DesignWindow$$Lambda+0x000001de143e0678
instanceKlass  @bci com/example/commonlisp_ide/DesignWindow initialize ()V 340 <appendix> member <vmtarget> ; # com/example/commonlisp_ide/DesignWindow$$Lambda+0x000001de143e0450
instanceKlass  @bci com/example/commonlisp_ide/DesignWindow initialize ()V 264 <appendix> member <vmtarget> ; # com/example/commonlisp_ide/DesignWindow$$Lambda+0x000001de143e0228
instanceKlass  @bci com/example/commonlisp_ide/DesignWindow initialize ()V 194 <appendix> member <vmtarget> ; # com/example/commonlisp_ide/DesignWindow$$Lambda+0x000001de143e0000
# instanceKlass java/lang/invoke/LambdaForm$MH+0x000001de143c5400
instanceKlass  @bci javafx/scene/control/ComboBox <init> (Ljavafx/collections/ObservableList;)V 183 <appendix> member <vmtarget> ; # javafx/scene/control/ComboBox$$Lambda+0x000001de143c5c50
instanceKlass  @bci javafx/scene/control/ComboBox <init> (Ljavafx/collections/ObservableList;)V 170 <appendix> member <vmtarget> ; # javafx/scene/control/ComboBox$$Lambda+0x000001de143c5a28
instanceKlass  @bci javafx/scene/control/ComboBox <init> (Ljavafx/collections/ObservableList;)V 157 <appendix> member <vmtarget> ; # javafx/scene/control/ComboBox$$Lambda+0x000001de143c5800
instanceKlass javafx/scene/control/ComboBox$ComboBoxSelectionModel$1
instanceKlass  @bci javafx/scene/control/ComboBox$ComboBoxSelectionModel <init> (Ljavafx/scene/control/ComboBox;)V 71 <appendix> member <vmtarget> ; # javafx/scene/control/ComboBox$ComboBoxSelectionModel$$Lambda+0x000001de143dfa70
instanceKlass javafx/scene/control/ComboBox$ComboBoxSelectionModel$2
instanceKlass javafx/scene/control/ComboBox$3
instanceKlass  @bci javafx/scene/control/ComboBoxBase <init> ()V 143 <appendix> member <vmtarget> ; # javafx/scene/control/ComboBoxBase$$Lambda+0x000001de143df3e8
instanceKlass javafx/util/StringConverter
instanceKlass com/example/commonlisp_ide/DesignWindow
instanceKlass com/example/commonlisp_ide/CreateProject
instanceKlass  @bci javafx/scene/control/skin/MenuButtonSkinBase removeMnemonicsFromScene (Ljava/util/List;Ljavafx/scene/Scene;)V 17 <appendix> member <vmtarget> ; # javafx/scene/control/skin/MenuButtonSkinBase$$Lambda+0x000001de143d4890
instanceKlass  @bci com/sun/javafx/tk/quantum/SceneState uploadPixels (Lcom/sun/prism/PixelSource;)V 2 <appendix> member <vmtarget> ; # com/sun/javafx/tk/quantum/SceneState$$Lambda+0x000001de143d4668
instanceKlass  @bci javafx/stage/PopupWindow bindOwnerFocusedProperty (Ljavafx/stage/Window;)V 2 <appendix> member <vmtarget> ; # javafx/stage/PopupWindow$$Lambda+0x000001de143d4178
instanceKlass com/sun/glass/ui/Window$TrackingRectangle
instanceKlass com/sun/glass/ui/Window$UndecoratedMoveResizeHelper
instanceKlass com/sun/prism/impl/QueuedPixelSource
instanceKlass com/sun/prism/PixelSource
instanceKlass  @bci com/sun/javafx/scene/TreeShowingProperty <init> (Ljavafx/scene/Node;)V 26 <appendix> member <vmtarget> ; # com/sun/javafx/scene/TreeShowingProperty$$Lambda+0x000001de143d3660
instanceKlass  @bci com/sun/javafx/scene/TreeShowingProperty <init> (Ljavafx/scene/Node;)V 16 <appendix> member <vmtarget> ; # com/sun/javafx/scene/TreeShowingProperty$$Lambda+0x000001de143d3438
instanceKlass  @bci com/sun/javafx/scene/TreeShowingProperty <init> (Ljavafx/scene/Node;)V 6 <appendix> member <vmtarget> ; # com/sun/javafx/scene/TreeShowingProperty$$Lambda+0x000001de143d3210
instanceKlass  @bci com/sun/javafx/util/Utils hasFullScreenStage (Ljavafx/stage/Screen;)Z 0 <appendix> argL0 ; # com/sun/javafx/util/Utils$$Lambda+0x000001de143cfc60
instanceKlass com/sun/javafx/scene/control/ContextMenuContent$StyleableProperties
instanceKlass  @bci com/sun/javafx/scene/control/ContextMenuContent$MenuItemContainer <init> (Lcom/sun/javafx/scene/control/ContextMenuContent;Ljavafx/scene/control/MenuItem;)V 306 <appendix> member <vmtarget> ; # com/sun/javafx/scene/control/ContextMenuContent$MenuItemContainer$$Lambda+0x000001de143cdb98
instanceKlass  @bci com/sun/javafx/scene/control/ContextMenuContent$MenuItemContainer <init> (Lcom/sun/javafx/scene/control/ContextMenuContent;Ljavafx/scene/control/MenuItem;)V 295 <appendix> member <vmtarget> ; # com/sun/javafx/scene/control/ContextMenuContent$MenuItemContainer$$Lambda+0x000001de143cd960
instanceKlass  @bci com/sun/javafx/scene/control/ContextMenuContent$MenuItemContainer <init> (Lcom/sun/javafx/scene/control/ContextMenuContent;Ljavafx/scene/control/MenuItem;)V 265 <appendix> member <vmtarget> ; # com/sun/javafx/scene/control/ContextMenuContent$MenuItemContainer$$Lambda+0x000001de143cd728
instanceKlass  @bci com/sun/javafx/scene/control/ContextMenuContent$MenuItemContainer createChildren ()V 694 <appendix> member <vmtarget> ; # com/sun/javafx/scene/control/ContextMenuContent$MenuItemContainer$$Lambda+0x000001de143cd4f0
instanceKlass  @bci com/sun/javafx/scene/control/ContextMenuContent$MenuItemContainer createChildren ()V 638 <appendix> member <vmtarget> ; # com/sun/javafx/scene/control/ContextMenuContent$MenuItemContainer$$Lambda+0x000001de143cd2c8
instanceKlass  @bci com/sun/javafx/scene/control/ContextMenuContent$MenuItemContainer createChildren ()V 607 <appendix> member <vmtarget> ; # com/sun/javafx/scene/control/ContextMenuContent$MenuItemContainer$$Lambda+0x000001de143cd0a0
instanceKlass  @bci com/sun/javafx/scene/control/ContextMenuContent$MenuItemContainer createChildren ()V 371 <appendix> member <vmtarget> ; # com/sun/javafx/scene/control/ContextMenuContent$MenuItemContainer$$Lambda+0x000001de143cce68
instanceKlass  @bci com/sun/javafx/scene/control/ContextMenuContent$MenuItemContainer createChildren ()V 293 <appendix> member <vmtarget> ; # com/sun/javafx/scene/control/ContextMenuContent$MenuItemContainer$$Lambda+0x000001de143ccc40
instanceKlass  @bci com/sun/javafx/scene/control/ContextMenuContent initialize ()V 33 <appendix> member <vmtarget> ; # com/sun/javafx/scene/control/ContextMenuContent$$Lambda+0x000001de143cb4a0
instanceKlass com/sun/javafx/scene/control/ContextMenuContent$1
instanceKlass  @bci com/sun/javafx/scene/control/ContextMenuContent initialize ()V 8 <appendix> member <vmtarget> ; # com/sun/javafx/scene/control/ContextMenuContent$$Lambda+0x000001de143cb040
instanceKlass  @bci com/sun/javafx/scene/control/ContextMenuContent$ArrowMenuItem <init> (Lcom/sun/javafx/scene/control/ContextMenuContent;Lcom/sun/javafx/scene/control/ContextMenuContent;)V 109 <appendix> member <vmtarget> ; # com/sun/javafx/scene/control/ContextMenuContent$ArrowMenuItem$$Lambda+0x000001de143cae18
instanceKlass  @bci com/sun/javafx/scene/control/ContextMenuContent$ArrowMenuItem <init> (Lcom/sun/javafx/scene/control/ContextMenuContent;Lcom/sun/javafx/scene/control/ContextMenuContent;)V 96 <appendix> member <vmtarget> ; # com/sun/javafx/scene/control/ContextMenuContent$ArrowMenuItem$$Lambda+0x000001de143cabf0
instanceKlass  @bci com/sun/javafx/scene/control/ContextMenuContent <init> (Ljavafx/scene/control/ContextMenu;)V 106 <appendix> member <vmtarget> ; # com/sun/javafx/scene/control/ContextMenuContent$$Lambda+0x000001de143ca9c8
instanceKlass  @bci com/sun/javafx/scene/control/ContextMenuContent <init> (Ljavafx/scene/control/ContextMenu;)V 96 <appendix> member <vmtarget> ; # com/sun/javafx/scene/control/ContextMenuContent$$Lambda+0x000001de143ca7a0
instanceKlass  @bci com/sun/javafx/scene/control/ContextMenuContent <init> (Ljavafx/scene/control/ContextMenu;)V 86 <appendix> member <vmtarget> ; # com/sun/javafx/scene/control/ContextMenuContent$$Lambda+0x000001de143ca578
instanceKlass  @bci com/sun/javafx/scene/control/ContextMenuContent <init> (Ljavafx/scene/control/ContextMenu;)V 76 <appendix> member <vmtarget> ; # com/sun/javafx/scene/control/ContextMenuContent$$Lambda+0x000001de143ca350
instanceKlass  @bci com/sun/javafx/scene/control/ContextMenuContent <init> (Ljavafx/scene/control/ContextMenu;)V 46 <appendix> member <vmtarget> ; # com/sun/javafx/scene/control/ContextMenuContent$$Lambda+0x000001de143ca128
instanceKlass javafx/scene/control/skin/ContextMenuSkin$5
instanceKlass javafx/scene/control/skin/ContextMenuSkin$4
instanceKlass javafx/scene/control/skin/ContextMenuSkin$3
instanceKlass javafx/scene/control/skin/ContextMenuSkin$2
instanceKlass javafx/scene/control/skin/ContextMenuSkin$1
instanceKlass javafx/scene/control/skin/ContextMenuSkin
instanceKlass  @bci org/fxmisc/flowless/Navigator cropToNeighborhoodOf (ID)V 72 <appendix> member <vmtarget> ; # org/fxmisc/flowless/Navigator$$Lambda+0x000001de143c68f8
instanceKlass  @bci org/fxmisc/flowless/Navigator cropToNeighborhoodOf (ID)V 43 <appendix> form vmentry <vmtarget> ; # java/lang/invoke/LambdaForm$DMH+0x000001de143c5000
instanceKlass  @bci org/fxmisc/flowless/Navigator cropToNeighborhoodOf (ID)V 43 <appendix> member <vmtarget> ; # org/fxmisc/flowless/Navigator$$Lambda+0x000001de143c66b8
instanceKlass  @cpi org/fxmisc/flowless/Navigator 409 form vmentry <vmtarget> ; # java/lang/invoke/LambdaForm$DMH+0x000001de143c4c00
instanceKlass  @bci org/fxmisc/flowless/CellPositioner getCellIfVisible (I)Ljava/util/Optional; 8 <appendix> argL0 ; # org/fxmisc/flowless/CellPositioner$$Lambda+0x000001de143c6468
instanceKlass org/fxmisc/flowless/Offset
instanceKlass org/fxmisc/flowless/MinDistanceTo
instanceKlass jdk/internal/util/regex/IndicConjunctBreak
instanceKlass jdk/internal/util/regex/Grapheme
instanceKlass java/text/BreakIterator$BreakIteratorCache
instanceKlass sun/util/locale/provider/BreakIteratorProviderImpl$CharacterIteratorCharSequence
instanceKlass java/text/StringCharacterIterator
instanceKlass java/text/BreakIterator
# instanceKlass java/lang/invoke/LambdaForm$MH+0x000001de143c4800
instanceKlass  @bci org/reactfx/util/FingerTree$NonEmptyFingerTree lambda$prependTree$7 (Lorg/reactfx/util/Tuple2;)Lorg/reactfx/util/FingerTree$NonEmptyFingerTree; 1 <appendix> argL0 ; # org/reactfx/util/FingerTree$NonEmptyFingerTree$$Lambda+0x000001de143c3db0
instanceKlass  @bci org/reactfx/util/FingerTree$Branch lambda$null$17 (Lorg/reactfx/util/FingerTree$NonEmptyFingerTree;Lorg/reactfx/util/FingerTree$NonEmptyFingerTree;Lorg/reactfx/util/Tuple2;)Lorg/reactfx/util/Tuple2; 1 <appendix> argL0 ; # org/reactfx/util/FingerTree$Branch$$Lambda+0x000001de143c3b80
instanceKlass  @bci org/fxmisc/richtext/model/StyleSpansBuilder$StyleSpansImpl length ()I 18 <appendix> argL0 ; # org/fxmisc/richtext/model/StyleSpansBuilder$StyleSpansImpl$$Lambda+0x000001de143c3960
instanceKlass  @cpi org/fxmisc/richtext/model/StyleSpansBuilder$StyleSpansImpl 72 form vmentry <vmtarget> ; # java/lang/invoke/LambdaForm$DMH+0x000001de143c4400
instanceKlass org/fxmisc/richtext/model/StyleSpansBuilder
instanceKlass org/fxmisc/richtext/model/StyleSpans$1
instanceKlass org/reactfx/util/FingerTree$Branch$1$1
instanceKlass  @bci org/fxmisc/richtext/model/GenericEditableStyledDocumentBase replace (IILorg/fxmisc/richtext/model/StyledDocument;)V 14 <appendix> member <vmtarget> ; # org/fxmisc/richtext/model/GenericEditableStyledDocumentBase$$Lambda+0x000001de143c27a0
instanceKlass  @bci org/reactfx/util/FingerTree$Branch lambda$null$9 (Lorg/reactfx/util/FingerTree$NonEmptyFingerTree;Lorg/reactfx/util/FingerTree$NonEmptyFingerTree;Lorg/reactfx/util/Tuple2;)Lorg/reactfx/util/Tuple2; 6 <appendix> argL0 ; # org/reactfx/util/FingerTree$Branch$$Lambda+0x000001de143c2570
instanceKlass  @bci org/reactfx/util/FingerTree$Branch split0 (ILorg/reactfx/util/LL;)Lorg/reactfx/util/Tuple2; 69 <appendix> member <vmtarget> ; # org/reactfx/util/FingerTree$Branch$$Lambda+0x000001de143c1f90
instanceKlass  @bci org/reactfx/util/FingerTree$Branch locate0 (Ljava/util/function/BiFunction;ILorg/reactfx/util/LL;)Lorg/reactfx/util/BiIndex; 40 <appendix> member <vmtarget> ; # org/reactfx/util/FingerTree$Branch$$Lambda+0x000001de143c1d48
instanceKlass  @bci org/reactfx/util/FingerTree$Branch locate0 (Ljava/util/function/BiFunction;ILorg/reactfx/util/LL;)Lorg/reactfx/util/BiIndex; 30 <appendix> member <vmtarget> ; # org/reactfx/util/FingerTree$Branch$$Lambda+0x000001de143c1b00
instanceKlass  @bci org/reactfx/util/FingerTree$Branch lambda$appendLte$10 (Lorg/reactfx/util/FingerTree;Lorg/reactfx/util/FingerTree$NonEmptyFingerTree;Lorg/reactfx/util/FingerTree$NonEmptyFingerTree;Lorg/reactfx/util/FingerTree$NonEmptyFingerTree;)Lorg/reactfx/util/Either; 19 <appendix> member <vmtarget> ; # org/reactfx/util/FingerTree$Branch$$Lambda+0x000001de143c18b8
instanceKlass  @bci org/reactfx/util/FingerTree$Branch lambda$appendLte$10 (Lorg/reactfx/util/FingerTree;Lorg/reactfx/util/FingerTree$NonEmptyFingerTree;Lorg/reactfx/util/FingerTree$NonEmptyFingerTree;Lorg/reactfx/util/FingerTree$NonEmptyFingerTree;)Lorg/reactfx/util/Either; 7 <appendix> member <vmtarget> ; # org/reactfx/util/FingerTree$Branch$$Lambda+0x000001de143c1670
instanceKlass  @bci org/reactfx/util/FingerTree$Branch appendLte (Lorg/reactfx/util/FingerTree;)Lorg/reactfx/util/Either; 106 <appendix> member <vmtarget> ; # org/reactfx/util/FingerTree$Branch$$Lambda+0x000001de143c1438
instanceKlass  @bci org/reactfx/util/FingerTree$Branch lambda$prependLte$18 (Lorg/reactfx/util/FingerTree;Lorg/reactfx/util/FingerTree$NonEmptyFingerTree;Lorg/reactfx/util/FingerTree$NonEmptyFingerTree;Lorg/reactfx/util/FingerTree$NonEmptyFingerTree;)Lorg/reactfx/util/Either; 19 <appendix> member <vmtarget> ; # org/reactfx/util/FingerTree$Branch$$Lambda+0x000001de143c11f0
instanceKlass  @bci org/reactfx/util/FingerTree$Branch lambda$prependLte$18 (Lorg/reactfx/util/FingerTree;Lorg/reactfx/util/FingerTree$NonEmptyFingerTree;Lorg/reactfx/util/FingerTree$NonEmptyFingerTree;Lorg/reactfx/util/FingerTree$NonEmptyFingerTree;)Lorg/reactfx/util/Either; 7 <appendix> member <vmtarget> ; # org/reactfx/util/FingerTree$Branch$$Lambda+0x000001de143c0fa8
instanceKlass  @bci org/reactfx/util/FingerTree$Branch lambda$null$13 (Lorg/reactfx/util/FingerTree$NonEmptyFingerTree;Lorg/reactfx/util/Tuple2;)Lorg/reactfx/util/Either; 2 <appendix> member <vmtarget> ; # org/reactfx/util/FingerTree$Branch$$Lambda+0x000001de143c0d70
instanceKlass  @bci org/reactfx/util/FingerTree$Branch lambda$prependLte$14 (Lorg/reactfx/util/FingerTree;Lorg/reactfx/util/FingerTree$NonEmptyFingerTree;Lorg/reactfx/util/FingerTree$NonEmptyFingerTree;)Lorg/reactfx/util/Either; 12 <appendix> member <vmtarget> ; # org/reactfx/util/FingerTree$Branch$$Lambda+0x000001de143c0b28
instanceKlass  @bci org/reactfx/util/FingerTree$Branch lambda$prependLte$14 (Lorg/reactfx/util/FingerTree;Lorg/reactfx/util/FingerTree$NonEmptyFingerTree;Lorg/reactfx/util/FingerTree$NonEmptyFingerTree;)Lorg/reactfx/util/Either; 6 <appendix> member <vmtarget> ; # org/reactfx/util/FingerTree$Branch$$Lambda+0x000001de143c08e0
instanceKlass  @bci org/reactfx/util/TriFunction pApply (Ljava/lang/Object;)Ljava/util/function/BiFunction; 2 <appendix> member <vmtarget> ; # org/reactfx/util/TriFunction$$Lambda+0x000001de143c06a8
instanceKlass  @cpi org/reactfx/util/TriFunction 33 form vmentry <vmtarget> ; # java/lang/invoke/LambdaForm$DMH+0x000001de143c4000
instanceKlass  @bci org/reactfx/util/FingerTree$Branch prependLte (Lorg/reactfx/util/FingerTree;)Lorg/reactfx/util/Either; 106 <appendix> member <vmtarget> ; # org/reactfx/util/FingerTree$Branch$$Lambda+0x000001de143c0470
instanceKlass  @bci org/reactfx/util/FingerTree$Branch prependLte (Lorg/reactfx/util/FingerTree;)Lorg/reactfx/util/Either; 64 <appendix> member <vmtarget> ; # org/reactfx/util/FingerTree$Branch$$Lambda+0x000001de143c0238
instanceKlass  @bci org/reactfx/util/FingerTree$Branch lambda$null$5 (Lorg/reactfx/util/FingerTree$NonEmptyFingerTree;Lorg/reactfx/util/Tuple2;)Lorg/reactfx/util/Either; 2 <appendix> member <vmtarget> ; # org/reactfx/util/FingerTree$Branch$$Lambda+0x000001de143c0000
instanceKlass  @bci org/reactfx/util/FingerTree$Branch lambda$appendLte$6 (Lorg/reactfx/util/FingerTree;Lorg/reactfx/util/FingerTree$NonEmptyFingerTree;Lorg/reactfx/util/FingerTree$NonEmptyFingerTree;)Lorg/reactfx/util/Either; 12 <appendix> member <vmtarget> ; # org/reactfx/util/FingerTree$Branch$$Lambda+0x000001de143bbc78
instanceKlass  @bci org/reactfx/util/FingerTree$Branch lambda$appendLte$6 (Lorg/reactfx/util/FingerTree;Lorg/reactfx/util/FingerTree$NonEmptyFingerTree;Lorg/reactfx/util/FingerTree$NonEmptyFingerTree;)Lorg/reactfx/util/Either; 6 <appendix> member <vmtarget> ; # org/reactfx/util/FingerTree$Branch$$Lambda+0x000001de143bba30
instanceKlass  @bci org/reactfx/util/FingerTree$Branch appendLte (Lorg/reactfx/util/FingerTree;)Lorg/reactfx/util/Either; 64 <appendix> member <vmtarget> ; # org/reactfx/util/FingerTree$Branch$$Lambda+0x000001de143bb7f8
instanceKlass  @bci org/reactfx/util/FingerTree$NonEmptyFingerTree lambda$appendTree$5 (Lorg/reactfx/util/Tuple2;)Lorg/reactfx/util/FingerTree$NonEmptyFingerTree; 1 <appendix> argL0 ; # org/reactfx/util/FingerTree$NonEmptyFingerTree$$Lambda+0x000001de143bb5c8
instanceKlass  @bci org/reactfx/util/FingerTree concat (Lorg/reactfx/util/LL$Cons;)Lorg/reactfx/util/FingerTree; 13 <appendix> argL0 ; # org/reactfx/util/FingerTree$$Lambda+0x000001de143bb398
instanceKlass  @bci org/reactfx/util/FingerTree$Branch split0 (ILorg/reactfx/util/LL;)Lorg/reactfx/util/Tuple2; 44 <appendix> member <vmtarget> ; # org/reactfx/util/FingerTree$Branch$$Lambda+0x000001de143bb160
instanceKlass  @bci org/fxmisc/richtext/model/ReadOnlyStyledDocument replace (IILorg/fxmisc/richtext/model/ReadOnlyStyledDocument;)Lorg/reactfx/util/Tuple3; 4 <appendix> member <vmtarget> ; # org/fxmisc/richtext/model/ReadOnlyStyledDocument$$Lambda+0x000001de143ba8f8
instanceKlass  @bci org/reactfx/util/LL$Cons mapReduce1 (Ljava/util/function/Function;Ljava/util/function/BinaryOperator;)Ljava/lang/Object; 18 <appendix> member <vmtarget> ; # org/reactfx/util/LL$Cons$$Lambda+0x000001de143ba6c0
instanceKlass  @bci org/reactfx/util/FingerTree$Branch <init> (Lorg/reactfx/util/LL$Cons;)V 136 <appendix> member <vmtarget> ; # org/reactfx/util/FingerTree$Branch$$Lambda+0x000001de143ba470
instanceKlass  @cpi org/reactfx/util/FingerTree$Branch 398 form vmentry <vmtarget> ; # java/lang/invoke/LambdaForm$DMH+0x000001de143b9c00
instanceKlass  @bci org/reactfx/util/FingerTree$Branch <init> (Lorg/reactfx/util/LL$Cons;)V 122 <appendix> argL0 ; # org/reactfx/util/FingerTree$Branch$$Lambda+0x000001de143ba230
instanceKlass  @bci org/reactfx/util/FingerTree$Branch <init> (Lorg/reactfx/util/LL$Cons;)V 103 <appendix> argL0 ; # org/reactfx/util/FingerTree$Branch$$Lambda+0x000001de143ba000
instanceKlass org/fxmisc/richtext/model/TwoLevelNavigator$Pos
instanceKlass com/sun/glass/ui/win/WinSystemClipboard$MimeTypeParser
instanceKlass javafx/scene/input/DataFormat
instanceKlass org/fxmisc/richtext/ClipboardHelper
instanceKlass org/fxmisc/richtext/model/ReadOnlyStyledDocument$3
instanceKlass org/fxmisc/richtext/model/ReadOnlyStyledDocument$2
instanceKlass java/io/ObjectOutput
instanceKlass java/io/ObjectInput
instanceKlass com/sun/javafx/tk/quantum/QuantumClipboard
instanceKlass com/sun/javafx/tk/PermissionHelper
instanceKlass com/sun/javafx/scene/input/ClipboardHelper
instanceKlass javafx/scene/input/Clipboard$1
instanceKlass com/sun/javafx/scene/input/ClipboardHelper$ClipboardAccessor
instanceKlass com/sun/javafx/scene/input/KeyCodeMap
instanceKlass  @bci com/sun/javafx/tk/quantum/GlassViewEventHandler handleKeyEvent (Lcom/sun/glass/ui/View;JII[CI)V 53 <appendix> member <vmtarget> ; # com/sun/javafx/tk/quantum/GlassViewEventHandler$$Lambda+0x000001de143bdeb8
instanceKlass com/sun/javafx/geometry/BoundsUtils
instanceKlass org/fxmisc/richtext/GenericStyledAreaBehavior$1
instanceKlass  @bci org/fxmisc/richtext/CaretNode moveTo (I)V 2 <appendix> member <vmtarget> ; # org/fxmisc/richtext/CaretNode$$Lambda+0x000001de143bd880
instanceKlass  @bci org/fxmisc/richtext/SelectionImpl selectRange (Ljavafx/scene/control/IndexRange;)V 2 <appendix> member <vmtarget> ; # org/fxmisc/richtext/SelectionImpl$$Lambda+0x000001de143bd658
instanceKlass  @bci org/fxmisc/richtext/CaretSelectionBindImpl doSelect (IIZ)V 5 <adapter> ; # java/lang/invoke/LambdaForm$MH+0x000001de143b9800
# instanceKlass java/lang/invoke/LambdaForm$DMH+0x000001de143b9400
instanceKlass  @bci org/fxmisc/richtext/CaretSelectionBindImpl doSelect (IIZ)V 5 <appendix> form vmentry <vmtarget> ; # java/lang/invoke/LambdaForm$DMH+0x000001de143b9000
instanceKlass  @bci org/fxmisc/richtext/CaretSelectionBindImpl doSelect (IIZ)V 5 <appendix> member <vmtarget> ; # org/fxmisc/richtext/CaretSelectionBindImpl$$Lambda+0x000001de143bd430
instanceKlass  @cpi org/fxmisc/richtext/CaretSelectionBindImpl 562 form vmentry <vmtarget> ; # java/lang/invoke/LambdaForm$DMH+0x000001de143b8c00
instanceKlass org/fxmisc/richtext/CaretSelectionBindImpl$1
instanceKlass com/sun/javafx/scene/text/TextLayout$Hit
instanceKlass  @bci org/fxmisc/richtext/TextFlowLayout getLineSpan (F)Lorg/fxmisc/richtext/TextFlowSpan; 24 <appendix> form vmentry <vmtarget> ; # java/lang/invoke/LambdaForm$DMH+0x000001de143b8800
instanceKlass  @bci org/fxmisc/richtext/TextFlowLayout getLineSpan (F)Lorg/fxmisc/richtext/TextFlowSpan; 24 <appendix> member <vmtarget> ; # org/fxmisc/richtext/TextFlowLayout$$Lambda+0x000001de143bcdb8
instanceKlass  @cpi org/fxmisc/richtext/TextFlowLayout 175 form vmentry <vmtarget> ; # java/lang/invoke/LambdaForm$DMH+0x000001de143b8400
instanceKlass org/fxmisc/flowless/VirtualFlowHit
instanceKlass  @bci org/reactfx/InputHandlerBuilder lambda$null$1 (Ljava/util/function/Consumer;Ljava/util/function/BiFunction;Ljava/lang/Object;)V 3 <appendix> member <vmtarget> ; # org/reactfx/InputHandlerBuilder$$Lambda+0x000001de143bc238
instanceKlass  @bci org/reactfx/DefaultEventStream observeInputs ()Lorg/reactfx/Subscription; 23 <appendix> member <vmtarget> ; # org/reactfx/DefaultEventStream$$Lambda+0x000001de143bc000
instanceKlass  @bci org/reactfx/EventStreams$18 observeInputs ()Lorg/reactfx/Subscription; 42 <appendix> member <vmtarget> ; # org/reactfx/EventStreams$18$$Lambda+0x000001de143b1d50
instanceKlass  @cpi org/reactfx/EventStreams$18 67 form vmentry <vmtarget> ; # java/lang/invoke/LambdaForm$DMH+0x000001de143b8000
instanceKlass  @bci org/reactfx/EventStreams$1 observeInputs ()Lorg/reactfx/Subscription; 22 <appendix> member <vmtarget> ; # org/reactfx/EventStreams$1$$Lambda+0x000001de143b1b18
instanceKlass  @bci org/reactfx/EventStreams$1 observeInputs ()Lorg/reactfx/Subscription; 1 <appendix> member <vmtarget> ; # org/reactfx/EventStreams$1$$Lambda+0x000001de143b18f0
instanceKlass  @bci org/reactfx/EventStreams$21 lambda$observeInputs$0 (Lorg/reactfx/EventStream;)Lorg/reactfx/Subscription; 2 <appendix> member <vmtarget> ; # org/reactfx/EventStreams$21$$Lambda+0x000001de143b16b8
instanceKlass  @bci org/reactfx/EventStreams$21 observeInputs ()Lorg/reactfx/Subscription; 1 <appendix> member <vmtarget> ; # org/reactfx/EventStreams$21$$Lambda+0x000001de143b1470
instanceKlass  @bci org/reactfx/EventStreams$18 observeInputs ()Lorg/reactfx/Subscription; 20 <appendix> member <vmtarget> ; # org/reactfx/EventStreams$18$$Lambda+0x000001de143b1238
instanceKlass  @bci org/reactfx/InputHandlerBuilder lambda$null$2 (Lorg/reactfx/EventStream;Ljava/util/function/Consumer;Ljava/util/function/BiFunction;)Lorg/reactfx/Subscription; 3 <appendix> member <vmtarget> ; # org/reactfx/InputHandlerBuilder$$Lambda+0x000001de143b1000
instanceKlass  @bci org/reactfx/Subscription multi (Ljava/util/function/Function;[Ljava/lang/Object;)Lorg/reactfx/Subscription; 10 <appendix> argL0 ; # org/reactfx/Subscription$$Lambda+0x000001de143b3d10
instanceKlass  @bci org/reactfx/StateStream observeInputs ()Lorg/reactfx/Subscription; 0 <appendix> argL0 ; # org/reactfx/StateStream$$Lambda+0x000001de143b3ad0
instanceKlass  @bci org/reactfx/InputHandlerBuilder lambda$new$3 (Lorg/reactfx/EventStream;Ljava/util/function/BiFunction;Ljava/util/function/Consumer;)Lorg/reactfx/InputHandler; 3 <appendix> member <vmtarget> ; # org/reactfx/InputHandlerBuilder$$Lambda+0x000001de143b38a8
instanceKlass  @bci org/reactfx/StateStream lambda$new$0 (Lorg/reactfx/TransitionBuilder;)Lorg/reactfx/InputHandler; 2 <appendix> member <vmtarget> ; # org/reactfx/StateStream$$Lambda+0x000001de143b3670
instanceKlass  @bci org/reactfx/StateStream <init> (Ljava/lang/Object;Lorg/reactfx/util/LL;)V 20 <appendix> argL0 ; # org/reactfx/StateStream$$Lambda+0x000001de143b3450
instanceKlass  @bci org/reactfx/StateStream <init> (Ljava/lang/Object;Lorg/reactfx/util/LL;)V 10 <appendix> member <vmtarget> ; # org/reactfx/StateStream$$Lambda+0x000001de143b3010
instanceKlass org/reactfx/util/LL$Cons$1
instanceKlass org/reactfx/util/LL$1
instanceKlass  @bci org/fxmisc/richtext/CaretNode booleanPulse (Ljavafx/util/Duration;Lorg/reactfx/EventStream;)Lorg/reactfx/EventStream; 52 <appendix> argL0 ; # org/fxmisc/richtext/CaretNode$$Lambda+0x000001de143b7db8
instanceKlass org/reactfx/ObservableStateBuilderImpl
instanceKlass  @bci org/reactfx/InputHandlerBuilder <init> (Lorg/reactfx/EventStream;Ljava/util/function/BiFunction;)V 7 <appendix> member <vmtarget> ; # org/reactfx/InputHandlerBuilder$$Lambda+0x000001de143b7b70
instanceKlass org/reactfx/InputHandler
instanceKlass org/reactfx/InputHandlerBuilder
instanceKlass  @bci org/fxmisc/richtext/CaretNode booleanPulse (Ljavafx/util/Duration;Lorg/reactfx/EventStream;)Lorg/reactfx/EventStream; 36 <appendix> argL0 ; # org/fxmisc/richtext/CaretNode$$Lambda+0x000001de143b7310
instanceKlass org/reactfx/StateMachine$StatefulStreamBuilder
instanceKlass org/reactfx/StateMachine$ObservableStateBuilder
instanceKlass org/reactfx/util/LL
instanceKlass org/reactfx/ObservableStateBuilderOnImpl
instanceKlass org/reactfx/StateMachine$ObservableStateBuilderOn
instanceKlass org/reactfx/InitialStateImpl
instanceKlass org/reactfx/StateMachine$InitialState
instanceKlass org/reactfx/StateMachine
instanceKlass  @bci org/reactfx/EventStreams$18 <init> (Ljava/time/Duration;Lorg/reactfx/EventStream;)V 20 <appendix> member <vmtarget> ; # org/reactfx/EventStreams$18$$Lambda+0x000001de143b5160
instanceKlass  @bci org/fxmisc/wellbehaved/event/template/PatternActionTemplate lambda$getInputHandlerTemplateMap$2 (Ljava/lang/Object;Ljavafx/event/Event;)Lorg/fxmisc/wellbehaved/event/InputHandler$Result; 12 <appendix> member <vmtarget> ; # org/fxmisc/wellbehaved/event/template/PatternActionTemplate$$Lambda+0x000001de143b4658
instanceKlass  @bci org/fxmisc/wellbehaved/event/EventPattern$2 match (Ljavafx/event/Event;)Ljava/util/Optional; 14 <appendix> member <vmtarget> ; # org/fxmisc/wellbehaved/event/EventPattern$2$$Lambda+0x000001de143b4410
instanceKlass org/fxmisc/wellbehaved/event/template/InputHandlerTemplateMap$2
instanceKlass org/fxmisc/wellbehaved/event/InputHandler$1
instanceKlass com/sun/javafx/geom/transform/TransformHelper
instanceKlass com/sun/prism/impl/ps/CachingShapeRepState$CSRDisposerRecord
instanceKlass com/sun/prism/impl/ps/CachingShapeRepState$MaskTexData
instanceKlass  @bci com/sun/prism/impl/ps/CachingShapeRepState$MaskCache <clinit> ()V 0 <appendix> argL0 ; # com/sun/prism/impl/ps/CachingShapeRepState$MaskCache$$Lambda+0x000001de143ae978
instanceKlass com/sun/prism/impl/ps/CachingShapeRepState$CacheEntry
instanceKlass com/sun/prism/impl/ps/CachingShapeRepState$MaskCache
instanceKlass com/sun/prism/impl/ps/CachingShapeRepState
instanceKlass com/sun/prism/impl/ps/CachingShapeRep
instanceKlass com/sun/prism/shader/Texture_LinearGradient_PAD_Loader
instanceKlass  @bci com/sun/scenario/effect/impl/BufferUtil nativeOrder (Ljava/nio/ByteBuffer;)V 12 <appendix> argL0 ; # com/sun/scenario/effect/impl/BufferUtil$$Lambda+0x000001de143adc60
instanceKlass com/sun/scenario/effect/impl/BufferUtil
# instanceKlass java/lang/invoke/LambdaForm$MH+0x000001de143b0c00
# instanceKlass java/lang/invoke/LambdaForm$MH+0x000001de143b0800
# instanceKlass java/lang/invoke/LambdaForm$MH+0x000001de143b0400
instanceKlass  @bci java/util/Map$Entry comparingByKey ()Ljava/util/Comparator; 0 <appendix> argL0 ; # java/util/Map$Entry$$Lambda+0x000001de14161bc8
instanceKlass  @bci com/sun/scenario/effect/ImageData <clinit> ()V 0 <appendix> argL0 ; # com/sun/scenario/effect/ImageData$$Lambda+0x000001de143ac5f0
instanceKlass  @bci sun/util/cldr/CLDRTimeZoneNameProviderImpl toGMTFormat (Ljava/lang/String;ZLjava/util/Locale;)Ljava/lang/String; 115 <appendix> argL0 ; # sun/util/cldr/CLDRTimeZoneNameProviderImpl$$Lambda+0x000001de14161988
instanceKlass  @bci sun/util/cldr/CLDRTimeZoneNameProviderImpl toGMTFormat (Ljava/lang/String;ZLjava/util/Locale;)Ljava/lang/String; 107 <appendix> argL0 ; # sun/util/cldr/CLDRTimeZoneNameProviderImpl$$Lambda+0x000001de14161748
instanceKlass  @cpi sun/util/cldr/CLDRTimeZoneNameProviderImpl 453 form vmentry <vmtarget> ; # java/lang/invoke/LambdaForm$DMH+0x000001de143b0000
instanceKlass  @bci sun/util/cldr/CLDRTimeZoneNameProviderImpl toGMTFormat (Ljava/lang/String;ZLjava/util/Locale;)Ljava/lang/String; 99 <appendix> member <vmtarget> ; # sun/util/cldr/CLDRTimeZoneNameProviderImpl$$Lambda+0x000001de14161500
instanceKlass java/util/Collections$UnmodifiableList$1
instanceKlass java/util/ReverseOrderListView$DescendingIterator
instanceKlass java/util/stream/WhileOps$DropWhileSink
instanceKlass  @bci sun/util/cldr/CLDRTimeZoneNameProviderImpl toGMTFormat (Ljava/lang/String;ZLjava/util/Locale;)Ljava/lang/String; 82 <appendix> member <vmtarget> ; # sun/util/cldr/CLDRTimeZoneNameProviderImpl$$Lambda+0x000001de14160590
instanceKlass java/util/stream/WhileOps$DropWhileOp
instanceKlass java/util/stream/WhileOps
instanceKlass  @bci sun/util/cldr/CLDRTimeZoneNameProviderImpl toGMTFormat (Ljava/lang/String;ZLjava/util/Locale;)Ljava/lang/String; 70 <appendix> member <vmtarget> ; # sun/util/cldr/CLDRTimeZoneNameProviderImpl$$Lambda+0x000001de1415f9d8
instanceKlass java/text/AttributedCharacterIterator$Attribute
instanceKlass java/text/FieldPosition
instanceKlass java/text/Format
instanceKlass sun/util/cldr/CLDRBaseLocaleDataMetaInfo$CLDRMapHolder
instanceKlass java/lang/FdLibm$Atan2
instanceKlass com/sun/prism/shader/FillPgram_LinearGradient_PAD_Loader
instanceKlass com/sun/prism/impl/ps/PaintHelper
instanceKlass sun/util/locale/provider/TimeZoneNameUtility$TimeZoneNameGetter
instanceKlass com/sun/prism/paint/Stop
instanceKlass sun/util/locale/provider/LocaleServiceProviderPool$LocalizedObjectGetter
instanceKlass sun/util/locale/provider/TimeZoneNameUtility
instanceKlass com/sun/javafx/geom/transform/AffineBase$1
instanceKlass sun/util/calendar/CalendarUtils
instanceKlass sun/util/calendar/CalendarDate
instanceKlass sun/util/calendar/CalendarSystem$GregorianHolder
instanceKlass sun/util/calendar/CalendarSystem
instanceKlass sun/nio/cs/Surrogate
instanceKlass sun/nio/cs/Surrogate$Parser
instanceKlass com/sun/scenario/effect/impl/prism/ps/PPSRenderer$2
instanceKlass com/sun/scenario/effect/impl/prism/ps/PPSRenderer$1
instanceKlass com/sun/scenario/effect/impl/hw/d3d/D3DShaderSource
instanceKlass com/sun/scenario/effect/impl/hw/ShaderSource
instanceKlass com/sun/scenario/effect/FloatMap
instanceKlass com/sun/scenario/effect/impl/EffectPeer
instanceKlass com/sun/prism/ResourceFactoryListener
instanceKlass com/sun/prism/d3d/D3DPipeline$1
instanceKlass com/sun/scenario/effect/impl/prism/PrTexture
instanceKlass com/sun/scenario/effect/impl/PoolFilterable
instanceKlass  @bci com/sun/scenario/effect/impl/RendererFactory createRenderer (Lcom/sun/scenario/effect/FilterContext;)Lcom/sun/scenario/effect/impl/Renderer; 1 <appendix> member <vmtarget> ; # com/sun/scenario/effect/impl/RendererFactory$$Lambda+0x000001de143a8208
instanceKlass com/sun/scenario/effect/impl/RendererFactory
instanceKlass  @bci com/sun/scenario/effect/impl/Renderer <clinit> ()V 11 <appendix> argL0 ; # com/sun/scenario/effect/impl/Renderer$$Lambda+0x000001de143a4c00
instanceKlass com/sun/scenario/effect/impl/Renderer
instanceKlass com/sun/scenario/effect/ImageData
instanceKlass  @bci com/sun/scenario/effect/impl/state/LinearConvolveRenderState <clinit> ()V 25 <appendix> member <vmtarget> ; # com/sun/scenario/effect/impl/state/LinearConvolveRenderState$$Lambda+0x000001de143a5220
instanceKlass  @cpi com/sun/scenario/effect/impl/state/LinearConvolveRenderState 160 form vmentry <vmtarget> ; # java/lang/invoke/LambdaForm$DMH+0x000001de143a4800
instanceKlass  @bci com/sun/scenario/effect/impl/ImagePool <clinit> ()V 0 <appendix> argL0 ; # com/sun/scenario/effect/impl/ImagePool$$Lambda+0x000001de143a5000
instanceKlass com/sun/scenario/effect/impl/ImagePool
instanceKlass com/sun/scenario/effect/impl/prism/PrRenderInfo
instanceKlass com/sun/scenario/effect/ImageDataRenderer
instanceKlass com/sun/javafx/geom/transform/Affine2D$1
instanceKlass com/sun/javafx/scene/shape/PathUtils
instanceKlass java/lang/FdLibm
instanceKlass java/lang/FdLibm$Hypot
instanceKlass com/sun/javafx/geom/Path2D$Iterator
instanceKlass  @bci javafx/animation/Animation$1 timePulse (J)V 39 <appendix> member <vmtarget> ; # javafx/animation/Animation$1$$Lambda+0x000001de143a6aa0
instanceKlass  @bci com/sun/scenario/animation/AnimationPulse$PulseData <clinit> ()V 56 <appendix> argL0 ; # com/sun/scenario/animation/AnimationPulse$PulseData$$Lambda+0x000001de143a6880
instanceKlass  @bci com/sun/scenario/animation/AnimationPulse$PulseData <clinit> ()V 48 <appendix> argL0 ; # com/sun/scenario/animation/AnimationPulse$PulseData$$Lambda+0x000001de143a6660
instanceKlass  @bci com/sun/scenario/animation/AnimationPulse$PulseData <clinit> ()V 40 <appendix> argL0 ; # com/sun/scenario/animation/AnimationPulse$PulseData$$Lambda+0x000001de143a6440
instanceKlass  @bci com/sun/scenario/animation/AnimationPulse$PulseData <clinit> ()V 32 <appendix> argL0 ; # com/sun/scenario/animation/AnimationPulse$PulseData$$Lambda+0x000001de143a6220
instanceKlass  @bci com/sun/scenario/animation/AnimationPulse$PulseData <clinit> ()V 24 <appendix> argL0 ; # com/sun/scenario/animation/AnimationPulse$PulseData$$Lambda+0x000001de143a6000
instanceKlass  @bci com/sun/scenario/animation/AnimationPulse$PulseData <clinit> ()V 16 <appendix> argL0 ; # com/sun/scenario/animation/AnimationPulse$PulseData$$Lambda+0x000001de143a3da8
instanceKlass  @bci com/sun/scenario/animation/AnimationPulse$PulseData <clinit> ()V 8 <appendix> argL0 ; # com/sun/scenario/animation/AnimationPulse$PulseData$$Lambda+0x000001de143a3b88
instanceKlass  @bci com/sun/scenario/animation/AnimationPulse$PulseData <clinit> ()V 0 <appendix> argL0 ; # com/sun/scenario/animation/AnimationPulse$PulseData$$Lambda+0x000001de143a3968
instanceKlass  @cpi com/sun/scenario/animation/AnimationPulse$PulseData 157 form vmentry <vmtarget> ; # java/lang/invoke/LambdaForm$DMH+0x000001de143a4400
# instanceKlass java/lang/invoke/LambdaForm$DMH+0x000001de143a4000
instanceKlass com/sun/scenario/animation/AnimationPulse$PulseData
instanceKlass com/sun/scenario/animation/AnimationPulse$PulseData$Accessor
instanceKlass com/sun/scenario/animation/AnimationPulse$AnimationPulseHolder
instanceKlass com/sun/scenario/animation/AnimationPulse
instanceKlass com/sun/scenario/animation/AnimationPulseMBean
instanceKlass com/sun/javafx/scene/control/ReadOnlyUnbackedObservableList$SelectionListIterator
instanceKlass  @bci javafx/scene/control/Label <init> (Ljava/lang/String;)V 7 <appendix> member <vmtarget> ; # javafx/scene/control/Label$$Lambda+0x000001de143a2600
instanceKlass  @bci org/fxmisc/richtext/GenericStyledArea layoutChildren ()V 11 <appendix> member <vmtarget> ; # org/fxmisc/richtext/GenericStyledArea$$Lambda+0x000001de143a23d8
instanceKlass javafx/scene/layout/Region$12
instanceKlass com/sun/javafx/scene/control/behavior/MnemonicInfo
instanceKlass  @bci com/sun/javafx/scene/control/behavior/ToggleButtonBehavior <init> (Ljavafx/scene/control/ToggleButton;)V 76 <appendix> member <vmtarget> ; # com/sun/javafx/scene/control/behavior/ToggleButtonBehavior$$Lambda+0x000001de143a1b40
instanceKlass  @bci com/sun/javafx/scene/control/behavior/ToggleButtonBehavior <init> (Ljavafx/scene/control/ToggleButton;)V 57 <appendix> member <vmtarget> ; # com/sun/javafx/scene/control/behavior/ToggleButtonBehavior$$Lambda+0x000001de143a1918
instanceKlass  @bci com/sun/javafx/scene/control/behavior/ToggleButtonBehavior <init> (Ljavafx/scene/control/ToggleButton;)V 38 <appendix> member <vmtarget> ; # com/sun/javafx/scene/control/behavior/ToggleButtonBehavior$$Lambda+0x000001de143a16f0
instanceKlass  @bci com/sun/javafx/scene/control/behavior/ToggleButtonBehavior <init> (Ljavafx/scene/control/ToggleButton;)V 19 <appendix> member <vmtarget> ; # com/sun/javafx/scene/control/behavior/ToggleButtonBehavior$$Lambda+0x000001de143a14c8
instanceKlass  @bci javafx/scene/control/skin/LabelSkin <init> (Ljavafx/scene/control/Label;)V 16 <appendix> member <vmtarget> ; # javafx/scene/control/skin/LabelSkin$$Lambda+0x000001de143a0c48
instanceKlass  @bci javafx/scene/control/skin/MenuButtonSkin <init> (Ljavafx/scene/control/MenuButton;)V 59 <appendix> member <vmtarget> ; # javafx/scene/control/skin/MenuButtonSkin$$Lambda+0x000001de143a0678
instanceKlass  @bci javafx/scene/control/skin/MenuButtonSkin <init> (Ljavafx/scene/control/MenuButton;)V 44 <appendix> member <vmtarget> ; # javafx/scene/control/skin/MenuButtonSkin$$Lambda+0x000001de143a0450
instanceKlass  @bci javafx/scene/control/skin/MenuButtonSkin <init> (Ljavafx/scene/control/MenuButton;)V 22 <appendix> member <vmtarget> ; # javafx/scene/control/skin/MenuButtonSkin$$Lambda+0x000001de143a0228
instanceKlass  @bci com/sun/javafx/scene/control/behavior/MenuButtonBehavior <init> (Ljavafx/scene/control/MenuButton;)V 47 <appendix> member <vmtarget> ; # com/sun/javafx/scene/control/behavior/MenuButtonBehavior$$Lambda+0x000001de143a0000
instanceKlass  @bci com/sun/javafx/scene/control/behavior/MenuButtonBehavior <init> (Ljavafx/scene/control/MenuButton;)V 20 <appendix> member <vmtarget> ; # com/sun/javafx/scene/control/behavior/MenuButtonBehavior$$Lambda+0x000001de1439fd18
instanceKlass  @bci com/sun/javafx/scene/control/behavior/MenuButtonBehaviorBase <init> (Ljavafx/scene/control/MenuButton;)V 183 <appendix> member <vmtarget> ; # com/sun/javafx/scene/control/behavior/MenuButtonBehaviorBase$$Lambda+0x000001de1439faf0
instanceKlass  @bci com/sun/javafx/scene/control/behavior/MenuButtonBehaviorBase <init> (Ljavafx/scene/control/MenuButton;)V 155 <appendix> member <vmtarget> ; # com/sun/javafx/scene/control/behavior/MenuButtonBehaviorBase$$Lambda+0x000001de1439f8c8
instanceKlass  @bci com/sun/javafx/scene/control/behavior/MenuButtonBehaviorBase <init> (Ljavafx/scene/control/MenuButton;)V 127 <appendix> member <vmtarget> ; # com/sun/javafx/scene/control/behavior/MenuButtonBehaviorBase$$Lambda+0x000001de1439f6a0
instanceKlass  @bci com/sun/javafx/scene/control/behavior/MenuButtonBehaviorBase <init> (Ljavafx/scene/control/MenuButton;)V 99 <appendix> member <vmtarget> ; # com/sun/javafx/scene/control/behavior/MenuButtonBehaviorBase$$Lambda+0x000001de1439f478
instanceKlass  @bci com/sun/javafx/scene/control/behavior/MenuButtonBehaviorBase <init> (Ljavafx/scene/control/MenuButton;)V 62 <appendix> member <vmtarget> ; # com/sun/javafx/scene/control/behavior/MenuButtonBehaviorBase$$Lambda+0x000001de1439f250
instanceKlass  @bci com/sun/javafx/scene/control/behavior/MenuButtonBehaviorBase <init> (Ljavafx/scene/control/MenuButton;)V 35 <appendix> member <vmtarget> ; # com/sun/javafx/scene/control/behavior/MenuButtonBehaviorBase$$Lambda+0x000001de1439f028
instanceKlass  @bci com/sun/javafx/scene/control/behavior/BehaviorBase removeMapping (Ljava/lang/Object;)V 12 <appendix> member <vmtarget> ; # com/sun/javafx/scene/control/behavior/BehaviorBase$$Lambda+0x000001de1439edf0
instanceKlass  @bci com/sun/javafx/scene/control/inputmap/InputMap lookupMappingKey (Ljava/lang/Object;)Ljava/util/List; 20 <appendix> member <vmtarget> ; # com/sun/javafx/scene/control/inputmap/InputMap$$Lambda+0x000001de1439eb98
instanceKlass  @bci com/sun/javafx/scene/control/inputmap/InputMap lookupMappingKey (Ljava/lang/Object;)Ljava/util/List; 9 <appendix> argL0 ; # com/sun/javafx/scene/control/inputmap/InputMap$$Lambda+0x000001de1439e948
instanceKlass  @bci javafx/scene/control/skin/MenuButtonSkinBase <init> (Ljavafx/scene/control/MenuButton;)V 392 <appendix> member <vmtarget> ; # javafx/scene/control/skin/MenuButtonSkinBase$$Lambda+0x000001de1439e710
instanceKlass  @bci javafx/scene/control/skin/MenuButtonSkinBase <init> (Ljavafx/scene/control/MenuButton;)V 373 <appendix> member <vmtarget> ; # javafx/scene/control/skin/MenuButtonSkinBase$$Lambda+0x000001de1439e4d8
instanceKlass  @bci javafx/scene/control/skin/MenuButtonSkinBase <init> (Ljavafx/scene/control/MenuButton;)V 358 <appendix> member <vmtarget> ; # javafx/scene/control/skin/MenuButtonSkinBase$$Lambda+0x000001de1439e2a0
instanceKlass  @bci javafx/scene/control/skin/MenuButtonSkinBase <init> (Ljavafx/scene/control/MenuButton;)V 343 <appendix> member <vmtarget> ; # javafx/scene/control/skin/MenuButtonSkinBase$$Lambda+0x000001de1439e068
instanceKlass  @bci com/sun/javafx/scene/control/ControlAcceleratorSupport getSceneChangeListener (Ljava/lang/Object;Ljavafx/collections/ObservableList;)Ljavafx/beans/value/ChangeListener; 34 <appendix> member <vmtarget> ; # com/sun/javafx/scene/control/ControlAcceleratorSupport$$Lambda+0x000001de1439de40
instanceKlass  @bci com/sun/javafx/scene/control/ControlAcceleratorSupport getListener (Ljavafx/scene/Scene;Ljavafx/scene/control/MenuItem;)Ljavafx/beans/value/ChangeListener; 34 <appendix> member <vmtarget> ; # com/sun/javafx/scene/control/ControlAcceleratorSupport$$Lambda+0x000001de1439dc18
instanceKlass com/sun/javafx/scene/control/ControlAcceleratorSupport$IdentityWrapperListChangeListener
instanceKlass com/sun/javafx/scene/control/ControlAcceleratorSupport
instanceKlass  @bci javafx/scene/control/skin/MenuButtonSkinBase <init> (Ljavafx/scene/control/MenuButton;)V 328 <appendix> member <vmtarget> ; # javafx/scene/control/skin/MenuButtonSkinBase$$Lambda+0x000001de1439d388
instanceKlass  @bci javafx/scene/control/skin/MenuButtonSkinBase <init> (Ljavafx/scene/control/MenuButton;)V 303 <appendix> member <vmtarget> ; # javafx/scene/control/skin/MenuButtonSkinBase$$Lambda+0x000001de1439d160
instanceKlass javafx/stage/PopupWindow$3
instanceKlass  @bci javafx/stage/PopupWindow <init> ()V 29 <appendix> member <vmtarget> ; # javafx/stage/PopupWindow$$Lambda+0x000001de1439bd48
instanceKlass javafx/stage/PopupWindow$2
instanceKlass javafx/stage/PopupWindow$1
instanceKlass com/sun/javafx/stage/PopupWindowHelper$PopupWindowAccessor
instanceKlass  @bci javafx/scene/control/skin/MenuButtonSkinBase$MenuLabeledImpl <init> (Ljavafx/scene/control/MenuButton;)V 15 <appendix> member <vmtarget> ; # javafx/scene/control/skin/MenuButtonSkinBase$MenuLabeledImpl$$Lambda+0x000001de14394558
instanceKlass com/sun/javafx/scene/control/LabeledImpl$StyleableProperties
instanceKlass com/sun/javafx/scene/control/LabeledImpl$Shuttler
instanceKlass  @bci javafx/scene/control/Label <init> ()V 6 <appendix> member <vmtarget> ; # javafx/scene/control/Label$$Lambda+0x000001de14393ef8
instanceKlass com/sun/javafx/scene/control/ListenerHelper$1
instanceKlass  @bci javafx/scene/control/skin/MenuBarSkin lambda$new$15 (Ljavafx/scene/control/MenuBar;Ljavafx/scene/input/KeyCombination;Ljavafx/scene/Scene;)V 129 <appendix> member <vmtarget> ; # javafx/scene/control/skin/MenuBarSkin$$Lambda+0x000001de14391768
instanceKlass com/sun/javafx/scene/KeyboardShortcutsHandler$CopyOnWriteMap$1$1
instanceKlass  @bci javafx/scene/control/skin/MenuBarSkin lambda$new$15 (Ljavafx/scene/control/MenuBar;Ljavafx/scene/input/KeyCombination;Ljavafx/scene/Scene;)V 99 <appendix> member <vmtarget> ; # javafx/scene/control/skin/MenuBarSkin$$Lambda+0x000001de14390b10
instanceKlass  @bci javafx/scene/control/skin/MenuBarSkin lambda$new$12 (Ljavafx/stage/Window;)V 36 <appendix> member <vmtarget> ; # javafx/scene/control/skin/MenuBarSkin$$Lambda+0x000001de143908d8
instanceKlass  @bci javafx/scene/control/skin/MenuBarSkin lambda$new$15 (Ljavafx/scene/control/MenuBar;Ljavafx/scene/input/KeyCombination;Ljavafx/scene/Scene;)V 81 <appendix> member <vmtarget> ; # javafx/scene/control/skin/MenuBarSkin$$Lambda+0x000001de143906a0
instanceKlass  @bci javafx/scene/control/skin/MenuBarSkin lambda$new$15 (Ljavafx/scene/control/MenuBar;Ljavafx/scene/input/KeyCombination;Ljavafx/scene/Scene;)V 62 <appendix> member <vmtarget> ; # javafx/scene/control/skin/MenuBarSkin$$Lambda+0x000001de14390478
instanceKlass  @bci javafx/scene/control/skin/MenuBarSkin lambda$new$15 (Ljavafx/scene/control/MenuBar;Ljavafx/scene/input/KeyCombination;Ljavafx/scene/Scene;)V 44 <appendix> member <vmtarget> ; # javafx/scene/control/skin/MenuBarSkin$$Lambda+0x000001de14390000
instanceKlass  @bci javafx/scene/control/skin/MenuBarSkin <init> (Ljavafx/scene/control/MenuBar;)V 258 <appendix> member <vmtarget> ; # javafx/scene/control/skin/MenuBarSkin$$Lambda+0x000001de1438c400
instanceKlass  @bci javafx/scene/control/skin/MenuBarSkin <init> (Ljavafx/scene/control/MenuBar;)V 232 <appendix> member <vmtarget> ; # javafx/scene/control/skin/MenuBarSkin$$Lambda+0x000001de1438cc50
instanceKlass com/sun/javafx/scene/traversal/TraverseListener
instanceKlass com/sun/javafx/scene/control/ListenerHelper$LiChLi
instanceKlass  @bci javafx/scene/control/skin/MenuBarSkin <init> (Ljavafx/scene/control/MenuBar;)V 157 <appendix> member <vmtarget> ; # javafx/scene/control/skin/MenuBarSkin$$Lambda+0x000001de1438dac8
instanceKlass  @bci javafx/scene/control/skin/MenuBarSkin rebuildUI ()V 410 <appendix> member <vmtarget> ; # javafx/scene/control/skin/MenuBarSkin$$Lambda+0x000001de1438d8a0
instanceKlass  @bci javafx/scene/control/skin/MenuBarSkin rebuildUI ()V 398 <appendix> member <vmtarget> ; # javafx/scene/control/skin/MenuBarSkin$$Lambda+0x000001de1438d678
instanceKlass  @bci javafx/scene/control/skin/MenuBarSkin rebuildUI ()V 387 <appendix> member <vmtarget> ; # javafx/scene/control/skin/MenuBarSkin$$Lambda+0x000001de1438d450
instanceKlass  @bci javafx/scene/control/skin/MenuBarSkin rebuildUI ()V 375 <appendix> member <vmtarget> ; # javafx/scene/control/skin/MenuBarSkin$$Lambda+0x000001de1438d228
instanceKlass  @bci javafx/scene/control/skin/MenuBarSkin rebuildUI ()V 358 <appendix> member <vmtarget> ; # javafx/scene/control/skin/MenuBarSkin$$Lambda+0x000001de1438d000
instanceKlass javafx/beans/value/WritableLongValue
instanceKlass javafx/beans/value/WritableFloatValue
instanceKlass com/sun/javafx/binding/BidirectionalBinding
instanceKlass  @bci javafx/scene/control/skin/MenuBarSkin rebuildUI ()V 284 <appendix> member <vmtarget> ; # javafx/scene/control/skin/MenuBarSkin$$Lambda+0x000001de14389d00
instanceKlass  @cpi javafx/scene/control/skin/MenuBarSkin 1242 form vmentry <vmtarget> ; # java/lang/invoke/LambdaForm$DMH+0x000001de1438c000
instanceKlass javafx/beans/property/StringPropertyBase$Listener
instanceKlass  @bci com/sun/javafx/scene/control/MenuBarButton <init> (Ljavafx/scene/control/skin/MenuBarSkin;Ljavafx/scene/control/Menu;)V 51 <appendix> member <vmtarget> ; # com/sun/javafx/scene/control/MenuBarButton$$Lambda+0x000001de14389888
instanceKlass  @bci com/sun/javafx/scene/control/MenuBarButton <init> (Ljavafx/scene/control/skin/MenuBarSkin;Ljavafx/scene/control/Menu;)V 30 <appendix> member <vmtarget> ; # com/sun/javafx/scene/control/MenuBarButton$$Lambda+0x000001de14387d88
instanceKlass  @bci javafx/scene/control/skin/MenuBarSkin <init> (Ljavafx/scene/control/MenuBar;)V 119 <appendix> member <vmtarget> ; # javafx/scene/control/skin/MenuBarSkin$$Lambda+0x000001de14387648
instanceKlass  @bci javafx/scene/control/skin/MenuBarSkin <init> (Ljavafx/scene/control/MenuBar;)V 94 <appendix> member <vmtarget> ; # javafx/scene/control/skin/MenuBarSkin$$Lambda+0x000001de14387420
instanceKlass javafx/scene/layout/HBox$StyleableProperties
instanceKlass  @bci javafx/scene/layout/HBox <clinit> ()V 0 <appendix> argL0 ; # javafx/scene/layout/HBox$$Lambda+0x000001de14386938
instanceKlass javafx/scene/control/skin/MenuBarSkin$1
instanceKlass  @bci javafx/scene/control/skin/MenuBarSkin <init> (Ljavafx/scene/control/MenuBar;)V 32 <appendix> member <vmtarget> ; # javafx/scene/control/skin/MenuBarSkin$$Lambda+0x000001de14384718
instanceKlass  @bci javafx/scene/control/skin/MenuBarSkin <init> (Ljavafx/scene/control/MenuBar;)V 22 <appendix> member <vmtarget> ; # javafx/scene/control/skin/MenuBarSkin$$Lambda+0x000001de143844f0
instanceKlass  @bci javafx/collections/transformation/TransformationList getListener ()Ljavafx/collections/ListChangeListener; 9 <appendix> member <vmtarget> ; # javafx/collections/transformation/TransformationList$$Lambda+0x000001de143842c8
instanceKlass com/sun/javafx/FXPermissions
instanceKlass  @bci javafx/scene/control/skin/MenuBarSkin <clinit> ()V 6 <appendix> argL0 ; # javafx/scene/control/skin/MenuBarSkin$$Lambda+0x000001de14382a20
instanceKlass  @bci javafx/scene/control/skin/MenuBarSkin <clinit> ()V 0 <appendix> argL0 ; # javafx/scene/control/skin/MenuBarSkin$$Lambda+0x000001de143827d0
instanceKlass javafx/scene/layout/VBox$StyleableProperties
instanceKlass javafx/css/converter/DurationConverter$1
instanceKlass javafx/scene/text/TextFlow$StyleableProperties
instanceKlass javafx/scene/paint/Color$NamedColors
instanceKlass javafx/scene/control/MenuBar$StyleableProperties
instanceKlass  @bci com/example/commonlisp_ide/Main initialize ()V 378 <appendix> member <vmtarget> ; # com/example/commonlisp_ide/Main$$Lambda+0x000001de1437ef10
instanceKlass  @bci com/example/commonlisp_ide/Main initialize ()V 363 <appendix> member <vmtarget> ; # com/example/commonlisp_ide/Main$$Lambda+0x000001de1437ece8
instanceKlass  @bci com/example/commonlisp_ide/Main initialize ()V 347 <appendix> member <vmtarget> ; # com/example/commonlisp_ide/Main$$Lambda+0x000001de1437eac0
instanceKlass  @bci com/example/commonlisp_ide/Main initialize ()V 334 <appendix> argL0 ; # com/example/commonlisp_ide/Main$$Lambda+0x000001de1437e8a0
instanceKlass  @bci com/example/commonlisp_ide/Main initialize ()V 298 <appendix> member <vmtarget> ; # com/example/commonlisp_ide/Main$$Lambda+0x000001de1437e678
instanceKlass  @bci com/example/commonlisp_ide/Main initialize ()V 261 <appendix> member <vmtarget> ; # com/example/commonlisp_ide/Main$$Lambda+0x000001de1437e450
instanceKlass  @bci com/example/commonlisp_ide/Main initialize ()V 224 <appendix> member <vmtarget> ; # com/example/commonlisp_ide/Main$$Lambda+0x000001de1437e228
instanceKlass  @bci com/example/commonlisp_ide/Main initialize ()V 187 <appendix> member <vmtarget> ; # com/example/commonlisp_ide/Main$$Lambda+0x000001de1437e000
instanceKlass  @bci com/example/commonlisp_ide/Main initialize ()V 150 <appendix> argL0 ; # com/example/commonlisp_ide/Main$$Lambda+0x000001de1437bca0
instanceKlass  @bci com/example/commonlisp_ide/Main initialize ()V 138 <appendix> member <vmtarget> ; # com/example/commonlisp_ide/Main$$Lambda+0x000001de1437ba78
instanceKlass  @bci org/fxmisc/richtext/model/EditableStyledDocument lambda$multiPlainChanges$2 (Ljava/util/List;)Ljava/util/List; 26 <appendix> argL0 ; # org/fxmisc/richtext/model/EditableStyledDocument$$Lambda+0x000001de1437b858
instanceKlass  @bci org/fxmisc/richtext/model/EditableStyledDocument lambda$multiPlainChanges$2 (Ljava/util/List;)Ljava/util/List; 16 <appendix> argL0 ; # org/fxmisc/richtext/model/EditableStyledDocument$$Lambda+0x000001de1437b228
instanceKlass  @bci org/fxmisc/richtext/model/EditableStyledDocument lambda$multiPlainChanges$2 (Ljava/util/List;)Ljava/util/List; 6 <appendix> argL0 ; # org/fxmisc/richtext/model/EditableStyledDocument$$Lambda+0x000001de1437afd8
instanceKlass  @bci org/reactfx/util/FxTimer restart ()V 27 <adapter> ; # java/lang/invoke/LambdaForm$MH+0x000001de1437cc00
instanceKlass  @bci org/reactfx/util/FxTimer restart ()V 27 <appendix> form vmentry <vmtarget> ; # java/lang/invoke/LambdaForm$DMH+0x000001de1437c800
instanceKlass  @bci org/reactfx/util/FxTimer restart ()V 27 <appendix> member <vmtarget> ; # org/reactfx/util/FxTimer$$Lambda+0x000001de1437adb0
instanceKlass  @cpi org/reactfx/util/FxTimer 106 form vmentry <vmtarget> ; # java/lang/invoke/LambdaForm$DMH+0x000001de1437c400
instanceKlass  @bci javafx/animation/Animation stop ()V 19 <appendix> member <vmtarget> ; # javafx/animation/Animation$$Lambda+0x000001de1437ab88
instanceKlass org/fxmisc/undo/impl/RevisionedChange
instanceKlass  @bci org/reactfx/util/QueuingStreamNotifications head (Ljava/util/function/Consumer;Ljava/util/Deque;)Ljava/lang/Runnable; 9 <appendix> member <vmtarget> ; # org/reactfx/util/QueuingStreamNotifications$$Lambda+0x000001de1437a740
instanceKlass com/sun/javafx/collections/VetoableListDecorator$VetoableSubListDecorator
instanceKlass  @bci org/fxmisc/richtext/util/SubscribeableContentsObsSet removeSubscriber (Ljava/util/function/Function;)V 92 <appendix> member <vmtarget> ; # org/fxmisc/richtext/util/SubscribeableContentsObsSet$$Lambda+0x000001de14379f08
instanceKlass  @bci org/fxmisc/richtext/ParagraphText dispose ()V 73 <appendix> argL0 ; # org/fxmisc/richtext/ParagraphText$$Lambda+0x000001de14379cd8
instanceKlass  @bci org/fxmisc/richtext/ParagraphText dispose ()V 63 <appendix> argL0 ; # org/fxmisc/richtext/ParagraphText$$Lambda+0x000001de14379a98
instanceKlass  @bci org/fxmisc/richtext/ParagraphText dispose ()V 53 <appendix> argL0 ; # org/fxmisc/richtext/ParagraphText$$Lambda+0x000001de14379848
instanceKlass  @bci org/reactfx/util/SparseList collect (II)Ljava/util/List; 31 <appendix> argL0 ; # org/reactfx/util/SparseList$$Lambda+0x000001de14379218
instanceKlass org/reactfx/util/TetraFunction
instanceKlass  @bci org/reactfx/util/SparseList collect (II)Ljava/util/List; 24 <appendix> argL0 ; # org/reactfx/util/SparseList$$Lambda+0x000001de14378df8
instanceKlass  @bci org/reactfx/util/SparseList collect (II)Ljava/util/List; 19 <appendix> argL0 ; # org/reactfx/util/SparseList$$Lambda+0x000001de14378bc8
instanceKlass  @bci org/reactfx/collection/MaterializedListModification trim ()Lorg/reactfx/collection/MaterializedListModification; 16 <appendix> member <vmtarget> ; # org/reactfx/collection/MaterializedListModification$$Lambda+0x000001de14378990
instanceKlass  @cpi org/reactfx/collection/MaterializedListModification 63 form vmentry <vmtarget> ; # java/lang/invoke/LambdaForm$DMH+0x000001de1437c000
instanceKlass org/reactfx/collection/ListChangeAccumulator
instanceKlass  @bci org/reactfx/SuspendableBoolean suspend ()Lorg/reactfx/Guard; 20 <appendix> member <vmtarget> ; # org/reactfx/SuspendableBoolean$$Lambda+0x000001de14377400
instanceKlass org/reactfx/BiGuard
instanceKlass org/reactfx/MultiGuard
instanceKlass org/reactfx/CloseableOnceGuard
instanceKlass  @bci org/reactfx/Guard <clinit> ()V 0 <appendix> argL0 ; # org/reactfx/Guard$$Lambda+0x000001de14373c30
instanceKlass  @bci org/reactfx/SuspendableBase suspend ()Lorg/reactfx/Guard; 11 <appendix> member <vmtarget> ; # org/reactfx/SuspendableBase$$Lambda+0x000001de143739e0
instanceKlass  @bci org/reactfx/MultiSuspendable suspend ()Lorg/reactfx/Guard; 17 <appendix> argL0 ; # org/reactfx/MultiSuspendable$$Lambda+0x000001de143737c0
instanceKlass  @bci org/reactfx/MultiSuspendable suspend ()Lorg/reactfx/Guard; 7 <appendix> argL0 ; # org/reactfx/MultiSuspendable$$Lambda+0x000001de14373388
instanceKlass  @bci org/fxmisc/richtext/model/GenericEditableStyledDocumentBase updateMulti (Lorg/fxmisc/richtext/model/ReadOnlyStyledDocument;Ljava/util/List;Ljava/util/List;)V 12 <appendix> member <vmtarget> ; # org/fxmisc/richtext/model/GenericEditableStyledDocumentBase$$Lambda+0x000001de14373160
instanceKlass  @bci org/fxmisc/richtext/model/GenericEditableStyledDocumentBase setStyle (IILjava/lang/Object;)V 16 <appendix> member <vmtarget> ; # org/fxmisc/richtext/model/GenericEditableStyledDocumentBase$$Lambda+0x000001de14372f38
instanceKlass org/reactfx/util/TriConsumer
instanceKlass org/reactfx/collection/MaterializedListModificationImpl
instanceKlass org/reactfx/collection/MaterializedListModification
instanceKlass  @bci org/fxmisc/richtext/model/ReadOnlyStyledDocument split (I)Lorg/reactfx/util/Tuple2; 12 <appendix> member <vmtarget> ; # org/fxmisc/richtext/model/ReadOnlyStyledDocument$$Lambda+0x000001de14372660
instanceKlass  @bci org/fxmisc/richtext/model/ReadOnlyStyledDocument concat (Lorg/fxmisc/richtext/model/StyledDocument;)Lorg/fxmisc/richtext/model/ReadOnlyStyledDocument; 2 <appendix> argL0 ; # org/fxmisc/richtext/model/ReadOnlyStyledDocument$$Lambda+0x000001de14372418
instanceKlass  @bci org/fxmisc/richtext/model/ReadOnlyStyledDocument concatR (Lorg/fxmisc/richtext/model/StyledDocument;)Lorg/fxmisc/richtext/model/ReadOnlyStyledDocument; 2 <appendix> argL0 ; # org/fxmisc/richtext/model/ReadOnlyStyledDocument$$Lambda+0x000001de143721d0
instanceKlass  @bci org/fxmisc/richtext/model/GenericEditableStyledDocumentBase lambda$setStyle$3 (Ljava/lang/Object;Lorg/fxmisc/richtext/model/ReadOnlyStyledDocument;)Lorg/fxmisc/richtext/model/ReadOnlyStyledDocument; 2 <appendix> member <vmtarget> ; # org/fxmisc/richtext/model/GenericEditableStyledDocumentBase$$Lambda+0x000001de14371f70
instanceKlass  @bci org/fxmisc/richtext/model/ReadOnlyStyledDocument lambda$replace$8 (Lorg/reactfx/util/BiIndex;Ljava/util/function/UnaryOperator;ILjava/util/List;Lorg/fxmisc/richtext/model/ReadOnlyStyledDocument;Lorg/fxmisc/richtext/model/ReadOnlyStyledDocument;)Lorg/reactfx/util/Tuple3; 25 <adapter> ; # java/lang/invoke/LambdaForm$MH+0x000001de14377000
# instanceKlass java/lang/invoke/LambdaForm$DMH+0x000001de14376c00
instanceKlass  @bci org/fxmisc/richtext/model/ReadOnlyStyledDocument lambda$replace$8 (Lorg/reactfx/util/BiIndex;Ljava/util/function/UnaryOperator;ILjava/util/List;Lorg/fxmisc/richtext/model/ReadOnlyStyledDocument;Lorg/fxmisc/richtext/model/ReadOnlyStyledDocument;)Lorg/reactfx/util/Tuple3; 25 <appendix> form vmentry <vmtarget> ; # java/lang/invoke/LambdaForm$DMH+0x000001de14376800
instanceKlass  @bci org/fxmisc/richtext/model/ReadOnlyStyledDocument lambda$replace$8 (Lorg/reactfx/util/BiIndex;Ljava/util/function/UnaryOperator;ILjava/util/List;Lorg/fxmisc/richtext/model/ReadOnlyStyledDocument;Lorg/fxmisc/richtext/model/ReadOnlyStyledDocument;)Lorg/reactfx/util/Tuple3; 25 <appendix> member <vmtarget> ; # org/fxmisc/richtext/model/ReadOnlyStyledDocument$$Lambda+0x000001de14371d38
instanceKlass  @cpi org/fxmisc/richtext/model/ReadOnlyStyledDocument 570 form vmentry <vmtarget> ; # java/lang/invoke/LambdaForm$DMH+0x000001de14376400
instanceKlass  @bci org/fxmisc/richtext/model/ReadOnlyStyledDocument lambda$replace$8 (Lorg/reactfx/util/BiIndex;Ljava/util/function/UnaryOperator;ILjava/util/List;Lorg/fxmisc/richtext/model/ReadOnlyStyledDocument;Lorg/fxmisc/richtext/model/ReadOnlyStyledDocument;)Lorg/reactfx/util/Tuple3; 8 <appendix> member <vmtarget> ; # org/fxmisc/richtext/model/ReadOnlyStyledDocument$$Lambda+0x000001de14371b00
instanceKlass  @bci org/fxmisc/richtext/model/ReadOnlyStyledDocument replace (Lorg/reactfx/util/BiIndex;Lorg/reactfx/util/BiIndex;Ljava/util/function/UnaryOperator;)Lorg/reactfx/util/Tuple3; 80 <appendix> member <vmtarget> ; # org/fxmisc/richtext/model/ReadOnlyStyledDocument$$Lambda+0x000001de143718c8
instanceKlass  @cpi org/fxmisc/richtext/model/ReadOnlyStyledDocument 541 form vmentry <vmtarget> ; # java/lang/invoke/LambdaForm$DMH+0x000001de14376000
instanceKlass  @bci org/fxmisc/richtext/model/ReadOnlyStyledDocument split (II)Lorg/reactfx/util/Tuple2; 9 <appendix> member <vmtarget> ; # org/fxmisc/richtext/model/ReadOnlyStyledDocument$$Lambda+0x000001de14371698
instanceKlass  @cpi org/fxmisc/richtext/model/ReadOnlyStyledDocument 482 form vmentry <vmtarget> ; # java/lang/invoke/LambdaForm$DMH+0x000001de14375c00
instanceKlass  @bci org/fxmisc/richtext/model/ReadOnlyStyledDocument replace (Lorg/reactfx/util/BiIndex;Lorg/reactfx/util/BiIndex;Ljava/util/function/UnaryOperator;)Lorg/reactfx/util/Tuple3; 63 <appendix> member <vmtarget> ; # org/fxmisc/richtext/model/ReadOnlyStyledDocument$$Lambda+0x000001de14371460
instanceKlass  @bci org/fxmisc/richtext/model/ReadOnlyStyledDocument replace (Lorg/reactfx/util/BiIndex;Lorg/reactfx/util/BiIndex;Ljava/util/function/UnaryOperator;)Lorg/reactfx/util/Tuple3; 12 <appendix> argL0 ; # org/fxmisc/richtext/model/ReadOnlyStyledDocument$$Lambda+0x000001de14371220
instanceKlass  @bci org/fxmisc/richtext/model/GenericEditableStyledDocumentBase setStyle (IILjava/lang/Object;)V 7 <appendix> member <vmtarget> ; # org/fxmisc/richtext/model/GenericEditableStyledDocumentBase$$Lambda+0x000001de14370fc0
instanceKlass  @bci org/fxmisc/richtext/model/ReadOnlyStyledDocument getText ()Ljava/lang/String; 26 <appendix> argL0 ; # org/fxmisc/richtext/model/ReadOnlyStyledDocument$$Lambda+0x000001de14370da0
instanceKlass  @bci org/fxmisc/richtext/model/ReadOnlyStyledDocument getText ()Ljava/lang/String; 16 <appendix> argL0 ; # org/fxmisc/richtext/model/ReadOnlyStyledDocument$$Lambda+0x000001de14370b60
instanceKlass  @bci com/example/commonlisp_ide/Main startSBCL ()V 153 <appendix> member <vmtarget> ; # com/example/commonlisp_ide/Main$$Lambda+0x000001de14370938
instanceKlass  @bci com/example/commonlisp_ide/Main startSBCL ()V 137 <appendix> member <vmtarget> ; # com/example/commonlisp_ide/Main$$Lambda+0x000001de14370710
instanceKlass java/lang/ProcessImpl$2
instanceKlass java/util/concurrent/LinkedTransferQueue$DualNode
instanceKlass java/util/concurrent/TransferQueue
instanceKlass  @bci java/lang/ProcessHandleImpl lambda$static$1 ()Ljava/util/concurrent/Executor; 45 <appendix> member <vmtarget> ; # java/lang/ProcessHandleImpl$$Lambda+0x000001de1415b128
instanceKlass  @cpi java/lang/ProcessHandleImpl 436 form vmentry <vmtarget> ; # java/lang/invoke/LambdaForm$DMH+0x000001de14375800
# instanceKlass java/lang/invoke/LambdaForm$DMH+0x000001de14375400
instanceKlass jdk/internal/util/random/RandomSupport
instanceKlass java/util/Random
instanceKlass java/util/random/RandomGenerator
instanceKlass  @bci java/lang/ProcessHandleImpl <clinit> ()V 32 <appendix> argL0 ; # java/lang/ProcessHandleImpl$$Lambda+0x000001de1415af08
instanceKlass java/lang/ProcessHandleImpl
instanceKlass java/lang/ProcessHandle
instanceKlass  @bci java/lang/ProcessHandleImpl lambda$static$1 ()Ljava/util/concurrent/Executor; 45 <appendix> form vmentry <vmtarget> ; # java/lang/invoke/LambdaForm$DMH+0x000001de14375000
instanceKlass  @bci java/lang/ProcessImpl <init> ([Ljava/lang/String;Ljava/lang/String;Ljava/lang/String;[JZZ)V 286 <appendix> member <vmtarget> ; # java/lang/ProcessImpl$$Lambda+0x000001de1415a848
instanceKlass  @cpi java/lang/ProcessImpl 639 form vmentry <vmtarget> ; # java/lang/invoke/LambdaForm$DMH+0x000001de14374c00
instanceKlass java/lang/ProcessBuilder
instanceKlass  @bci com/example/commonlisp_ide/Main initialize ()V 1 <appendix> member <vmtarget> ; # com/example/commonlisp_ide/Main$$Lambda+0x000001de143704e8
# instanceKlass java/lang/invoke/LambdaForm$MH+0x000001de14374800
# instanceKlass java/lang/invoke/LambdaForm$MH+0x000001de14374400
# instanceKlass java/lang/invoke/LambdaForm$MH+0x000001de14374000
instanceKlass javafx/scene/control/ToggleGroup
instanceKlass org/fxmisc/richtext/ParagraphBox$CaretOffsetX
# instanceKlass java/lang/invoke/LambdaForm$DMH+0x000001de14368400
instanceKlass org/fxmisc/richtext/model/Codec$4
instanceKlass org/fxmisc/richtext/model/SuperCodec$1
instanceKlass org/fxmisc/richtext/model/SuperCodec
instanceKlass org/fxmisc/richtext/model/Codec$2
instanceKlass org/fxmisc/richtext/model/Codec$1
instanceKlass org/fxmisc/richtext/GenericStyledArea$2
instanceKlass  @bci org/fxmisc/richtext/GenericStyledArea initInputMethodHandling ()V 11 <appendix> member <vmtarget> ; # org/fxmisc/richtext/GenericStyledArea$$Lambda+0x000001de1436b3b0
instanceKlass  @bci org/reactfx/value/Val$3 connect ()Lorg/reactfx/Subscription; 5 <appendix> member <vmtarget> ; # org/reactfx/value/Val$3$$Lambda+0x000001de1436b178
instanceKlass  @bci org/fxmisc/richtext/GenericStyledArea <init> (Ljava/lang/Object;Ljava/util/function/BiConsumer;Ljava/lang/Object;Lorg/fxmisc/richtext/model/EditableStyledDocument;Lorg/fxmisc/richtext/model/TextOps;ZLjava/util/function/Function;)V 877 <appendix> member <vmtarget> ; # org/fxmisc/richtext/GenericStyledArea$$Lambda+0x000001de1436af50
instanceKlass  @bci org/fxmisc/richtext/GenericStyledArea <init> (Ljava/lang/Object;Ljava/util/function/BiConsumer;Ljava/lang/Object;Lorg/fxmisc/richtext/model/EditableStyledDocument;Lorg/fxmisc/richtext/model/TextOps;ZLjava/util/function/Function;)V 866 <appendix> member <vmtarget> ; # org/fxmisc/richtext/GenericStyledArea$$Lambda+0x000001de1436ad28
instanceKlass  @bci org/fxmisc/richtext/GenericStyledArea <init> (Ljava/lang/Object;Ljava/util/function/BiConsumer;Ljava/lang/Object;Lorg/fxmisc/richtext/model/EditableStyledDocument;Lorg/fxmisc/richtext/model/TextOps;ZLjava/util/function/Function;)V 831 <appendix> member <vmtarget> ; # org/fxmisc/richtext/GenericStyledArea$$Lambda+0x000001de1436ab00
instanceKlass  @bci org/fxmisc/richtext/GenericStyledAreaBehavior <init> (Lorg/fxmisc/richtext/GenericStyledArea;)V 135 <appendix> member <vmtarget> ; # org/fxmisc/richtext/GenericStyledAreaBehavior$$Lambda+0x000001de1436a8c8
instanceKlass  @bci org/fxmisc/richtext/GenericStyledAreaBehavior <init> (Lorg/fxmisc/richtext/GenericStyledArea;)V 122 <appendix> member <vmtarget> ; # org/fxmisc/richtext/GenericStyledAreaBehavior$$Lambda+0x000001de1436fd58
instanceKlass  @bci org/fxmisc/richtext/GenericStyledAreaBehavior <init> (Lorg/fxmisc/richtext/GenericStyledArea;)V 101 <appendix> argL0 ; # org/fxmisc/richtext/GenericStyledAreaBehavior$$Lambda+0x000001de1436fb18
instanceKlass  @bci org/reactfx/EventStreams animationFrames ()Lorg/reactfx/EventStream; 26 <appendix> argL0 ; # org/reactfx/EventStreams$$Lambda+0x000001de1436f8d8
instanceKlass  @bci org/reactfx/EventStream accumulate (Ljava/lang/Object;Ljava/util/function/BiFunction;)Lorg/reactfx/EventStream; 4 <appendix> member <vmtarget> ; # org/reactfx/EventStream$$Lambda+0x000001de1436edc8
instanceKlass  @bci org/reactfx/EventStreams animationFrames ()Lorg/reactfx/EventStream; 16 <appendix> argL0 ; # org/reactfx/EventStreams$$Lambda+0x000001de1436eb98
instanceKlass javafx/animation/AnimationTimer$AnimationTimerReceiver
instanceKlass javafx/animation/AnimationTimer
instanceKlass  @bci org/fxmisc/richtext/GenericStyledAreaBehavior <init> (Lorg/fxmisc/richtext/GenericStyledArea;)V 80 <appendix> argL0 ; # org/fxmisc/richtext/GenericStyledAreaBehavior$$Lambda+0x000001de1436da28
instanceKlass  @bci org/fxmisc/richtext/GenericStyledAreaBehavior <init> (Lorg/fxmisc/richtext/GenericStyledArea;)V 66 <appendix> argL0 ; # org/fxmisc/richtext/GenericStyledAreaBehavior$$Lambda+0x000001de1436d7f8
instanceKlass  @bci org/fxmisc/wellbehaved/event/InputHandlerMap forEach (Lorg/fxmisc/wellbehaved/event/InputMap$HandlerConsumer;)V 8 <appendix> member <vmtarget> ; # org/fxmisc/wellbehaved/event/InputHandlerMap$$Lambda+0x000001de1436d5c0
instanceKlass  @bci org/fxmisc/wellbehaved/event/template/InputMapTemplate$HandlerTemplateConsumer$1 accept (Ljavafx/event/EventType;Lorg/fxmisc/wellbehaved/event/template/InputHandlerTemplate;)V 10 <appendix> member <vmtarget> ; # org/fxmisc/wellbehaved/event/template/InputMapTemplate$HandlerTemplateConsumer$1$$Lambda+0x000001de1436d370
instanceKlass  @bci org/fxmisc/wellbehaved/event/template/InputMapTemplate$1 lambda$getInputHandlerTemplateMap$1 (Lorg/fxmisc/wellbehaved/event/InputHandler$Result;Ljava/util/function/BiConsumer;Lorg/fxmisc/wellbehaved/event/template/InputHandlerTemplate;)Lorg/fxmisc/wellbehaved/event/template/InputHandlerTemplate; 3 <appendix> member <vmtarget> ; # org/fxmisc/wellbehaved/event/template/InputMapTemplate$1$$Lambda+0x000001de1436d148
instanceKlass  @bci org/fxmisc/wellbehaved/event/template/InputMapTemplate$1 getInputHandlerTemplateMap ()Lorg/fxmisc/wellbehaved/event/template/InputHandlerTemplateMap; 15 <appendix> member <vmtarget> ; # org/fxmisc/wellbehaved/event/template/InputMapTemplate$1$$Lambda+0x000001de1436cf00
instanceKlass  @bci org/fxmisc/wellbehaved/event/template/InputMapTemplate$2 lambda$getInputHandlerTemplateMap$1 (Ljava/util/function/Predicate;Lorg/fxmisc/wellbehaved/event/template/InputHandlerTemplate;)Lorg/fxmisc/wellbehaved/event/template/InputHandlerTemplate; 2 <appendix> member <vmtarget> ; # org/fxmisc/wellbehaved/event/template/InputMapTemplate$2$$Lambda+0x000001de1436ccd8
instanceKlass  @bci org/fxmisc/wellbehaved/event/template/InputMapTemplate$2 getInputHandlerTemplateMap ()Lorg/fxmisc/wellbehaved/event/template/InputHandlerTemplateMap; 11 <appendix> member <vmtarget> ; # org/fxmisc/wellbehaved/event/template/InputMapTemplate$2$$Lambda+0x000001de1436ca90
instanceKlass  @bci org/fxmisc/wellbehaved/event/internal/PrefixTree$Branch entries ()Ljava/util/stream/Stream; 9 <appendix> argL0 ; # org/fxmisc/wellbehaved/event/internal/PrefixTree$Branch$$Lambda+0x000001de1436c850
instanceKlass  @bci org/fxmisc/wellbehaved/event/template/InputHandlerTemplateMap sequence (Lorg/fxmisc/wellbehaved/event/template/InputHandlerTemplate;Lorg/fxmisc/wellbehaved/event/template/InputHandlerTemplate;)Lorg/fxmisc/wellbehaved/event/template/InputHandlerTemplate; 2 <appendix> member <vmtarget> ; # org/fxmisc/wellbehaved/event/template/InputHandlerTemplateMap$$Lambda+0x000001de1436c238
instanceKlass  @bci org/fxmisc/wellbehaved/event/internal/PrefixTree flip (Ljava/util/function/BiFunction;)Ljava/util/function/BiFunction; 1 <appendix> member <vmtarget> ; # org/fxmisc/wellbehaved/event/internal/PrefixTree$$Lambda+0x000001de1436c000
instanceKlass  @bci org/fxmisc/wellbehaved/event/template/InputHandlerTemplateMap forEach (Lorg/fxmisc/wellbehaved/event/template/InputMapTemplate$HandlerTemplateConsumer;)V 8 <appendix> member <vmtarget> ; # org/fxmisc/wellbehaved/event/template/InputHandlerTemplateMap$$Lambda+0x000001de14367c68
instanceKlass  @bci org/fxmisc/wellbehaved/event/template/TemplateChain getInputHandlerTemplateMap ()Lorg/fxmisc/wellbehaved/event/template/InputHandlerTemplateMap; 42 <appendix> member <vmtarget> ; # org/fxmisc/wellbehaved/event/template/TemplateChain$$Lambda+0x000001de14367a40
instanceKlass  @bci org/fxmisc/wellbehaved/event/template/InputHandlerTemplateMap insertAfter (Ljavafx/event/EventType;Lorg/fxmisc/wellbehaved/event/template/InputHandlerTemplate;)V 9 <appendix> argL0 ; # org/fxmisc/wellbehaved/event/template/InputHandlerTemplateMap$$Lambda+0x000001de14367598
instanceKlass  @bci org/fxmisc/wellbehaved/event/template/PatternActionTemplate getInputHandlerTemplateMap ()Lorg/fxmisc/wellbehaved/event/template/InputHandlerTemplateMap; 26 <appendix> member <vmtarget> ; # org/fxmisc/wellbehaved/event/template/PatternActionTemplate$$Lambda+0x000001de14367360
instanceKlass  @bci org/fxmisc/wellbehaved/event/template/PatternActionTemplate getInputHandlerTemplateMap ()Lorg/fxmisc/wellbehaved/event/template/InputHandlerTemplateMap; 9 <appendix> member <vmtarget> ; # org/fxmisc/wellbehaved/event/template/PatternActionTemplate$$Lambda+0x000001de14367138
instanceKlass org/fxmisc/wellbehaved/event/template/InputHandlerTemplate
instanceKlass org/fxmisc/wellbehaved/event/template/InputHandlerTemplateMap$1
instanceKlass org/fxmisc/wellbehaved/event/template/InputHandlerTemplateMap
instanceKlass org/fxmisc/wellbehaved/event/template/InputMapTemplate$HandlerTemplateConsumer$1
instanceKlass org/fxmisc/wellbehaved/event/template/InputMapTemplate$HandlerTemplateConsumer
instanceKlass  @bci org/fxmisc/wellbehaved/event/InputMapChain forEachEventType (Lorg/fxmisc/wellbehaved/event/InputMap$HandlerConsumer;)V 41 <appendix> member <vmtarget> ; # org/fxmisc/wellbehaved/event/InputMapChain$$Lambda+0x000001de14366488
instanceKlass  @cpi org/fxmisc/wellbehaved/event/InputMapChain 94 form vmentry <vmtarget> ; # java/lang/invoke/LambdaForm$DMH+0x000001de14368000
instanceKlass org/fxmisc/wellbehaved/event/internal/PrefixTree
instanceKlass org/fxmisc/wellbehaved/event/InputHandlerMap$1
instanceKlass  @bci org/fxmisc/wellbehaved/event/InputHandlerMap <init> ()V 5 <appendix> argL0 ; # org/fxmisc/wellbehaved/event/InputHandlerMap$$Lambda+0x000001de14365680
instanceKlass org/fxmisc/wellbehaved/event/InputHandler
instanceKlass org/fxmisc/wellbehaved/event/internal/PrefixTree$Ops
instanceKlass org/fxmisc/wellbehaved/event/InputHandlerMap
instanceKlass org/fxmisc/wellbehaved/event/Nodes$1
instanceKlass  @bci org/fxmisc/wellbehaved/event/Nodes lambda$init$1 (Ljavafx/scene/Node;Ljavafx/collections/MapChangeListener$Change;)V 18 <appendix> member <vmtarget> ; # org/fxmisc/wellbehaved/event/Nodes$$Lambda+0x000001de14364c00
instanceKlass org/fxmisc/wellbehaved/event/InputMapChain
instanceKlass  @bci org/fxmisc/wellbehaved/event/Nodes init (Ljavafx/scene/Node;)V 45 <appendix> member <vmtarget> ; # org/fxmisc/wellbehaved/event/Nodes$$Lambda+0x000001de14364758
instanceKlass org/fxmisc/wellbehaved/event/Nodes
instanceKlass  @bci org/fxmisc/wellbehaved/event/InputMap <clinit> ()V 0 <appendix> argL0 ; # org/fxmisc/wellbehaved/event/InputMap$$Lambda+0x000001de143640e8
instanceKlass org/fxmisc/wellbehaved/event/InputMap$HandlerConsumer
instanceKlass org/fxmisc/wellbehaved/event/template/InputMapTemplateInstance
instanceKlass  @bci org/fxmisc/richtext/GenericStyledAreaBehavior <init> (Lorg/fxmisc/richtext/GenericStyledArea;)V 50 <appendix> argL0 ; # org/fxmisc/richtext/GenericStyledAreaBehavior$$Lambda+0x000001de14363a28
instanceKlass  @bci org/fxmisc/wellbehaved/event/template/InputMapTemplate consumeWhen (Lorg/fxmisc/wellbehaved/event/EventPattern;Ljava/util/function/Predicate;Ljava/util/function/BiConsumer;)Lorg/fxmisc/wellbehaved/event/template/InputMapTemplate; 3 <appendix> member <vmtarget> ; # org/fxmisc/wellbehaved/event/template/InputMapTemplate$$Lambda+0x000001de143635a8
instanceKlass  @bci org/fxmisc/richtext/GenericStyledAreaBehavior <clinit> ()V 2082 <appendix> argL0 ; # org/fxmisc/richtext/GenericStyledAreaBehavior$$Lambda+0x000001de14363378
instanceKlass  @bci org/fxmisc/richtext/GenericStyledAreaBehavior <clinit> ()V 2077 <appendix> argL0 ; # org/fxmisc/richtext/GenericStyledAreaBehavior$$Lambda+0x000001de14363128
instanceKlass  @bci org/fxmisc/richtext/GenericStyledAreaBehavior <clinit> ()V 2028 <appendix> argL0 ; # org/fxmisc/richtext/GenericStyledAreaBehavior$$Lambda+0x000001de14362ef8
instanceKlass  @bci org/fxmisc/richtext/GenericStyledAreaBehavior <clinit> ()V 2014 <appendix> argL0 ; # org/fxmisc/richtext/GenericStyledAreaBehavior$$Lambda+0x000001de14362cc8
instanceKlass  @bci org/fxmisc/richtext/GenericStyledAreaBehavior <clinit> ()V 1984 <appendix> argL0 ; # org/fxmisc/richtext/GenericStyledAreaBehavior$$Lambda+0x000001de14362a98
instanceKlass  @bci org/fxmisc/richtext/GenericStyledAreaBehavior <clinit> ()V 1970 <appendix> argL0 ; # org/fxmisc/richtext/GenericStyledAreaBehavior$$Lambda+0x000001de14362868
instanceKlass  @bci org/fxmisc/richtext/GenericStyledAreaBehavior <clinit> ()V 1944 <appendix> argL0 ; # org/fxmisc/richtext/GenericStyledAreaBehavior$$Lambda+0x000001de14362638
instanceKlass  @bci org/fxmisc/richtext/GenericStyledAreaBehavior <clinit> ()V 1924 <appendix> argL0 ; # org/fxmisc/richtext/GenericStyledAreaBehavior$$Lambda+0x000001de143623e8
instanceKlass  @bci org/fxmisc/richtext/GenericStyledAreaBehavior <clinit> ()V 1910 <appendix> argL0 ; # org/fxmisc/richtext/GenericStyledAreaBehavior$$Lambda+0x000001de143621b8
instanceKlass  @bci org/fxmisc/richtext/GenericStyledAreaBehavior <clinit> ()V 1900 <appendix> argL0 ; # org/fxmisc/richtext/GenericStyledAreaBehavior$$Lambda+0x000001de14361f68
instanceKlass  @bci org/fxmisc/richtext/GenericStyledAreaBehavior <clinit> ()V 1883 <appendix> argL0 ; # org/fxmisc/richtext/GenericStyledAreaBehavior$$Lambda+0x000001de14361d38
instanceKlass  @bci org/fxmisc/richtext/GenericStyledAreaBehavior <clinit> ()V 1873 <appendix> argL0 ; # org/fxmisc/richtext/GenericStyledAreaBehavior$$Lambda+0x000001de14361ae8
instanceKlass  @bci org/fxmisc/richtext/GenericStyledAreaBehavior <clinit> ()V 1856 <appendix> argL0 ; # org/fxmisc/richtext/GenericStyledAreaBehavior$$Lambda+0x000001de143618b8
instanceKlass  @bci org/fxmisc/richtext/GenericStyledAreaBehavior <clinit> ()V 1846 <appendix> argL0 ; # org/fxmisc/richtext/GenericStyledAreaBehavior$$Lambda+0x000001de14361668
instanceKlass  @bci org/fxmisc/richtext/GenericStyledAreaBehavior <clinit> ()V 1829 <appendix> argL0 ; # org/fxmisc/richtext/GenericStyledAreaBehavior$$Lambda+0x000001de14361438
instanceKlass  @bci org/fxmisc/richtext/GenericStyledAreaBehavior <clinit> ()V 1819 <appendix> argL0 ; # org/fxmisc/richtext/GenericStyledAreaBehavior$$Lambda+0x000001de143611e8
instanceKlass  @bci org/fxmisc/richtext/GenericStyledAreaBehavior <clinit> ()V 1802 <appendix> argL0 ; # org/fxmisc/richtext/GenericStyledAreaBehavior$$Lambda+0x000001de14360fb8
instanceKlass  @bci org/fxmisc/richtext/GenericStyledAreaBehavior <clinit> ()V 1788 <appendix> argL0 ; # org/fxmisc/richtext/GenericStyledAreaBehavior$$Lambda+0x000001de14360d88
instanceKlass  @bci org/fxmisc/wellbehaved/event/EventPattern mousePressed (Ljavafx/scene/input/MouseButton;)Lorg/fxmisc/wellbehaved/event/EventPattern; 4 <appendix> member <vmtarget> ; # org/fxmisc/wellbehaved/event/EventPattern$$Lambda+0x000001de14360b30
instanceKlass  @bci org/fxmisc/richtext/GenericStyledAreaBehavior <clinit> ()V 1763 <appendix> argL0 ; # org/fxmisc/richtext/GenericStyledAreaBehavior$$Lambda+0x000001de143608e0
instanceKlass  @bci org/fxmisc/richtext/GenericStyledAreaBehavior <clinit> ()V 1753 <appendix> argL0 ; # org/fxmisc/richtext/GenericStyledAreaBehavior$$Lambda+0x000001de143606b0
instanceKlass  @bci org/fxmisc/richtext/GenericStyledAreaBehavior <clinit> ()V 1745 <appendix> argL0 ; # org/fxmisc/richtext/GenericStyledAreaBehavior$$Lambda+0x000001de14360480
instanceKlass  @bci org/fxmisc/richtext/GenericStyledAreaBehavior <clinit> ()V 1730 <appendix> argL0 ; # org/fxmisc/richtext/GenericStyledAreaBehavior$$Lambda+0x000001de14360230
instanceKlass  @bci org/fxmisc/richtext/GenericStyledAreaBehavior <clinit> ()V 1709 <appendix> argL0 ; # org/fxmisc/richtext/GenericStyledAreaBehavior$$Lambda+0x000001de14360000
instanceKlass  @bci org/fxmisc/richtext/GenericStyledAreaBehavior <clinit> ()V 1691 <appendix> argL0 ; # org/fxmisc/richtext/GenericStyledAreaBehavior$$Lambda+0x000001de1435dd68
instanceKlass  @bci org/fxmisc/wellbehaved/event/template/InputMapTemplate consume (Lorg/fxmisc/wellbehaved/event/EventPattern;)Lorg/fxmisc/wellbehaved/event/template/InputMapTemplate; 1 <appendix> argL0 ; # org/fxmisc/wellbehaved/event/template/InputMapTemplate$$Lambda+0x000001de1435db38
instanceKlass  @bci java/util/function/Predicate and (Ljava/util/function/Predicate;)Ljava/util/function/Predicate; 7 <appendix> member <vmtarget> ; # java/util/function/Predicate$$Lambda+0x000001de1415a148
instanceKlass  @cpi java/util/function/Predicate 72 form vmentry <vmtarget> ; # java/lang/invoke/LambdaForm$DMH+0x000001de1435c800
instanceKlass  @bci org/fxmisc/richtext/GenericStyledAreaBehavior <clinit> ()V 1654 <appendix> argL0 ; # org/fxmisc/richtext/GenericStyledAreaBehavior$$Lambda+0x000001de1435d8e8
instanceKlass  @bci org/fxmisc/richtext/GenericStyledAreaBehavior <clinit> ()V 1646 <appendix> argL0 ; # org/fxmisc/richtext/GenericStyledAreaBehavior$$Lambda+0x000001de1435d698
instanceKlass  @bci org/fxmisc/richtext/GenericStyledAreaBehavior <clinit> ()V 1636 <appendix> argL0 ; # org/fxmisc/richtext/GenericStyledAreaBehavior$$Lambda+0x000001de1435d468
instanceKlass  @bci org/fxmisc/richtext/GenericStyledAreaBehavior <clinit> ()V 1576 <appendix> argL0 ; # org/fxmisc/richtext/GenericStyledAreaBehavior$$Lambda+0x000001de1435d238
instanceKlass  @bci org/fxmisc/richtext/GenericStyledAreaBehavior <clinit> ()V 1560 <appendix> member <vmtarget> ; # org/fxmisc/richtext/GenericStyledAreaBehavior$$Lambda+0x000001de1435d000
instanceKlass  @bci org/fxmisc/richtext/GenericStyledAreaBehavior <clinit> ()V 1490 <appendix> member <vmtarget> ; # org/fxmisc/richtext/GenericStyledAreaBehavior$$Lambda+0x000001de1435fc90
instanceKlass  @bci org/fxmisc/richtext/GenericStyledAreaBehavior <clinit> ()V 1420 <appendix> member <vmtarget> ; # org/fxmisc/richtext/GenericStyledAreaBehavior$$Lambda+0x000001de1435fa58
instanceKlass  @bci org/fxmisc/richtext/GenericStyledAreaBehavior <clinit> ()V 1385 <appendix> member <vmtarget> ; # org/fxmisc/richtext/GenericStyledAreaBehavior$$Lambda+0x000001de1435f820
instanceKlass  @bci org/fxmisc/richtext/GenericStyledAreaBehavior <clinit> ()V 1350 <appendix> member <vmtarget> ; # org/fxmisc/richtext/GenericStyledAreaBehavior$$Lambda+0x000001de1435f5e8
instanceKlass  @bci org/fxmisc/richtext/GenericStyledAreaBehavior <clinit> ()V 1321 <appendix> member <vmtarget> ; # org/fxmisc/richtext/GenericStyledAreaBehavior$$Lambda+0x000001de1435f3b0
instanceKlass  @cpi org/fxmisc/richtext/GenericStyledAreaBehavior 810 form vmentry <vmtarget> ; # java/lang/invoke/LambdaForm$DMH+0x000001de1435c400
instanceKlass  @bci org/fxmisc/richtext/GenericStyledAreaBehavior <clinit> ()V 1292 <appendix> argL0 ; # org/fxmisc/richtext/GenericStyledAreaBehavior$$Lambda+0x000001de1435f180
instanceKlass  @bci org/fxmisc/richtext/GenericStyledAreaBehavior <clinit> ()V 1235 <appendix> argL0 ; # org/fxmisc/richtext/GenericStyledAreaBehavior$$Lambda+0x000001de1435ef50
instanceKlass  @bci org/fxmisc/richtext/GenericStyledAreaBehavior <clinit> ()V 1178 <appendix> argL0 ; # org/fxmisc/richtext/GenericStyledAreaBehavior$$Lambda+0x000001de1435ed20
instanceKlass  @bci org/fxmisc/richtext/GenericStyledAreaBehavior <clinit> ()V 1150 <appendix> argL0 ; # org/fxmisc/richtext/GenericStyledAreaBehavior$$Lambda+0x000001de1435eaf0
instanceKlass  @bci org/fxmisc/richtext/GenericStyledAreaBehavior <clinit> ()V 1122 <appendix> argL0 ; # org/fxmisc/richtext/GenericStyledAreaBehavior$$Lambda+0x000001de1435e8c0
instanceKlass  @bci org/fxmisc/richtext/GenericStyledAreaBehavior <clinit> ()V 1066 <appendix> argL0 ; # org/fxmisc/richtext/GenericStyledAreaBehavior$$Lambda+0x000001de1435e690
instanceKlass  @bci org/fxmisc/richtext/GenericStyledAreaBehavior <clinit> ()V 1010 <appendix> argL0 ; # org/fxmisc/richtext/GenericStyledAreaBehavior$$Lambda+0x000001de1435e460
instanceKlass  @bci org/fxmisc/richtext/GenericStyledAreaBehavior <clinit> ()V 989 <appendix> argL0 ; # org/fxmisc/richtext/GenericStyledAreaBehavior$$Lambda+0x000001de1435e230
instanceKlass  @bci org/fxmisc/richtext/GenericStyledAreaBehavior <clinit> ()V 968 <appendix> argL0 ; # org/fxmisc/richtext/GenericStyledAreaBehavior$$Lambda+0x000001de1435e000
instanceKlass  @bci org/fxmisc/richtext/GenericStyledAreaBehavior <clinit> ()V 924 <appendix> argL0 ; # org/fxmisc/richtext/GenericStyledAreaBehavior$$Lambda+0x000001de1435bd48
instanceKlass  @bci org/fxmisc/richtext/GenericStyledAreaBehavior <clinit> ()V 870 <appendix> argL0 ; # org/fxmisc/richtext/GenericStyledAreaBehavior$$Lambda+0x000001de1435bb18
instanceKlass  @bci org/fxmisc/richtext/GenericStyledAreaBehavior <clinit> ()V 842 <appendix> argL0 ; # org/fxmisc/richtext/GenericStyledAreaBehavior$$Lambda+0x000001de1435b8e8
instanceKlass  @bci org/fxmisc/richtext/GenericStyledAreaBehavior <clinit> ()V 814 <appendix> argL0 ; # org/fxmisc/richtext/GenericStyledAreaBehavior$$Lambda+0x000001de1435b6b8
instanceKlass  @bci org/fxmisc/richtext/GenericStyledAreaBehavior <clinit> ()V 758 <appendix> argL0 ; # org/fxmisc/richtext/GenericStyledAreaBehavior$$Lambda+0x000001de1435b488
instanceKlass  @bci org/fxmisc/richtext/GenericStyledAreaBehavior <clinit> ()V 702 <appendix> argL0 ; # org/fxmisc/richtext/GenericStyledAreaBehavior$$Lambda+0x000001de1435b258
instanceKlass  @bci org/fxmisc/richtext/GenericStyledAreaBehavior <clinit> ()V 681 <appendix> argL0 ; # org/fxmisc/richtext/GenericStyledAreaBehavior$$Lambda+0x000001de1435b028
instanceKlass  @bci org/fxmisc/richtext/GenericStyledAreaBehavior <clinit> ()V 660 <appendix> argL0 ; # org/fxmisc/richtext/GenericStyledAreaBehavior$$Lambda+0x000001de1435adf8
instanceKlass  @bci org/fxmisc/richtext/GenericStyledAreaBehavior <clinit> ()V 616 <appendix> argL0 ; # org/fxmisc/richtext/GenericStyledAreaBehavior$$Lambda+0x000001de1435abc8
instanceKlass  @bci org/fxmisc/richtext/GenericStyledAreaBehavior <clinit> ()V 564 <appendix> argL0 ; # org/fxmisc/richtext/GenericStyledAreaBehavior$$Lambda+0x000001de1435a978
instanceKlass  @bci org/fxmisc/richtext/GenericStyledAreaBehavior <clinit> ()V 550 <appendix> argL0 ; # org/fxmisc/richtext/GenericStyledAreaBehavior$$Lambda+0x000001de1435a748
instanceKlass  @bci org/fxmisc/richtext/GenericStyledAreaBehavior <clinit> ()V 528 <appendix> argL0 ; # org/fxmisc/richtext/GenericStyledAreaBehavior$$Lambda+0x000001de1435a518
instanceKlass  @bci org/fxmisc/richtext/GenericStyledAreaBehavior <clinit> ()V 493 <appendix> argL0 ; # org/fxmisc/richtext/GenericStyledAreaBehavior$$Lambda+0x000001de1435a2e8
instanceKlass  @bci org/fxmisc/richtext/GenericStyledAreaBehavior <clinit> ()V 476 <appendix> argL0 ; # org/fxmisc/richtext/GenericStyledAreaBehavior$$Lambda+0x000001de1435a0b8
instanceKlass  @bci org/fxmisc/richtext/GenericStyledAreaBehavior <clinit> ()V 454 <appendix> argL0 ; # org/fxmisc/richtext/GenericStyledAreaBehavior$$Lambda+0x000001de14359e88
instanceKlass  @bci org/fxmisc/richtext/GenericStyledAreaBehavior <clinit> ()V 432 <appendix> argL0 ; # org/fxmisc/richtext/GenericStyledAreaBehavior$$Lambda+0x000001de14359c58
instanceKlass  @bci org/fxmisc/richtext/GenericStyledAreaBehavior <clinit> ()V 374 <appendix> argL0 ; # org/fxmisc/richtext/GenericStyledAreaBehavior$$Lambda+0x000001de14359a28
instanceKlass  @cpi org/fxmisc/richtext/GenericStyledAreaBehavior 763 form vmentry <vmtarget> ; # java/lang/invoke/LambdaForm$DMH+0x000001de1435c000
instanceKlass org/fxmisc/wellbehaved/event/EventPattern$3
instanceKlass  @bci org/fxmisc/richtext/GenericStyledAreaBehavior <clinit> ()V 316 <appendix> argL0 ; # org/fxmisc/richtext/GenericStyledAreaBehavior$$Lambda+0x000001de143593a0
instanceKlass  @bci org/fxmisc/richtext/GenericStyledAreaBehavior <clinit> ()V 289 <appendix> argL0 ; # org/fxmisc/richtext/GenericStyledAreaBehavior$$Lambda+0x000001de14359170
instanceKlass  @bci org/fxmisc/richtext/GenericStyledAreaBehavior <clinit> ()V 262 <appendix> argL0 ; # org/fxmisc/richtext/GenericStyledAreaBehavior$$Lambda+0x000001de14358f40
instanceKlass  @bci org/fxmisc/richtext/GenericStyledAreaBehavior <clinit> ()V 235 <appendix> argL0 ; # org/fxmisc/richtext/GenericStyledAreaBehavior$$Lambda+0x000001de14358d10
instanceKlass  @bci org/fxmisc/wellbehaved/event/template/PatternActionTemplate <clinit> ()V 0 <appendix> argL0 ; # org/fxmisc/wellbehaved/event/template/PatternActionTemplate$$Lambda+0x000001de14358ae0
instanceKlass  @bci org/fxmisc/wellbehaved/event/template/InputMapTemplate consume (Lorg/fxmisc/wellbehaved/event/EventPattern;Ljava/util/function/BiConsumer;)Lorg/fxmisc/wellbehaved/event/template/InputMapTemplate; 2 <appendix> member <vmtarget> ; # org/fxmisc/wellbehaved/event/template/InputMapTemplate$$Lambda+0x000001de143588a8
instanceKlass org/fxmisc/wellbehaved/event/InputMap
instanceKlass  @bci org/fxmisc/richtext/GenericStyledAreaBehavior <clinit> ()V 214 <appendix> argL0 ; # org/fxmisc/richtext/GenericStyledAreaBehavior$$Lambda+0x000001de14355800
instanceKlass org/fxmisc/wellbehaved/event/EventPattern$2
instanceKlass  @bci org/fxmisc/wellbehaved/event/EventPattern keyPressed (Ljavafx/scene/input/KeyCombination;)Lorg/fxmisc/wellbehaved/event/EventPattern; 9 <appendix> member <vmtarget> ; # org/fxmisc/wellbehaved/event/EventPattern$$Lambda+0x000001de14357a18
instanceKlass  @cpi org/fxmisc/wellbehaved/event/EventPattern 193 form vmentry <vmtarget> ; # java/lang/invoke/LambdaForm$DMH+0x000001de14355000
instanceKlass org/fxmisc/wellbehaved/event/EventPattern$4
instanceKlass org/fxmisc/wellbehaved/event/EventPattern
instanceKlass org/fxmisc/wellbehaved/event/template/InputMapTemplate
instanceKlass org/fxmisc/richtext/GenericStyledAreaBehavior
instanceKlass  @bci org/fxmisc/richtext/GenericStyledArea <init> (Ljava/lang/Object;Ljava/util/function/BiConsumer;Ljava/lang/Object;Lorg/fxmisc/richtext/model/EditableStyledDocument;Lorg/fxmisc/richtext/model/TextOps;ZLjava/util/function/Function;)V 804 <appendix> member <vmtarget> ; # org/fxmisc/richtext/GenericStyledArea$$Lambda+0x000001de14356928
instanceKlass  @bci org/fxmisc/richtext/GenericStyledArea <init> (Ljava/lang/Object;Ljava/util/function/BiConsumer;Ljava/lang/Object;Lorg/fxmisc/richtext/model/EditableStyledDocument;Lorg/fxmisc/richtext/model/TextOps;ZLjava/util/function/Function;)V 793 <appendix> member <vmtarget> ; # org/fxmisc/richtext/GenericStyledArea$$Lambda+0x000001de143566e0
instanceKlass org/reactfx/BiSuspendable
instanceKlass  @bci org/fxmisc/richtext/GenericStyledArea <init> (Ljava/lang/Object;Ljava/util/function/BiConsumer;Ljava/lang/Object;Lorg/fxmisc/richtext/model/EditableStyledDocument;Lorg/fxmisc/richtext/model/TextOps;ZLjava/util/function/Function;)V 724 <appendix> argL0 ; # org/fxmisc/richtext/GenericStyledArea$$Lambda+0x000001de14356240
instanceKlass  @bci org/fxmisc/richtext/ParagraphBox layoutChildren ()V 154 <adapter> ; # java/lang/invoke/LambdaForm$MH+0x000001de14354c00
# instanceKlass java/lang/invoke/LambdaForm$DMH+0x000001de14354800
instanceKlass  @bci org/fxmisc/richtext/ParagraphBox layoutChildren ()V 154 <appendix> form vmentry <vmtarget> ; # java/lang/invoke/LambdaForm$DMH+0x000001de14354400
instanceKlass  @bci org/fxmisc/richtext/ParagraphBox layoutChildren ()V 154 <appendix> member <vmtarget> ; # org/fxmisc/richtext/ParagraphBox$$Lambda+0x000001de14356000
instanceKlass  @cpi org/fxmisc/richtext/ParagraphBox 462 form vmentry <vmtarget> ; # java/lang/invoke/LambdaForm$DMH+0x000001de14354000
instanceKlass  @bci org/fxmisc/richtext/ParagraphBox layoutChildren ()V 139 <appendix> argL0 ; # org/fxmisc/richtext/ParagraphBox$$Lambda+0x000001de14353cc8
instanceKlass  @bci org/reactfx/util/SparseList getPresentItemsRange ()Ljavafx/scene/control/IndexRange; 63 <appendix> member <vmtarget> ; # org/reactfx/util/SparseList$$Lambda+0x000001de14353a90
instanceKlass  @bci org/reactfx/util/SparseList getPresentItemsRange ()Ljavafx/scene/control/IndexRange; 50 <appendix> argL0 ; # org/reactfx/util/SparseList$$Lambda+0x000001de14353870
instanceKlass  @bci org/reactfx/util/SparseList getPresentItemsRange ()Ljavafx/scene/control/IndexRange; 31 <appendix> member <vmtarget> ; # org/reactfx/util/SparseList$$Lambda+0x000001de14353638
instanceKlass  @bci org/reactfx/util/SparseList getPresentItemsRange ()Ljavafx/scene/control/IndexRange; 21 <appendix> argL0 ; # org/reactfx/util/SparseList$$Lambda+0x000001de14353418
instanceKlass  @bci org/reactfx/util/SparseList get (I)Ljava/util/Optional; 10 <appendix> argL0 ; # org/reactfx/util/SparseList$$Lambda+0x000001de143531e8
instanceKlass  @bci org/reactfx/util/SparseList get (I)Ljava/util/Optional; 4 <appendix> argL0 ; # org/reactfx/util/SparseList$$Lambda+0x000001de14352fc8
instanceKlass  @bci org/reactfx/util/FingerTree$NonEmptyFingerTree appendTree (Lorg/reactfx/util/FingerTree;)Lorg/reactfx/util/FingerTree$NonEmptyFingerTree; 19 <appendix> argL0 ; # org/reactfx/util/FingerTree$NonEmptyFingerTree$$Lambda+0x000001de14352d88
instanceKlass  @bci org/reactfx/util/FingerTree$Leaf appendLte (Lorg/reactfx/util/FingerTree;)Lorg/reactfx/util/Either; 41 <appendix> member <vmtarget> ; # org/reactfx/util/FingerTree$Leaf$$Lambda+0x000001de14352b40
instanceKlass  @bci org/reactfx/util/FingerTree$Leaf appendLte (Lorg/reactfx/util/FingerTree;)Lorg/reactfx/util/Either; 30 <appendix> member <vmtarget> ; # org/reactfx/util/FingerTree$Leaf$$Lambda+0x000001de143528f8
instanceKlass org/reactfx/collection/ListModificationImpl
instanceKlass org/reactfx/util/Lists$1
instanceKlass  @bci org/reactfx/collection/QuasiListChange lambda$instantiate$1 (Lorg/reactfx/collection/QuasiListChange;Ljavafx/collections/ObservableList;)Ljava/util/List; 7 <appendix> member <vmtarget> ; # org/reactfx/collection/QuasiListChange$$Lambda+0x000001de143521c0
instanceKlass  @bci org/reactfx/collection/QuasiListChange instantiate (Lorg/reactfx/collection/QuasiListChange;Ljavafx/collections/ObservableList;)Lorg/reactfx/collection/ListChange; 2 <appendix> member <vmtarget> ; # org/reactfx/collection/QuasiListChange$$Lambda+0x000001de14351f28
instanceKlass  @bci org/fxmisc/richtext/ParagraphBox getGraphicPrefWidth ()D 14 <appendix> argL0 ; # org/fxmisc/richtext/ParagraphBox$$Lambda+0x000001de14351ce8
instanceKlass  @bci org/reactfx/value/Val filter (Ljavafx/beans/value/ObservableValue;Ljava/util/function/Predicate;)Lorg/reactfx/value/Val; 2 <appendix> member <vmtarget> ; # org/reactfx/value/Val$$Lambda+0x000001de14351aa0
instanceKlass  @bci org/fxmisc/richtext/ParagraphBox getGraphicPrefWidth ()D 4 <appendix> argL0 ; # org/fxmisc/richtext/ParagraphBox$$Lambda+0x000001de14351850
instanceKlass  @bci org/reactfx/util/SparseList getOrThrow (I)Ljava/lang/Object; 10 <appendix> argL0 ; # org/reactfx/util/SparseList$$Lambda+0x000001de14351620
instanceKlass  @bci org/reactfx/util/SparseList getOrThrow (I)Ljava/lang/Object; 4 <appendix> argL0 ; # org/reactfx/util/SparseList$$Lambda+0x000001de14351400
instanceKlass org/reactfx/collection/MappedList$1$1
instanceKlass  @bci org/reactfx/collection/MappedList$1 getModifications ()Ljava/util/List; 16 <appendix> member <vmtarget> ; # org/reactfx/collection/MappedList$1$$Lambda+0x000001de143502e0
instanceKlass org/reactfx/collection/MappedList$1
instanceKlass org/fxmisc/richtext/ParagraphText$LineAttributesBase
instanceKlass com/sun/javafx/collections/ObservableMapWrapper$ObservableValues$1
instanceKlass  @bci org/fxmisc/richtext/ParagraphText updateAllSelectionShapes ()V 10 <appendix> member <vmtarget> ; # org/fxmisc/richtext/ParagraphText$$Lambda+0x000001de14349a70
instanceKlass com/sun/javafx/collections/ObservableMapWrapper$ObservableValues
instanceKlass com/sun/javafx/collections/ObservableSetWrapper$1
instanceKlass  @bci org/fxmisc/richtext/ParagraphText updateAllCaretShapes ()V 5 <appendix> member <vmtarget> ; # org/fxmisc/richtext/ParagraphText$$Lambda+0x000001de14349258
instanceKlass javafx/scene/text/TextFlow$EmbeddedSpan
instanceKlass  @bci org/fxmisc/richtext/TextFlowLayout <init> (Ljavafx/scene/text/TextFlow;)V 40 <appendix> member <vmtarget> ; # org/fxmisc/richtext/TextFlowLayout$$Lambda+0x000001de1434bc00
instanceKlass  @bci org/fxmisc/richtext/TextFlowLayout <init> (Ljavafx/scene/text/TextFlow;)V 25 <appendix> member <vmtarget> ; # org/fxmisc/richtext/TextFlowLayout$$Lambda+0x000001de1434b9d8
instanceKlass org/fxmisc/richtext/TextFlowSpan
instanceKlass org/fxmisc/richtext/TextFlowLayout
instanceKlass  @bci org/fxmisc/richtext/SelectionPath <init> (Lorg/reactfx/value/Val;)V 39 <appendix> member <vmtarget> ; # org/fxmisc/richtext/SelectionPath$$Lambda+0x000001de1434b320
instanceKlass  @bci org/fxmisc/richtext/SelectionPath <clinit> ()V 12 <appendix> argL0 ; # org/fxmisc/richtext/SelectionPath$$Lambda+0x000001de1434b0e0
instanceKlass  @bci org/fxmisc/richtext/GenericStyledArea lambda$createCell$66 (Lorg/fxmisc/richtext/ParagraphBox;Lorg/fxmisc/richtext/Selection;Lorg/reactfx/util/Tuple3;)V 73 <appendix> member <vmtarget> ; # org/fxmisc/richtext/GenericStyledArea$$Lambda+0x000001de1434aeb8
instanceKlass com/sun/javafx/util/WeakReferenceQueue$1
instanceKlass javafx/scene/shape/LineTo$1
instanceKlass com/sun/javafx/scene/shape/LineToHelper$LineToAccessor
instanceKlass javafx/scene/shape/MoveTo$1
instanceKlass com/sun/javafx/scene/shape/PathElementHelper
instanceKlass javafx/scene/shape/PathElement$1
instanceKlass com/sun/javafx/scene/shape/MoveToHelper$MoveToAccessor
instanceKlass com/sun/javafx/scene/shape/PathElementHelper$PathElementAccessor
instanceKlass javafx/scene/text/Text$2
instanceKlass  @bci org/fxmisc/richtext/GenericStyledArea lambda$createCell$58 (Lorg/fxmisc/richtext/ParagraphBox;Lorg/reactfx/util/Tuple2;)V 2 <appendix> member <vmtarget> ; # org/fxmisc/richtext/GenericStyledArea$$Lambda+0x000001de1434c688
instanceKlass  @bci org/reactfx/util/SparseList indexOfPresentItem (I)I 22 <appendix> member <vmtarget> ; # org/reactfx/util/SparseList$$Lambda+0x000001de1434c450
instanceKlass  @cpi org/reactfx/util/SparseList 342 form vmentry <vmtarget> ; # java/lang/invoke/LambdaForm$DMH+0x000001de14348400
instanceKlass  @bci org/reactfx/util/SparseList indexOfPresentItem (I)I 12 <appendix> argL0 ; # org/reactfx/util/SparseList$$Lambda+0x000001de1434c230
instanceKlass  @bci org/reactfx/util/SparseList getPresent (I)Ljava/lang/Object; 10 <appendix> argL0 ; # org/reactfx/util/SparseList$$Lambda+0x000001de1434c000
instanceKlass  @cpi org/reactfx/util/SparseList 322 form vmentry <vmtarget> ; # java/lang/invoke/LambdaForm$DMH+0x000001de14348000
instanceKlass  @bci org/reactfx/util/SparseList getPresent (I)Ljava/lang/Object; 4 <appendix> argL0 ; # org/reactfx/util/SparseList$$Lambda+0x000001de14347c88
instanceKlass  @bci org/reactfx/util/ListNotifications takeHead (Lorg/reactfx/collection/LiveList$Observer;Lorg/reactfx/collection/ListModificationSequence;)Ljava/lang/Runnable; 10 <appendix> member <vmtarget> ; # org/reactfx/util/ListNotifications$$Lambda+0x000001de14347a60
instanceKlass org/reactfx/util/ListHelper$MultiElemHelper$1
instanceKlass  @bci org/reactfx/collection/QuasiListModification asListChange ()Lorg/reactfx/collection/QuasiListChange; 1 <appendix> member <vmtarget> ; # org/reactfx/collection/QuasiListModification$$Lambda+0x000001de14343b08
instanceKlass  @cpi org/reactfx/collection/QuasiListModification 111 form vmentry <vmtarget> ; # java/lang/invoke/LambdaForm$DMH+0x000001de14347400
instanceKlass org/reactfx/collection/ListModification
instanceKlass org/reactfx/collection/QuasiListModificationImpl
instanceKlass  @bci org/reactfx/util/SparseList getPresentCountBefore (I)I 19 <appendix> argL0 ; # org/reactfx/util/SparseList$$Lambda+0x000001de14343410
instanceKlass  @cpi org/reactfx/util/SparseList 332 form vmentry <vmtarget> ; # java/lang/invoke/LambdaForm$DMH+0x000001de14347000
instanceKlass  @bci org/reactfx/util/SparseList getPresentCountBefore (I)I 12 <appendix> argL0 ; # org/reactfx/util/SparseList$$Lambda+0x000001de143431f0
instanceKlass  @bci org/reactfx/util/SparseList lambda$null$12 (Lorg/reactfx/util/FingerTree$NonEmptyFingerTree;ILjava/util/List;Lorg/reactfx/util/FingerTree;Lorg/reactfx/util/Tuple2;Lorg/reactfx/util/FingerTree;)Lorg/reactfx/util/FingerTree; 16 <appendix> member <vmtarget> ; # org/reactfx/util/SparseList$$Lambda+0x000001de14342fb8
instanceKlass  @bci org/reactfx/util/SparseList lambda$null$12 (Lorg/reactfx/util/FingerTree$NonEmptyFingerTree;ILjava/util/List;Lorg/reactfx/util/FingerTree;Lorg/reactfx/util/Tuple2;Lorg/reactfx/util/FingerTree;)Lorg/reactfx/util/FingerTree; 1 <appendix> argL0 ; # org/reactfx/util/SparseList$$Lambda+0x000001de14342d98
instanceKlass  @bci org/reactfx/util/SparseList lambda$spliceSegments$13 (IILjava/util/List;Lorg/reactfx/util/FingerTree$NonEmptyFingerTree;)Lorg/reactfx/util/FingerTree; 16 <adapter> ; # java/lang/invoke/LambdaForm$MH+0x000001de14346c00
# instanceKlass java/lang/invoke/LambdaForm$DMH+0x000001de14346800
instanceKlass  @bci org/reactfx/util/SparseList lambda$spliceSegments$13 (IILjava/util/List;Lorg/reactfx/util/FingerTree$NonEmptyFingerTree;)Lorg/reactfx/util/FingerTree; 16 <appendix> form vmentry <vmtarget> ; # java/lang/invoke/LambdaForm$DMH+0x000001de14346400
instanceKlass  @bci org/reactfx/util/SparseList lambda$spliceSegments$13 (IILjava/util/List;Lorg/reactfx/util/FingerTree$NonEmptyFingerTree;)Lorg/reactfx/util/FingerTree; 16 <appendix> member <vmtarget> ; # org/reactfx/util/SparseList$$Lambda+0x000001de14342b60
instanceKlass  @cpi org/reactfx/util/SparseList 440 form vmentry <vmtarget> ; # java/lang/invoke/LambdaForm$DMH+0x000001de14346000
instanceKlass  @bci org/reactfx/util/FingerTree$NonEmptyFingerTree split (Ljava/util/function/BiFunction;I)Lorg/reactfx/util/Tuple3; 73 <appendix> member <vmtarget> ; # org/reactfx/util/FingerTree$NonEmptyFingerTree$$Lambda+0x000001de14342928
instanceKlass  @bci org/reactfx/util/FingerTree$NonEmptyFingerTree lambda$splitAt$1 (Lorg/reactfx/util/FingerTree;Lorg/reactfx/util/FingerTree;)Lorg/reactfx/util/Tuple3; 6 <appendix> member <vmtarget> ; # org/reactfx/util/FingerTree$NonEmptyFingerTree$$Lambda+0x000001de143426f0
instanceKlass  @bci org/reactfx/util/FingerTree$NonEmptyFingerTree splitAt (I)Lorg/reactfx/util/Tuple3; 13 <appendix> argL0 ; # org/reactfx/util/FingerTree$NonEmptyFingerTree$$Lambda+0x000001de143424c0
instanceKlass  @bci org/reactfx/util/FingerTree$Leaf locate0 (Ljava/util/function/BiFunction;I)Lorg/reactfx/util/BiIndex; 22 <appendix> argL0 ; # org/reactfx/util/FingerTree$Leaf$$Lambda+0x000001de14342280
instanceKlass  @bci org/reactfx/util/FingerTree$Leaf locate0 (Ljava/util/function/BiFunction;I)Lorg/reactfx/util/BiIndex; 17 <appendix> argL0 ; # org/reactfx/util/FingerTree$Leaf$$Lambda+0x000001de14342040
instanceKlass  @bci org/reactfx/util/FingerTree$NonEmptyFingerTree split (Ljava/util/function/ToIntFunction;I)Lorg/reactfx/util/Tuple3; 11 <appendix> member <vmtarget> ; # org/reactfx/util/FingerTree$NonEmptyFingerTree$$Lambda+0x000001de14341e08
instanceKlass  @bci org/reactfx/util/SparseList lambda$spliceSegments$13 (IILjava/util/List;Lorg/reactfx/util/FingerTree$NonEmptyFingerTree;)Lorg/reactfx/util/FingerTree; 2 <appendix> argL0 ; # org/reactfx/util/SparseList$$Lambda+0x000001de14341be8
instanceKlass  @bci org/reactfx/util/SparseList spliceSegments (IILjava/util/List;)V 45 <adapter> ; # java/lang/invoke/LambdaForm$MH+0x000001de14345c00
# instanceKlass java/lang/invoke/LambdaForm$DMH+0x000001de14345800
instanceKlass  @bci org/reactfx/util/SparseList spliceSegments (IILjava/util/List;)V 45 <appendix> form vmentry <vmtarget> ; # java/lang/invoke/LambdaForm$DMH+0x000001de14345400
instanceKlass  @bci org/reactfx/util/SparseList spliceSegments (IILjava/util/List;)V 45 <appendix> member <vmtarget> ; # org/reactfx/util/SparseList$$Lambda+0x000001de143419a0
instanceKlass  @cpi org/reactfx/util/SparseList 414 form vmentry <vmtarget> ; # java/lang/invoke/LambdaForm$DMH+0x000001de14345000
instanceKlass  @bci org/reactfx/util/SparseList spliceSegments (IILjava/util/List;)V 31 <appendix> member <vmtarget> ; # org/reactfx/util/SparseList$$Lambda+0x000001de14341758
instanceKlass org/reactfx/util/SparseList$PresentSegment
instanceKlass  @bci org/reactfx/util/SparseList set (ILjava/lang/Object;)V 16 <appendix> member <vmtarget> ; # org/reactfx/util/SparseList$$Lambda+0x000001de14341290
instanceKlass  @cpi org/reactfx/util/SparseList 372 form vmentry <vmtarget> ; # java/lang/invoke/LambdaForm$DMH+0x000001de14344c00
instanceKlass  @bci org/reactfx/util/SparseList set (ILjava/lang/Object;)V 16 <adapter> ; # java/lang/invoke/LambdaForm$MH+0x000001de14344800
# instanceKlass java/lang/invoke/LambdaForm$DMH+0x000001de14344400
instanceKlass  @bci org/reactfx/util/SparseList set (ILjava/lang/Object;)V 16 <appendix> form vmentry <vmtarget> ; # java/lang/invoke/LambdaForm$DMH+0x000001de14344000
instanceKlass  @bci org/reactfx/util/FingerTree get (Ljava/util/function/ToIntFunction;I)Lorg/reactfx/util/Tuple2; 12 <appendix> member <vmtarget> ; # org/reactfx/util/FingerTree$$Lambda+0x000001de14341048
instanceKlass  @bci org/reactfx/util/FingerTree get (Ljava/util/function/ToIntFunction;I)Lorg/reactfx/util/Tuple2; 4 <appendix> argL0 ; # org/reactfx/util/FingerTree$$Lambda+0x000001de14340e08
instanceKlass  @bci org/reactfx/util/SparseList set (ILjava/lang/Object;)V 4 <appendix> argL0 ; # org/reactfx/util/SparseList$$Lambda+0x000001de14340be8
instanceKlass  @bci org/fxmisc/flowless/CellListManager cellForItem (Ljava/lang/Object;)Lorg/fxmisc/flowless/Cell; 87 <appendix> member <vmtarget> ; # org/fxmisc/flowless/CellListManager$$Lambda+0x000001de143409c0
instanceKlass org/reactfx/LimitedInvocationSubscriber
instanceKlass  @bci org/fxmisc/flowless/CellListManager cellForItem (Ljava/lang/Object;)Lorg/fxmisc/flowless/Cell; 24 <appendix> member <vmtarget> ; # org/fxmisc/flowless/CellListManager$$Lambda+0x000001de14340540
instanceKlass  @bci org/fxmisc/richtext/GenericStyledArea lambda$new$13 (Ljava/util/function/BiConsumer;Ljava/util/function/Function;Ljavafx/collections/ObservableSet;Lorg/fxmisc/richtext/model/Paragraph;)Lorg/fxmisc/flowless/Cell; 45 <appendix> member <vmtarget> ; # org/fxmisc/richtext/GenericStyledArea$$Lambda+0x000001de14340308
instanceKlass org/fxmisc/flowless/CellWrapper
instanceKlass  @bci org/fxmisc/richtext/GenericStyledArea lambda$new$13 (Ljava/util/function/BiConsumer;Ljava/util/function/Function;Ljavafx/collections/ObservableSet;Lorg/fxmisc/richtext/model/Paragraph;)Lorg/fxmisc/flowless/Cell; 32 <appendix> member <vmtarget> ; # org/fxmisc/richtext/GenericStyledArea$$Lambda+0x000001de1433bdb8
instanceKlass org/fxmisc/richtext/GenericStyledArea$3
instanceKlass org/reactfx/MultiSubscription
instanceKlass  @bci org/reactfx/EventStreams$27 observeInputs ()Lorg/reactfx/Subscription; 68 <appendix> member <vmtarget> ; # org/reactfx/EventStreams$27$$Lambda+0x000001de1433b638
instanceKlass  @bci org/reactfx/EventStreams$27 observeInputs ()Lorg/reactfx/Subscription; 50 <appendix> member <vmtarget> ; # org/reactfx/EventStreams$27$$Lambda+0x000001de1433b400
instanceKlass  @bci org/reactfx/EventStreams$27 observeInputs ()Lorg/reactfx/Subscription; 32 <appendix> member <vmtarget> ; # org/reactfx/EventStreams$27$$Lambda+0x000001de1433b1c8
instanceKlass  @bci org/fxmisc/richtext/GenericStyledArea lambda$createCell$67 (Lorg/fxmisc/richtext/ParagraphBox;Lorg/fxmisc/richtext/Selection;)Lorg/reactfx/Subscription; 53 <appendix> member <vmtarget> ; # org/fxmisc/richtext/GenericStyledArea$$Lambda+0x000001de1433af90
instanceKlass  @bci org/fxmisc/richtext/GenericStyledArea lambda$createCell$67 (Lorg/fxmisc/richtext/ParagraphBox;Lorg/fxmisc/richtext/Selection;)Lorg/reactfx/Subscription; 30 <appendix> argL0 ; # org/fxmisc/richtext/GenericStyledArea$$Lambda+0x000001de1433a480
instanceKlass  @bci org/fxmisc/richtext/GenericStyledArea createCell (Lorg/fxmisc/richtext/model/Paragraph;Ljava/util/function/BiConsumer;Ljava/util/function/Function;)Lorg/fxmisc/flowless/Cell; 200 <appendix> member <vmtarget> ; # org/fxmisc/richtext/GenericStyledArea$$Lambda+0x000001de1433a238
instanceKlass  @bci org/fxmisc/richtext/GenericStyledArea createCell (Lorg/fxmisc/richtext/model/Paragraph;Ljava/util/function/BiConsumer;Ljava/util/function/Function;)Lorg/fxmisc/flowless/Cell; 185 <appendix> member <vmtarget> ; # org/fxmisc/richtext/GenericStyledArea$$Lambda+0x000001de1433a000
instanceKlass  @bci org/fxmisc/richtext/GenericStyledArea createCell (Lorg/fxmisc/richtext/model/Paragraph;Ljava/util/function/BiConsumer;Ljava/util/function/Function;)Lorg/fxmisc/flowless/Cell; 173 <appendix> argL0 ; # org/fxmisc/richtext/GenericStyledArea$$Lambda+0x000001de1433fc98
instanceKlass  @bci org/fxmisc/richtext/util/SubscribeableContentsObsSet addSubscriber (Ljava/util/function/Function;)Lorg/reactfx/Subscription; 48 <appendix> member <vmtarget> ; # org/fxmisc/richtext/util/SubscribeableContentsObsSet$$Lambda+0x000001de1433fa60
instanceKlass  @bci org/reactfx/EventStreams$4 observeInputs ()Lorg/reactfx/Subscription; 22 <appendix> member <vmtarget> ; # org/reactfx/EventStreams$4$$Lambda+0x000001de1433f828
instanceKlass  @bci org/reactfx/EventStreams$4 observeInputs ()Lorg/reactfx/Subscription; 1 <appendix> member <vmtarget> ; # org/reactfx/EventStreams$4$$Lambda+0x000001de1433f600
instanceKlass  @bci org/fxmisc/richtext/GenericStyledArea lambda$createCell$61 (Lorg/fxmisc/richtext/ParagraphBox;Lorg/fxmisc/richtext/CaretNode;)Lorg/reactfx/Subscription; 35 <appendix> member <vmtarget> ; # org/fxmisc/richtext/GenericStyledArea$$Lambda+0x000001de1433f3c8
instanceKlass  @bci org/fxmisc/richtext/GenericStyledArea lambda$createCell$61 (Lorg/fxmisc/richtext/ParagraphBox;Lorg/fxmisc/richtext/CaretNode;)Lorg/reactfx/Subscription; 17 <appendix> argL0 ; # org/fxmisc/richtext/GenericStyledArea$$Lambda+0x000001de1433f178
instanceKlass  @bci org/fxmisc/richtext/util/SubscribeableContentsObsSet addSubscriber (Ljava/util/function/Function;)Lorg/reactfx/Subscription; 36 <appendix> member <vmtarget> ; # org/fxmisc/richtext/util/SubscribeableContentsObsSet$$Lambda+0x000001de1433e680
instanceKlass  @bci org/fxmisc/richtext/GenericStyledArea createCell (Lorg/fxmisc/richtext/model/Paragraph;Ljava/util/function/BiConsumer;Ljava/util/function/Function;)Lorg/fxmisc/flowless/Cell; 138 <appendix> member <vmtarget> ; # org/fxmisc/richtext/GenericStyledArea$$Lambda+0x000001de1433e438
instanceKlass  @bci org/fxmisc/richtext/GenericStyledArea createCell (Lorg/fxmisc/richtext/model/Paragraph;Ljava/util/function/BiConsumer;Ljava/util/function/Function;)Lorg/fxmisc/flowless/Cell; 124 <appendix> member <vmtarget> ; # org/fxmisc/richtext/GenericStyledArea$$Lambda+0x000001de1433e200
instanceKlass  @bci org/fxmisc/richtext/GenericStyledArea createCell (Lorg/fxmisc/richtext/model/Paragraph;Ljava/util/function/BiConsumer;Ljava/util/function/Function;)Lorg/fxmisc/flowless/Cell; 91 <appendix> member <vmtarget> ; # org/fxmisc/richtext/GenericStyledArea$$Lambda+0x000001de1433dfc8
instanceKlass  @bci org/fxmisc/richtext/GenericStyledArea createCell (Lorg/fxmisc/richtext/model/Paragraph;Ljava/util/function/BiConsumer;Ljava/util/function/Function;)Lorg/fxmisc/flowless/Cell; 75 <appendix> argL0 ; # org/fxmisc/richtext/GenericStyledArea$$Lambda+0x000001de1433dd78
instanceKlass  @bci org/reactfx/util/AbstractReducingStreamNotifications head (Ljava/util/function/Consumer;Ljava/lang/Object;)Ljava/lang/Runnable; 2 <appendix> member <vmtarget> ; # org/reactfx/util/AbstractReducingStreamNotifications$$Lambda+0x000001de1433c450
instanceKlass  @bci org/fxmisc/richtext/ParagraphBox <init> (Lorg/fxmisc/richtext/model/Paragraph;Ljava/util/function/BiConsumer;Ljava/util/function/Function;)V 174 <appendix> member <vmtarget> ; # org/fxmisc/richtext/ParagraphBox$$Lambda+0x000001de1433c228
instanceKlass  @bci org/fxmisc/richtext/ParagraphBox <init> (Lorg/fxmisc/richtext/model/Paragraph;Ljava/util/function/BiConsumer;Ljava/util/function/Function;)V 159 <appendix> member <vmtarget> ; # org/fxmisc/richtext/ParagraphBox$$Lambda+0x000001de1433c000
instanceKlass  @bci org/fxmisc/richtext/ParagraphBox <init> (Lorg/fxmisc/richtext/model/Paragraph;Ljava/util/function/BiConsumer;Ljava/util/function/Function;)V 143 <appendix> argL0 ; # org/fxmisc/richtext/ParagraphBox$$Lambda+0x000001de14337c30
instanceKlass  @bci org/fxmisc/richtext/ParagraphText <init> (Lorg/fxmisc/richtext/model/Paragraph;Ljava/util/function/Function;)V 340 <appendix> member <vmtarget> ; # org/fxmisc/richtext/ParagraphText$$Lambda+0x000001de143373e0
instanceKlass  @bci org/fxmisc/richtext/ParagraphText <init> (Lorg/fxmisc/richtext/model/Paragraph;Ljava/util/function/Function;)V 317 <appendix> member <vmtarget> ; # org/fxmisc/richtext/ParagraphText$$Lambda+0x000001de143371a8
instanceKlass  @bci org/fxmisc/richtext/ParagraphText <init> (Lorg/fxmisc/richtext/model/Paragraph;Ljava/util/function/Function;)V 294 <appendix> member <vmtarget> ; # org/fxmisc/richtext/ParagraphText$$Lambda+0x000001de14336f70
instanceKlass org/fxmisc/richtext/ParagraphText$CustomCssShapeHelper
instanceKlass  @bci org/fxmisc/richtext/ParagraphText <init> (Lorg/fxmisc/richtext/model/Paragraph;Ljava/util/function/Function;)V 279 <appendix> member <vmtarget> ; # org/fxmisc/richtext/ParagraphText$$Lambda+0x000001de14336b28
instanceKlass  @bci org/fxmisc/richtext/ParagraphText <init> (Lorg/fxmisc/richtext/model/Paragraph;Ljava/util/function/Function;)V 266 <appendix> member <vmtarget> ; # org/fxmisc/richtext/ParagraphText$$Lambda+0x000001de143368f0
instanceKlass  @bci org/fxmisc/richtext/ParagraphText <init> (Lorg/fxmisc/richtext/model/Paragraph;Ljava/util/function/Function;)V 256 <appendix> member <vmtarget> ; # org/fxmisc/richtext/ParagraphText$$Lambda+0x000001de143366b8
instanceKlass  @bci java/util/function/Consumer andThen (Ljava/util/function/Consumer;)Ljava/util/function/Consumer; 7 <appendix> member <vmtarget> ; # java/util/function/Consumer$$Lambda+0x000001de14159f10
instanceKlass  @cpi java/util/function/Consumer 43 form vmentry <vmtarget> ; # java/lang/invoke/LambdaForm$DMH+0x000001de14338000
instanceKlass  @bci org/fxmisc/richtext/ParagraphText <init> (Lorg/fxmisc/richtext/model/Paragraph;Ljava/util/function/Function;)V 243 <appendix> member <vmtarget> ; # org/fxmisc/richtext/ParagraphText$$Lambda+0x000001de14336480
instanceKlass  @bci org/fxmisc/richtext/ParagraphText <init> (Lorg/fxmisc/richtext/model/Paragraph;Ljava/util/function/Function;)V 233 <appendix> member <vmtarget> ; # org/fxmisc/richtext/ParagraphText$$Lambda+0x000001de14336248
instanceKlass  @bci org/fxmisc/richtext/ParagraphText <init> (Lorg/fxmisc/richtext/model/Paragraph;Ljava/util/function/Function;)V 225 <appendix> member <vmtarget> ; # org/fxmisc/richtext/ParagraphText$$Lambda+0x000001de14336020
instanceKlass  @bci org/fxmisc/richtext/ParagraphText <init> (Lorg/fxmisc/richtext/model/Paragraph;Ljava/util/function/Function;)V 216 <appendix> member <vmtarget> ; # org/fxmisc/richtext/ParagraphText$$Lambda+0x000001de14335df8
instanceKlass  @bci org/fxmisc/richtext/ParagraphText <init> (Lorg/fxmisc/richtext/model/Paragraph;Ljava/util/function/Function;)V 207 <appendix> member <vmtarget> ; # org/fxmisc/richtext/ParagraphText$$Lambda+0x000001de14335bd0
instanceKlass  @bci org/fxmisc/richtext/ParagraphText <init> (Lorg/fxmisc/richtext/model/Paragraph;Ljava/util/function/Function;)V 198 <appendix> member <vmtarget> ; # org/fxmisc/richtext/ParagraphText$$Lambda+0x000001de14335970
instanceKlass  @bci org/fxmisc/richtext/TextExt$StyleableProperties <clinit> ()V 276 <appendix> argL0 ; # org/fxmisc/richtext/TextExt$StyleableProperties$$Lambda+0x000001de14335730
instanceKlass  @bci org/fxmisc/richtext/TextExt$StyleableProperties <clinit> ()V 251 <appendix> argL0 ; # org/fxmisc/richtext/TextExt$StyleableProperties$$Lambda+0x000001de143354f0
instanceKlass  @bci org/fxmisc/richtext/TextExt$StyleableProperties <clinit> ()V 227 <appendix> argL0 ; # org/fxmisc/richtext/TextExt$StyleableProperties$$Lambda+0x000001de143352b0
instanceKlass  @bci org/fxmisc/richtext/TextExt$StyleableProperties <clinit> ()V 203 <appendix> argL0 ; # org/fxmisc/richtext/TextExt$StyleableProperties$$Lambda+0x000001de14335070
instanceKlass  @bci org/fxmisc/richtext/TextExt$StyleableProperties <clinit> ()V 179 <appendix> argL0 ; # org/fxmisc/richtext/TextExt$StyleableProperties$$Lambda+0x000001de14334e30
instanceKlass  @bci org/fxmisc/richtext/TextExt$StyleableProperties <clinit> ()V 155 <appendix> argL0 ; # org/fxmisc/richtext/TextExt$StyleableProperties$$Lambda+0x000001de14334bf0
instanceKlass  @bci org/fxmisc/richtext/TextExt$StyleableProperties <clinit> ()V 131 <appendix> argL0 ; # org/fxmisc/richtext/TextExt$StyleableProperties$$Lambda+0x000001de143349b0
instanceKlass  @bci org/fxmisc/richtext/TextExt$StyleableProperties <clinit> ()V 108 <appendix> argL0 ; # org/fxmisc/richtext/TextExt$StyleableProperties$$Lambda+0x000001de14334770
instanceKlass  @bci org/fxmisc/richtext/TextExt$StyleableProperties <clinit> ()V 84 <appendix> argL0 ; # org/fxmisc/richtext/TextExt$StyleableProperties$$Lambda+0x000001de14334530
instanceKlass  @bci org/fxmisc/richtext/TextExt$StyleableProperties <clinit> ()V 59 <appendix> argL0 ; # org/fxmisc/richtext/TextExt$StyleableProperties$$Lambda+0x000001de143342f0
instanceKlass  @bci org/fxmisc/richtext/TextExt$StyleableProperties <clinit> ()V 35 <appendix> argL0 ; # org/fxmisc/richtext/TextExt$StyleableProperties$$Lambda+0x000001de143340b0
instanceKlass  @bci org/fxmisc/richtext/TextExt$StyleableProperties <clinit> ()V 12 <appendix> argL0 ; # org/fxmisc/richtext/TextExt$StyleableProperties$$Lambda+0x000001de14333e70
instanceKlass org/fxmisc/richtext/TextExt$StyleableProperties
instanceKlass  @bci org/fxmisc/richtext/ParagraphText <init> (Lorg/fxmisc/richtext/model/Paragraph;Ljava/util/function/Function;)V 185 <appendix> member <vmtarget> ; # org/fxmisc/richtext/ParagraphText$$Lambda+0x000001de14333a30
instanceKlass  @bci org/fxmisc/richtext/ParagraphText <init> (Lorg/fxmisc/richtext/model/Paragraph;Ljava/util/function/Function;)V 148 <appendix> member <vmtarget> ; # org/fxmisc/richtext/ParagraphText$$Lambda+0x000001de143335c8
instanceKlass  @bci org/fxmisc/richtext/ParagraphText <init> (Lorg/fxmisc/richtext/model/Paragraph;Ljava/util/function/Function;)V 134 <appendix> member <vmtarget> ; # org/fxmisc/richtext/ParagraphText$$Lambda+0x000001de143333a0
instanceKlass  @bci org/fxmisc/richtext/ParagraphText <init> (Lorg/fxmisc/richtext/model/Paragraph;Ljava/util/function/Function;)V 112 <appendix> member <vmtarget> ; # org/fxmisc/richtext/ParagraphText$$Lambda+0x000001de14333178
instanceKlass  @cpi javafx/scene/control/skin/ComboBoxListViewSkin 774 form vmentry <vmtarget> ; # java/lang/invoke/LambdaForm$DMH+0x000001de14328c00
instanceKlass  @bci org/fxmisc/richtext/ParagraphText <init> (Lorg/fxmisc/richtext/model/Paragraph;Ljava/util/function/Function;)V 98 <appendix> member <vmtarget> ; # org/fxmisc/richtext/ParagraphText$$Lambda+0x000001de14332f50
instanceKlass  @bci org/fxmisc/richtext/ParagraphText <init> (Lorg/fxmisc/richtext/model/Paragraph;Ljava/util/function/Function;)V 87 <appendix> argL0 ; # org/fxmisc/richtext/ParagraphText$$Lambda+0x000001de14332d10
instanceKlass  @bci org/fxmisc/richtext/ParagraphText <init> (Lorg/fxmisc/richtext/model/Paragraph;Ljava/util/function/Function;)V 74 <appendix> argL0 ; # org/fxmisc/richtext/ParagraphText$$Lambda+0x000001de14329d10
instanceKlass  @cpi org/fxmisc/richtext/ParagraphText 503 form vmentry <vmtarget> ; # java/lang/invoke/LambdaForm$DMH+0x000001de14328800
instanceKlass  @bci javafx/scene/text/TextFlow <init> ()V 9 <appendix> member <vmtarget> ; # javafx/scene/text/TextFlow$$Lambda+0x000001de14329ae8
instanceKlass  @bci org/fxmisc/richtext/ParagraphBox <init> (Lorg/fxmisc/richtext/model/Paragraph;Ljava/util/function/BiConsumer;Ljava/util/function/Function;)V 45 <appendix> member <vmtarget> ; # org/fxmisc/richtext/ParagraphBox$$Lambda+0x000001de143298c0
instanceKlass  @bci org/reactfx/util/FingerTree get (Ljava/util/function/ToIntFunction;ILjava/util/function/BiFunction;)Ljava/lang/Object; 8 <appendix> member <vmtarget> ; # org/reactfx/util/FingerTree$$Lambda+0x000001de14329688
instanceKlass  @bci org/reactfx/util/SparseList isPresent (I)Z 10 <appendix> argL0 ; # org/reactfx/util/SparseList$$Lambda+0x000001de14329458
instanceKlass  @cpi org/reactfx/util/SparseList 316 form vmentry <vmtarget> ; # java/lang/invoke/LambdaForm$DMH+0x000001de14328400
instanceKlass  @bci org/reactfx/util/SparseList isPresent (I)Z 4 <appendix> argL0 ; # org/reactfx/util/SparseList$$Lambda+0x000001de14329238
instanceKlass  @bci org/fxmisc/richtext/util/SubscribeableContentsObsSet fireElementAdded (Ljava/lang/Object;)V 16 <appendix> member <vmtarget> ; # org/fxmisc/richtext/util/SubscribeableContentsObsSet$$Lambda+0x000001de14329000
instanceKlass  @bci org/fxmisc/richtext/util/SubscribeableContentsObsSet invalidateSet ()V 5 <appendix> member <vmtarget> ; # org/fxmisc/richtext/util/SubscribeableContentsObsSet$$Lambda+0x000001de1432bd10
instanceKlass  @bci org/fxmisc/richtext/util/SubscribeableContentsObsSet add (Ljava/lang/Object;)Z 57 <appendix> member <vmtarget> ; # org/fxmisc/richtext/util/SubscribeableContentsObsSet$$Lambda+0x000001de1432bad8
instanceKlass  @bci org/fxmisc/richtext/util/SubscribeableContentsObsSet add (Ljava/lang/Object;)Z 41 <appendix> member <vmtarget> ; # org/fxmisc/richtext/util/SubscribeableContentsObsSet$$Lambda+0x000001de1432b890
instanceKlass java/util/LinkedList$LLSpliterator
instanceKlass  @bci org/reactfx/value/Val$1 observeInputs ()Lorg/reactfx/Subscription; 5 <appendix> member <vmtarget> ; # org/reactfx/value/Val$1$$Lambda+0x000001de1432b658
instanceKlass  @bci org/fxmisc/richtext/GenericStyledArea <init> (Ljava/lang/Object;Ljava/util/function/BiConsumer;Ljava/lang/Object;Lorg/fxmisc/richtext/model/EditableStyledDocument;Lorg/fxmisc/richtext/model/TextOps;ZLjava/util/function/Function;)V 672 <appendix> member <vmtarget> ; # org/fxmisc/richtext/GenericStyledArea$$Lambda+0x000001de1432b430
instanceKlass  @bci org/fxmisc/richtext/CaretSelectionBindImpl <init> (Ljava/util/function/Function;Ljava/util/function/Function;)V 199 <appendix> argL0 ; # org/fxmisc/richtext/CaretSelectionBindImpl$$Lambda+0x000001de1432b1f0
instanceKlass  @bci org/fxmisc/richtext/CaretSelectionBindImpl <init> (Ljava/util/function/Function;Ljava/util/function/Function;)V 183 <appendix> argL0 ; # org/fxmisc/richtext/CaretSelectionBindImpl$$Lambda+0x000001de1432afb0
instanceKlass  @bci org/fxmisc/richtext/CaretSelectionBindImpl <init> (Ljava/util/function/Function;Ljava/util/function/Function;)V 167 <appendix> argL0 ; # org/fxmisc/richtext/CaretSelectionBindImpl$$Lambda+0x000001de1432ad70
instanceKlass org/reactfx/util/Tuple3
instanceKlass  @bci org/fxmisc/richtext/CaretSelectionBindImpl <init> (Ljava/util/function/Function;Ljava/util/function/Function;)V 152 <appendix> member <vmtarget> ; # org/fxmisc/richtext/CaretSelectionBindImpl$$Lambda+0x000001de1432a8d0
instanceKlass  @bci org/fxmisc/richtext/SelectionImpl <init> (Ljava/lang/String;Lorg/fxmisc/richtext/GenericStyledArea;Ljavafx/scene/control/IndexRange;Lorg/reactfx/SuspendableNo;Ljava/util/function/Consumer;)V 420 <appendix> member <vmtarget> ; # org/fxmisc/richtext/SelectionImpl$$Lambda+0x000001de1432a698
instanceKlass  @bci org/fxmisc/richtext/SelectionImpl <init> (Ljava/lang/String;Lorg/fxmisc/richtext/GenericStyledArea;Ljavafx/scene/control/IndexRange;Lorg/reactfx/SuspendableNo;Ljava/util/function/Consumer;)V 377 <appendix> member <vmtarget> ; # org/fxmisc/richtext/SelectionImpl$$Lambda+0x000001de1432a470
instanceKlass  @bci org/fxmisc/richtext/SelectionImpl <init> (Ljava/lang/String;Lorg/fxmisc/richtext/GenericStyledArea;Ljavafx/scene/control/IndexRange;Lorg/reactfx/SuspendableNo;Ljava/util/function/Consumer;)V 332 <appendix> argL0 ; # org/fxmisc/richtext/SelectionImpl$$Lambda+0x000001de1432a240
instanceKlass  @bci org/fxmisc/richtext/SelectionImpl <init> (Ljava/lang/String;Lorg/fxmisc/richtext/GenericStyledArea;Ljavafx/scene/control/IndexRange;Lorg/reactfx/SuspendableNo;Ljava/util/function/Consumer;)V 310 <appendix> argL0 ; # org/fxmisc/richtext/SelectionImpl$$Lambda+0x000001de1432a000
instanceKlass  @bci org/fxmisc/richtext/SelectionImpl <init> (Ljava/lang/String;Lorg/fxmisc/richtext/GenericStyledArea;Ljavafx/scene/control/IndexRange;Lorg/reactfx/SuspendableNo;Ljava/util/function/Consumer;)V 292 <appendix> argL0 ; # org/fxmisc/richtext/SelectionImpl$$Lambda+0x000001de1432fd70
instanceKlass  @bci org/fxmisc/richtext/SelectionImpl <init> (Ljava/lang/String;Lorg/fxmisc/richtext/GenericStyledArea;Ljavafx/scene/control/IndexRange;Lorg/reactfx/SuspendableNo;Ljava/util/function/Consumer;)V 269 <appendix> argL0 ; # org/fxmisc/richtext/SelectionImpl$$Lambda+0x000001de1432fb30
instanceKlass  @bci org/fxmisc/richtext/SelectionImpl <init> (Ljava/lang/String;Lorg/fxmisc/richtext/GenericStyledArea;Ljavafx/scene/control/IndexRange;Lorg/reactfx/SuspendableNo;Ljava/util/function/Consumer;)V 251 <appendix> argL0 ; # org/fxmisc/richtext/SelectionImpl$$Lambda+0x000001de1432f8f0
instanceKlass  @bci org/fxmisc/richtext/SelectionImpl <init> (Ljava/lang/String;Lorg/fxmisc/richtext/GenericStyledArea;Ljavafx/scene/control/IndexRange;Lorg/reactfx/SuspendableNo;Ljava/util/function/Consumer;)V 233 <appendix> argL0 ; # org/fxmisc/richtext/SelectionImpl$$Lambda+0x000001de1432f6b0
instanceKlass  @bci org/fxmisc/richtext/SelectionImpl <init> (Ljava/lang/String;Lorg/fxmisc/richtext/GenericStyledArea;Ljavafx/scene/control/IndexRange;Lorg/reactfx/SuspendableNo;Ljava/util/function/Consumer;)V 210 <appendix> argL0 ; # org/fxmisc/richtext/SelectionImpl$$Lambda+0x000001de1432f470
instanceKlass  @bci org/fxmisc/richtext/SelectionImpl <init> (Ljava/lang/String;Lorg/fxmisc/richtext/GenericStyledArea;Ljavafx/scene/control/IndexRange;Lorg/reactfx/SuspendableNo;Ljava/util/function/Consumer;)V 195 <appendix> member <vmtarget> ; # org/fxmisc/richtext/SelectionImpl$$Lambda+0x000001de1432f248
instanceKlass  @bci org/fxmisc/richtext/SelectionImpl <init> (Ljava/lang/String;Lorg/fxmisc/richtext/GenericStyledArea;Ljavafx/scene/control/IndexRange;Lorg/reactfx/SuspendableNo;Ljava/util/function/Consumer;)V 176 <appendix> member <vmtarget> ; # org/fxmisc/richtext/SelectionImpl$$Lambda+0x000001de1432f000
instanceKlass  @bci org/fxmisc/richtext/model/ReadOnlyStyledDocument$Pos offsetBy (ILorg/fxmisc/richtext/model/TwoDimensional$Bias;)Lorg/fxmisc/richtext/model/TwoDimensional$Position; 22 <appendix> member <vmtarget> ; # org/fxmisc/richtext/model/ReadOnlyStyledDocument$Pos$$Lambda+0x000001de1432edc8
instanceKlass org/reactfx/util/BiIndex
instanceKlass  @bci org/reactfx/util/FingerTree measure (Ljava/util/function/ToIntFunction;)I 10 <appendix> member <vmtarget> ; # org/reactfx/util/FingerTree$$Lambda+0x000001de1432e978
instanceKlass  @bci org/fxmisc/richtext/model/ReadOnlyStyledDocument$Pos offsetBy (ILorg/fxmisc/richtext/model/TwoDimensional$Bias;)Lorg/fxmisc/richtext/model/TwoDimensional$Position; 7 <appendix> argL0 ; # org/fxmisc/richtext/model/ReadOnlyStyledDocument$Pos$$Lambda+0x000001de1432e758
instanceKlass org/fxmisc/richtext/model/ReadOnlyStyledDocument$Pos
instanceKlass  @bci org/fxmisc/richtext/SelectionImpl <init> (Ljava/lang/String;Lorg/fxmisc/richtext/GenericStyledArea;Ljavafx/scene/control/IndexRange;Lorg/reactfx/SuspendableNo;Ljava/util/function/Consumer;)V 134 <appendix> argL0 ; # org/fxmisc/richtext/SelectionImpl$$Lambda+0x000001de1432e090
instanceKlass  @bci org/fxmisc/richtext/SelectionImpl <init> (Ljava/lang/String;Lorg/fxmisc/richtext/GenericStyledArea;Ljavafx/scene/control/IndexRange;Lorg/reactfx/SuspendableNo;Ljava/util/function/Consumer;)V 92 <appendix> member <vmtarget> ; # org/fxmisc/richtext/SelectionImpl$$Lambda+0x000001de1432de68
instanceKlass  @bci org/fxmisc/richtext/SelectionImpl <init> (Ljava/lang/String;Lorg/fxmisc/richtext/GenericStyledArea;Ljavafx/scene/control/IndexRange;Lorg/reactfx/SuspendableNo;Ljava/util/function/Consumer;)V 72 <appendix> argL0 ; # org/fxmisc/richtext/SelectionImpl$$Lambda+0x000001de1432dc28
instanceKlass  @bci org/fxmisc/richtext/SelectionImpl <init> (Ljava/lang/String;Lorg/fxmisc/richtext/GenericStyledArea;Ljavafx/scene/control/IndexRange;Lorg/reactfx/SuspendableNo;Ljava/util/function/Consumer;)V 16 <appendix> argL0 ; # org/fxmisc/richtext/SelectionImpl$$Lambda+0x000001de1432d9f8
instanceKlass  @bci org/fxmisc/richtext/SelectionImpl <init> (Ljava/lang/String;Lorg/fxmisc/richtext/GenericStyledArea;Ljavafx/scene/control/IndexRange;Lorg/reactfx/SuspendableNo;)V 6 <appendix> argL0 ; # org/fxmisc/richtext/SelectionImpl$$Lambda+0x000001de1432d7c8
instanceKlass org/fxmisc/richtext/SelectionImpl
instanceKlass  @bci org/fxmisc/richtext/CaretNode <init> (Ljava/lang/String;Lorg/fxmisc/richtext/GenericStyledArea;Lorg/reactfx/SuspendableNo;I)V 355 <appendix> member <vmtarget> ; # org/fxmisc/richtext/CaretNode$$Lambda+0x000001de1432caf8
instanceKlass java/util/OptionalInt
instanceKlass  @bci org/fxmisc/richtext/CaretNode <init> (Ljava/lang/String;Lorg/fxmisc/richtext/GenericStyledArea;Lorg/reactfx/SuspendableNo;I)V 315 <appendix> member <vmtarget> ; # org/fxmisc/richtext/CaretNode$$Lambda+0x000001de1432c8d0
instanceKlass  @bci org/reactfx/EventStreams$26 observeInputs ()Lorg/reactfx/Subscription; 43 <appendix> member <vmtarget> ; # org/reactfx/EventStreams$26$$Lambda+0x000001de1432c698
instanceKlass  @bci org/reactfx/FlatMapStream observeInputs ()Lorg/reactfx/Subscription; 18 <appendix> member <vmtarget> ; # org/reactfx/FlatMapStream$$Lambda+0x000001de1432c460
instanceKlass  @bci org/reactfx/util/NonAccumulativeStreamNotifications head (Ljava/util/function/Consumer;Ljava/lang/Object;)Ljava/lang/Runnable; 2 <appendix> member <vmtarget> ; # org/reactfx/util/NonAccumulativeStreamNotifications$$Lambda+0x000001de1432c238
instanceKlass  @bci org/reactfx/util/NotificationAccumulatorBase takeOne ()Ljava/lang/Runnable; 90 <appendix> member <vmtarget> ; # org/reactfx/util/NotificationAccumulatorBase$$Lambda+0x000001de1432c000
instanceKlass  @bci org/reactfx/util/NotificationAccumulatorBase takeOne ()Ljava/lang/Runnable; 16 <appendix> member <vmtarget> ; # org/reactfx/util/NotificationAccumulatorBase$$Lambda+0x000001de14327d00
instanceKlass  @cpi org/reactfx/util/NotificationAccumulatorBase 89 form vmentry <vmtarget> ; # java/lang/invoke/LambdaForm$DMH+0x000001de14328000
instanceKlass org/reactfx/util/NotificationAccumulatorBase$1
instanceKlass org/reactfx/util/Tuples
instanceKlass org/reactfx/util/IteratorBasedAccuMap
instanceKlass org/reactfx/util/ListHelper$SingleElemHelper$1
instanceKlass  @bci org/reactfx/FlatMapStream lambda$observeInputs$0 (Ljava/lang/Object;)V 24 <appendix> member <vmtarget> ; # org/reactfx/FlatMapStream$$Lambda+0x000001de14326da8
instanceKlass org/fxmisc/richtext/CaretNode$1
instanceKlass  @bci org/reactfx/value/SimpleVar connect ()Lorg/reactfx/Subscription; 21 <appendix> member <vmtarget> ; # org/reactfx/value/SimpleVar$$Lambda+0x000001de14326968
instanceKlass  @bci org/reactfx/EventStreams$26 observeInputs ()Lorg/reactfx/Subscription; 25 <appendix> member <vmtarget> ; # org/reactfx/EventStreams$26$$Lambda+0x000001de14326730
instanceKlass  @bci org/reactfx/FlatMapStream observeInputs ()Lorg/reactfx/Subscription; 5 <appendix> member <vmtarget> ; # org/reactfx/FlatMapStream$$Lambda+0x000001de143264f8
instanceKlass  @bci org/reactfx/EventStream feedTo (Ljavafx/beans/value/WritableValue;)Lorg/reactfx/Subscription; 7 <appendix> member <vmtarget> ; # org/reactfx/EventStream$$Lambda+0x000001de143262c0
instanceKlass  @bci org/fxmisc/richtext/CaretNode <init> (Ljava/lang/String;Lorg/fxmisc/richtext/GenericStyledArea;Lorg/reactfx/SuspendableNo;I)V 290 <appendix> member <vmtarget> ; # org/fxmisc/richtext/CaretNode$$Lambda+0x000001de14326078
instanceKlass org/reactfx/EventStreams$Pocket
instanceKlass  @bci org/fxmisc/richtext/CaretNode <init> (Ljava/lang/String;Lorg/fxmisc/richtext/GenericStyledArea;Lorg/reactfx/SuspendableNo;I)V 269 <appendix> argL0 ; # org/fxmisc/richtext/CaretNode$$Lambda+0x000001de14325330
instanceKlass  @bci org/fxmisc/richtext/CaretNode <init> (Ljava/lang/String;Lorg/fxmisc/richtext/GenericStyledArea;Lorg/reactfx/SuspendableNo;I)V 219 <appendix> member <vmtarget> ; # org/fxmisc/richtext/CaretNode$$Lambda+0x000001de14324828
instanceKlass  @bci org/reactfx/MappedStream observeInputs ()Lorg/reactfx/Subscription; 5 <appendix> member <vmtarget> ; # org/reactfx/MappedStream$$Lambda+0x000001de143245f0
instanceKlass  @bci org/reactfx/FilterStream observeInputs ()Lorg/reactfx/Subscription; 5 <appendix> member <vmtarget> ; # org/reactfx/FilterStream$$Lambda+0x000001de143243b8
instanceKlass  @bci org/fxmisc/richtext/CaretNode <init> (Ljava/lang/String;Lorg/fxmisc/richtext/GenericStyledArea;Lorg/reactfx/SuspendableNo;I)V 201 <appendix> member <vmtarget> ; # org/fxmisc/richtext/CaretNode$$Lambda+0x000001de14324180
instanceKlass  @bci org/fxmisc/richtext/model/EditableStyledDocument multiPlainChanges ()Lorg/reactfx/EventStream; 16 <appendix> argL0 ; # org/fxmisc/richtext/model/EditableStyledDocument$$Lambda+0x000001de14323670
instanceKlass  @bci org/fxmisc/richtext/model/EditableStyledDocument multiPlainChanges ()Lorg/reactfx/EventStream; 6 <appendix> argL0 ; # org/fxmisc/richtext/model/EditableStyledDocument$$Lambda+0x000001de14322b70
instanceKlass  @bci org/fxmisc/richtext/CaretNode <init> (Ljava/lang/String;Lorg/fxmisc/richtext/GenericStyledArea;Lorg/reactfx/SuspendableNo;I)V 177 <appendix> argL0 ; # org/fxmisc/richtext/CaretNode$$Lambda+0x000001de14322930
instanceKlass  @bci org/fxmisc/richtext/CaretNode <init> (Ljava/lang/String;Lorg/fxmisc/richtext/GenericStyledArea;Lorg/reactfx/SuspendableNo;I)V 156 <appendix> argL0 ; # org/fxmisc/richtext/CaretNode$$Lambda+0x000001de143226f0
instanceKlass  @bci org/fxmisc/richtext/CaretNode <init> (Ljava/lang/String;Lorg/fxmisc/richtext/GenericStyledArea;Lorg/reactfx/SuspendableNo;I)V 125 <appendix> member <vmtarget> ; # org/fxmisc/richtext/CaretNode$$Lambda+0x000001de143224c8
instanceKlass  @bci org/fxmisc/richtext/CaretNode <init> (Ljava/lang/String;Lorg/fxmisc/richtext/GenericStyledArea;Lorg/reactfx/SuspendableNo;I)V 53 <appendix> argL0 ; # org/fxmisc/richtext/CaretNode$$Lambda+0x000001de14322298
instanceKlass  @bci org/fxmisc/richtext/CaretNode <clinit> ()V 54 <appendix> argL0 ; # org/fxmisc/richtext/CaretNode$$Lambda+0x000001de14321560
instanceKlass javafx/css/converter/DurationConverter$Holder
instanceKlass javafx/scene/shape/Path$1
instanceKlass com/sun/javafx/scene/shape/PathHelper$PathAccessor
instanceKlass  @bci org/fxmisc/richtext/CaretSelectionBindImpl <init> (Ljava/util/function/Function;Ljava/util/function/Function;)V 45 <appendix> argL0 ; # org/fxmisc/richtext/CaretSelectionBindImpl$$Lambda+0x000001de1431f890
instanceKlass org/fxmisc/richtext/CaretSelectionBindImpl$BooleanEvent
instanceKlass  @bci org/fxmisc/richtext/CaretSelectionBindImpl <init> (Ljava/lang/String;Ljava/lang/String;Lorg/fxmisc/richtext/GenericStyledArea;Ljavafx/scene/control/IndexRange;)V 14 <appendix> member <vmtarget> ; # org/fxmisc/richtext/CaretSelectionBindImpl$$Lambda+0x000001de1431eb88
instanceKlass  @bci org/fxmisc/richtext/CaretSelectionBindImpl <init> (Ljava/lang/String;Ljava/lang/String;Lorg/fxmisc/richtext/GenericStyledArea;Ljavafx/scene/control/IndexRange;)V 5 <appendix> member <vmtarget> ; # org/fxmisc/richtext/CaretSelectionBindImpl$$Lambda+0x000001de1431e940
instanceKlass org/fxmisc/richtext/CaretSelectionBindImpl
instanceKlass com/sun/javafx/binding/BindingHelperObserver
instanceKlass javafx/beans/binding/Bindings$ShortCircuitAndInvalidator
instanceKlass  @bci org/fxmisc/richtext/GenericStyledArea <init> (Ljava/lang/Object;Ljava/util/function/BiConsumer;Ljava/lang/Object;Lorg/fxmisc/richtext/model/EditableStyledDocument;Lorg/fxmisc/richtext/model/TextOps;ZLjava/util/function/Function;)V 540 <appendix> member <vmtarget> ; # org/fxmisc/richtext/GenericStyledArea$$Lambda+0x000001de1431bb28
instanceKlass  @bci org/fxmisc/richtext/GenericStyledArea <init> (Ljava/lang/Object;Ljava/util/function/BiConsumer;Ljava/lang/Object;Lorg/fxmisc/richtext/model/EditableStyledDocument;Lorg/fxmisc/richtext/model/TextOps;ZLjava/util/function/Function;)V 532 <appendix> member <vmtarget> ; # org/fxmisc/richtext/GenericStyledArea$$Lambda+0x000001de1431b900
instanceKlass  @bci org/fxmisc/flowless/VirtualFlow <init> (Ljavafx/collections/ObservableList;Ljava/util/function/Function;Lorg/fxmisc/flowless/OrientationHelper;Lorg/fxmisc/flowless/VirtualFlow$Gravity;)V 226 <appendix> member <vmtarget> ; # org/fxmisc/flowless/VirtualFlow$$Lambda+0x000001de1431b6d8
instanceKlass  @bci org/fxmisc/flowless/VirtualFlow <init> (Ljavafx/collections/ObservableList;Ljava/util/function/Function;Lorg/fxmisc/flowless/OrientationHelper;Lorg/fxmisc/flowless/VirtualFlow$Gravity;)V 208 <appendix> member <vmtarget> ; # org/fxmisc/flowless/VirtualFlow$$Lambda+0x000001de1431b4a0
instanceKlass  @bci org/fxmisc/flowless/VirtualFlow <init> (Ljavafx/collections/ObservableList;Ljava/util/function/Function;Lorg/fxmisc/flowless/OrientationHelper;Lorg/fxmisc/flowless/VirtualFlow$Gravity;)V 188 <appendix> argL0 ; # org/fxmisc/flowless/VirtualFlow$$Lambda+0x000001de1431b260
instanceKlass  @bci org/fxmisc/flowless/Navigator <init> (Lorg/fxmisc/flowless/CellListManager;Lorg/fxmisc/flowless/CellPositioner;Lorg/fxmisc/flowless/OrientationHelper;Ljavafx/beans/property/ObjectProperty;Lorg/fxmisc/flowless/SizeTracker;)V 94 <appendix> member <vmtarget> ; # org/fxmisc/flowless/Navigator$$Lambda+0x000001de1431b038
instanceKlass org/reactfx/collection/ListIteratorImpl
instanceKlass com/sun/javafx/binding/ContentBinding$ListContentBinding
instanceKlass com/sun/javafx/binding/ContentBinding
instanceKlass javafx/beans/value/ObservableLongValue
instanceKlass javafx/beans/value/ObservableFloatValue
instanceKlass javafx/beans/binding/Bindings
instanceKlass  @bci org/fxmisc/flowless/Navigator <init> (Lorg/fxmisc/flowless/CellListManager;Lorg/fxmisc/flowless/CellPositioner;Lorg/fxmisc/flowless/OrientationHelper;Ljavafx/beans/property/ObjectProperty;Lorg/fxmisc/flowless/SizeTracker;)V 69 <appendix> member <vmtarget> ; # org/fxmisc/flowless/Navigator$$Lambda+0x000001de142f0688
instanceKlass org/fxmisc/flowless/StartOffStart
instanceKlass org/fxmisc/flowless/CellPositioner
instanceKlass  @bci org/reactfx/value/FlatMapped computeValue ()Ljava/lang/Object; 20 <appendix> argL0 ; # org/reactfx/value/FlatMapped$$Lambda+0x000001de142f0000
instanceKlass  @bci org/reactfx/value/FlatMapped startObservingSelected ()V 33 <appendix> member <vmtarget> ; # org/reactfx/value/FlatMapped$$Lambda+0x000001de142e5400
instanceKlass  @bci org/reactfx/value/FlatMapped connect ()Lorg/reactfx/Subscription; 14 <appendix> member <vmtarget> ; # org/reactfx/value/FlatMapped$$Lambda+0x000001de142efca0
instanceKlass  @bci org/reactfx/value/FlatMapped connect ()Lorg/reactfx/Subscription; 5 <appendix> member <vmtarget> ; # org/reactfx/value/FlatMapped$$Lambda+0x000001de142efa78
instanceKlass  @bci org/fxmisc/flowless/SizeTracker lambda$new$8 (Lorg/reactfx/value/Val;)Ljava/lang/Integer; 7 <appendix> member <vmtarget> ; # org/fxmisc/flowless/SizeTracker$$Lambda+0x000001de142ef830
instanceKlass  @bci org/reactfx/collection/ListRangeReduction connect ()Lorg/reactfx/Subscription; 9 <appendix> member <vmtarget> ; # org/reactfx/collection/ListRangeReduction$$Lambda+0x000001de142ef608
instanceKlass  @bci org/fxmisc/flowless/SizeTracker lambda$new$2 (Lorg/fxmisc/flowless/OrientationHelper;Ljava/lang/Double;)Ljava/util/function/Function; 2 <appendix> member <vmtarget> ; # org/fxmisc/flowless/SizeTracker$$Lambda+0x000001de142ef118
instanceKlass  @bci org/reactfx/value/Val$2 connect ()Lorg/reactfx/Subscription; 49 <appendix> member <vmtarget> ; # org/reactfx/value/Val$2$$Lambda+0x000001de142eeee0
instanceKlass  @bci org/reactfx/value/Val observeInvalidations (Ljavafx/beans/value/ObservableValue;Ljavafx/beans/InvalidationListener;)Lorg/reactfx/Subscription; 9 <appendix> member <vmtarget> ; # org/reactfx/value/Val$$Lambda+0x000001de142eeca8
instanceKlass org/reactfx/util/Lists
instanceKlass  @bci org/reactfx/collection/ListReduction connect ()Lorg/reactfx/Subscription; 50 <appendix> member <vmtarget> ; # org/reactfx/collection/ListReduction$$Lambda+0x000001de142ee868
instanceKlass  @bci org/fxmisc/flowless/SizeTracker$1 connect ()Lorg/reactfx/Subscription; 5 <appendix> member <vmtarget> ; # org/fxmisc/flowless/SizeTracker$1$$Lambda+0x000001de142ee640
instanceKlass  @bci org/reactfx/value/MappedVal connect ()Lorg/reactfx/Subscription; 5 <appendix> member <vmtarget> ; # org/reactfx/value/MappedVal$$Lambda+0x000001de142ee418
instanceKlass  @bci org/reactfx/collection/DynamicallyMappedList observeInputs ()Lorg/reactfx/Subscription; 27 <appendix> member <vmtarget> ; # org/reactfx/collection/DynamicallyMappedList$$Lambda+0x000001de142ee1e0
instanceKlass  @bci org/reactfx/collection/DynamicallyMappedList observeInputs ()Lorg/reactfx/Subscription; 11 <appendix> member <vmtarget> ; # org/reactfx/collection/DynamicallyMappedList$$Lambda+0x000001de142edf48
instanceKlass  @bci org/reactfx/collection/LiveList observeChanges (Ljavafx/collections/ObservableList;Ljava/util/function/Consumer;)Lorg/reactfx/Subscription; 3 <appendix> member <vmtarget> ; # org/reactfx/collection/LiveList$$Lambda+0x000001de142edcb0
instanceKlass  @bci org/reactfx/collection/ListReduction connect ()Lorg/reactfx/Subscription; 41 <appendix> member <vmtarget> ; # org/reactfx/collection/ListReduction$$Lambda+0x000001de142eda78
instanceKlass org/reactfx/collection/ListChange
instanceKlass  @bci org/reactfx/value/OrElseConst connect ()Lorg/reactfx/Subscription; 5 <appendix> member <vmtarget> ; # org/reactfx/value/OrElseConst$$Lambda+0x000001de142ed650
instanceKlass  @bci org/reactfx/value/Val$2 connect ()Lorg/reactfx/Subscription; 1 <appendix> member <vmtarget> ; # org/reactfx/value/Val$2$$Lambda+0x000001de142ed1e8
instanceKlass  @bci org/reactfx/value/Val pin ()Lorg/reactfx/Subscription; 1 <appendix> argL0 ; # org/reactfx/value/Val$$Lambda+0x000001de142ecfb8
instanceKlass  @bci org/fxmisc/flowless/SizeTracker <init> (Lorg/fxmisc/flowless/OrientationHelper;Ljavafx/beans/value/ObservableObjectValue;Lorg/reactfx/collection/MemoizationList;)V 417 <appendix> argL0 ; # org/fxmisc/flowless/SizeTracker$$Lambda+0x000001de142ecb90
instanceKlass  @bci org/fxmisc/flowless/SizeTracker <init> (Lorg/fxmisc/flowless/OrientationHelper;Ljavafx/beans/value/ObservableObjectValue;Lorg/reactfx/collection/MemoizationList;)V 398 <appendix> member <vmtarget> ; # org/fxmisc/flowless/SizeTracker$$Lambda+0x000001de142ebd28
instanceKlass  @bci org/reactfx/collection/LiveList collapse (Ljavafx/collections/ObservableList;Ljava/util/function/Function;)Lorg/reactfx/value/Val; 2 <appendix> member <vmtarget> ; # org/reactfx/collection/LiveList$$Lambda+0x000001de142ebb00
instanceKlass  @bci org/fxmisc/flowless/SizeTracker <init> (Lorg/fxmisc/flowless/OrientationHelper;Ljavafx/beans/value/ObservableObjectValue;Lorg/reactfx/collection/MemoizationList;)V 382 <appendix> argL0 ; # org/fxmisc/flowless/SizeTracker$$Lambda+0x000001de142eb8c0
instanceKlass  @bci org/reactfx/value/Val combine (Ljavafx/beans/value/ObservableValue;Ljavafx/beans/value/ObservableValue;Ljavafx/beans/value/ObservableValue;Lorg/reactfx/util/TriFunction;)Lorg/reactfx/value/Val; 4 <appendix> member <vmtarget> ; # org/reactfx/value/Val$$Lambda+0x000001de142eb698
instanceKlass  @bci org/fxmisc/flowless/SizeTracker <init> (Lorg/fxmisc/flowless/OrientationHelper;Ljavafx/beans/value/ObservableObjectValue;Lorg/reactfx/collection/MemoizationList;)V 363 <appendix> argL0 ; # org/fxmisc/flowless/SizeTracker$$Lambda+0x000001de142eb468
instanceKlass org/reactfx/util/TriFunction
instanceKlass  @bci org/fxmisc/flowless/SizeTracker <init> (Lorg/fxmisc/flowless/OrientationHelper;Ljavafx/beans/value/ObservableObjectValue;Lorg/reactfx/collection/MemoizationList;)V 325 <appendix> argL0 ; # org/fxmisc/flowless/SizeTracker$$Lambda+0x000001de142eaa00
instanceKlass  @bci org/fxmisc/flowless/SizeTracker <init> (Lorg/fxmisc/flowless/OrientationHelper;Ljavafx/beans/value/ObservableObjectValue;Lorg/reactfx/collection/MemoizationList;)V 315 <appendix> argL0 ; # org/fxmisc/flowless/SizeTracker$$Lambda+0x000001de142ea7c0
instanceKlass  @bci org/fxmisc/flowless/SizeTracker <init> (Lorg/fxmisc/flowless/OrientationHelper;Ljavafx/beans/value/ObservableObjectValue;Lorg/reactfx/collection/MemoizationList;)V 285 <appendix> member <vmtarget> ; # org/fxmisc/flowless/SizeTracker$$Lambda+0x000001de142ea598
instanceKlass  @bci org/fxmisc/flowless/SizeTracker <init> (Lorg/fxmisc/flowless/OrientationHelper;Ljavafx/beans/value/ObservableObjectValue;Lorg/reactfx/collection/MemoizationList;)V 249 <appendix> member <vmtarget> ; # org/fxmisc/flowless/SizeTracker$$Lambda+0x000001de142ea370
instanceKlass  @bci org/fxmisc/flowless/SizeTracker <init> (Lorg/fxmisc/flowless/OrientationHelper;Ljavafx/beans/value/ObservableObjectValue;Lorg/reactfx/collection/MemoizationList;)V 237 <appendix> argL0 ; # org/fxmisc/flowless/SizeTracker$$Lambda+0x000001de142ea140
instanceKlass  @bci org/fxmisc/flowless/SizeTracker <init> (Lorg/fxmisc/flowless/OrientationHelper;Ljavafx/beans/value/ObservableObjectValue;Lorg/reactfx/collection/MemoizationList;)V 198 <appendix> member <vmtarget> ; # org/fxmisc/flowless/SizeTracker$$Lambda+0x000001de142e9f18
instanceKlass  @bci org/reactfx/collection/LiveList sizeOf (Ljavafx/collections/ObservableList;)Lorg/reactfx/value/Val; 1 <appendix> member <vmtarget> ; # org/reactfx/collection/LiveList$$Lambda+0x000001de142e9cf0
instanceKlass  @bci org/fxmisc/flowless/SizeTracker <init> (Lorg/fxmisc/flowless/OrientationHelper;Ljavafx/beans/value/ObservableObjectValue;Lorg/reactfx/collection/MemoizationList;)V 162 <appendix> argL0 ; # org/fxmisc/flowless/SizeTracker$$Lambda+0x000001de142e9aa8
instanceKlass  @bci org/fxmisc/flowless/SizeTracker <init> (Lorg/fxmisc/flowless/OrientationHelper;Ljavafx/beans/value/ObservableObjectValue;Lorg/reactfx/collection/MemoizationList;)V 117 <appendix> member <vmtarget> ; # org/fxmisc/flowless/SizeTracker$$Lambda+0x000001de142e5c30
instanceKlass org/fxmisc/flowless/HorizontalHelper
instanceKlass  @bci org/reactfx/value/Val combine (Ljavafx/beans/value/ObservableValue;Ljavafx/beans/value/ObservableValue;Ljava/util/function/BiFunction;)Lorg/reactfx/value/Val; 3 <appendix> member <vmtarget> ; # org/reactfx/value/Val$$Lambda+0x000001de142e7798
instanceKlass  @bci org/fxmisc/flowless/SizeTracker <init> (Lorg/fxmisc/flowless/OrientationHelper;Ljavafx/beans/value/ObservableObjectValue;Lorg/reactfx/collection/MemoizationList;)V 84 <appendix> member <vmtarget> ; # org/fxmisc/flowless/SizeTracker$$Lambda+0x000001de142e7560
instanceKlass org/reactfx/collection/ListReduction$1
instanceKlass  @bci org/fxmisc/flowless/SizeTracker <init> (Lorg/fxmisc/flowless/OrientationHelper;Ljavafx/beans/value/ObservableObjectValue;Lorg/reactfx/collection/MemoizationList;)V 55 <appendix> argL0 ; # org/fxmisc/flowless/SizeTracker$$Lambda+0x000001de142e6458
instanceKlass  @cpi org/fxmisc/flowless/SizeTracker 240 form vmentry <vmtarget> ; # java/lang/invoke/LambdaForm$DMH+0x000001de142e5000
instanceKlass  @bci org/fxmisc/flowless/SizeTracker <init> (Lorg/fxmisc/flowless/OrientationHelper;Ljavafx/beans/value/ObservableObjectValue;Lorg/reactfx/collection/MemoizationList;)V 27 <appendix> member <vmtarget> ; # org/fxmisc/flowless/SizeTracker$$Lambda+0x000001de142e6210
instanceKlass  @cpi org/fxmisc/flowless/SizeTracker 231 form vmentry <vmtarget> ; # java/lang/invoke/LambdaForm$DMH+0x000001de142e4c00
instanceKlass org/fxmisc/flowless/SizeTracker
instanceKlass  @bci org/reactfx/collection/LiveList observeQuasiModifications (Lorg/reactfx/collection/LiveList$QuasiModificationObserver;)Lorg/reactfx/Subscription; 9 <appendix> member <vmtarget> ; # org/reactfx/collection/LiveList$$Lambda+0x000001de142e3c50
instanceKlass  @bci org/reactfx/collection/MemoizationListImpl observeInputs ()Lorg/reactfx/Subscription; 39 <appendix> member <vmtarget> ; # org/reactfx/collection/MemoizationListImpl$$Lambda+0x000001de142e3a18
instanceKlass  @bci org/reactfx/collection/LiveList observeQuasiChanges (Lorg/reactfx/collection/LiveList$QuasiChangeObserver;)Lorg/reactfx/Subscription; 9 <appendix> member <vmtarget> ; # org/reactfx/collection/LiveList$$Lambda+0x000001de142e37e0
instanceKlass  @cpi org/reactfx/collection/LiveList 289 form vmentry <vmtarget> ; # java/lang/invoke/LambdaForm$DMH+0x000001de142e4800
instanceKlass  @bci org/fxmisc/richtext/model/GenericEditableStyledDocumentBase$ParagraphList observeInputs ()Lorg/reactfx/Subscription; 8 <appendix> member <vmtarget> ; # org/fxmisc/richtext/model/GenericEditableStyledDocumentBase$ParagraphList$$Lambda+0x000001de142e35a8
instanceKlass  @bci org/reactfx/collection/LiveList$1 observeInputs ()Lorg/reactfx/Subscription; 5 <appendix> member <vmtarget> ; # org/reactfx/collection/LiveList$1$$Lambda+0x000001de142e3310
instanceKlass  @cpi org/reactfx/FlatMapStream 67 form vmentry <vmtarget> ; # java/lang/invoke/LambdaForm$DMH+0x000001de142e4400
instanceKlass  @bci org/reactfx/collection/MappedList observeInputs ()Lorg/reactfx/Subscription; 5 <appendix> member <vmtarget> ; # org/reactfx/collection/MappedList$$Lambda+0x000001de142e3078
instanceKlass  @bci org/reactfx/collection/MemoizationListImpl observeInputs ()Lorg/reactfx/Subscription; 22 <appendix> member <vmtarget> ; # org/reactfx/collection/MemoizationListImpl$$Lambda+0x000001de142e2de0
instanceKlass  @bci org/reactfx/util/FingerTree$NonEmptyFingerTree prependTree (Lorg/reactfx/util/FingerTree;)Lorg/reactfx/util/FingerTree$NonEmptyFingerTree; 19 <appendix> argL0 ; # org/reactfx/util/FingerTree$NonEmptyFingerTree$$Lambda+0x000001de142e2ba0
instanceKlass  @bci org/reactfx/util/FingerTree$Leaf prependLte (Lorg/reactfx/util/FingerTree;)Lorg/reactfx/util/Either; 41 <appendix> member <vmtarget> ; # org/reactfx/util/FingerTree$Leaf$$Lambda+0x000001de142e2958
instanceKlass org/reactfx/util/Tuple2
instanceKlass  @bci org/reactfx/util/FingerTree$Leaf prependLte (Lorg/reactfx/util/FingerTree;)Lorg/reactfx/util/Either; 30 <appendix> member <vmtarget> ; # org/reactfx/util/FingerTree$Leaf$$Lambda+0x000001de142e24c8
instanceKlass org/reactfx/util/SparseList$Stats
instanceKlass  @bci org/reactfx/util/SparseList insertVoid (II)V 62 <appendix> member <vmtarget> ; # org/reactfx/util/SparseList$$Lambda+0x000001de142e2078
instanceKlass  @cpi org/reactfx/util/SparseList 406 form vmentry <vmtarget> ; # java/lang/invoke/LambdaForm$DMH+0x000001de142e4000
instanceKlass  @bci org/reactfx/util/SparseList insertVoid (II)V 54 <appendix> member <vmtarget> ; # org/reactfx/util/SparseList$$Lambda+0x000001de142e1e30
instanceKlass org/reactfx/util/Left
instanceKlass org/reactfx/util/SparseList$AbsentSegment
instanceKlass  @bci org/reactfx/collection/LiveList pin ()Lorg/reactfx/Subscription; 1 <appendix> argL0 ; # org/reactfx/collection/LiveList$$Lambda+0x000001de142e15d8
instanceKlass  @bci org/fxmisc/flowless/CellListManager <init> (Ljavafx/scene/Node;Ljavafx/collections/ObservableList;Ljava/util/function/Function;)V 77 <appendix> member <vmtarget> ; # org/fxmisc/flowless/CellListManager$$Lambda+0x000001de142e1340
instanceKlass  @bci org/fxmisc/flowless/CellListManager <init> (Ljavafx/scene/Node;Ljavafx/collections/ObservableList;Ljava/util/function/Function;)V 58 <appendix> argL0 ; # org/fxmisc/flowless/CellListManager$$Lambda+0x000001de142e1100
instanceKlass org/reactfx/util/SparseList$1
instanceKlass org/reactfx/util/SparseList$Segment
instanceKlass org/reactfx/util/SparseList
instanceKlass org/reactfx/collection/QuasiListChange
instanceKlass  @bci org/fxmisc/flowless/CellListManager <init> (Ljavafx/scene/Node;Ljavafx/collections/ObservableList;Ljava/util/function/Function;)V 24 <appendix> member <vmtarget> ; # org/fxmisc/flowless/CellListManager$$Lambda+0x000001de142dd838
instanceKlass org/fxmisc/flowless/CellPool
instanceKlass org/fxmisc/flowless/CellListManager
instanceKlass org/reactfx/ProxyObservable
instanceKlass  @bci org/fxmisc/flowless/VirtualFlow <init> (Ljavafx/collections/ObservableList;Ljava/util/function/Function;Lorg/fxmisc/flowless/OrientationHelper;Lorg/fxmisc/flowless/VirtualFlow$Gravity;)V 33 <appendix> member <vmtarget> ; # org/fxmisc/flowless/VirtualFlow$$Lambda+0x000001de142dc338
instanceKlass  @cpi org/fxmisc/flowless/VirtualFlow 392 form vmentry <vmtarget> ; # java/lang/invoke/LambdaForm$DMH+0x000001de142d4400
instanceKlass  @bci org/reactfx/value/SimpleVar <init> (Ljava/lang/Object;)V 6 <appendix> member <vmtarget> ; # org/reactfx/value/SimpleVar$$Lambda+0x000001de142dc110
instanceKlass org/reactfx/value/SuspendableVar
instanceKlass org/fxmisc/flowless/VerticalHelper
instanceKlass org/fxmisc/flowless/TargetPositionVisitor
instanceKlass org/fxmisc/flowless/TargetPosition
instanceKlass org/fxmisc/flowless/OrientationHelper
instanceKlass  @bci org/fxmisc/richtext/GenericStyledArea <init> (Ljava/lang/Object;Ljava/util/function/BiConsumer;Ljava/lang/Object;Lorg/fxmisc/richtext/model/EditableStyledDocument;Lorg/fxmisc/richtext/model/TextOps;ZLjava/util/function/Function;)V 506 <appendix> member <vmtarget> ; # org/fxmisc/richtext/GenericStyledArea$$Lambda+0x000001de142d8bb8
instanceKlass  @bci org/fxmisc/richtext/GenericStyledArea <init> (Ljava/lang/Object;Ljava/util/function/BiConsumer;Ljava/lang/Object;Lorg/fxmisc/richtext/model/EditableStyledDocument;Lorg/fxmisc/richtext/model/TextOps;ZLjava/util/function/Function;)V 487 <appendix> member <vmtarget> ; # org/fxmisc/richtext/GenericStyledArea$$Lambda+0x000001de142d8980
instanceKlass  @bci org/fxmisc/richtext/GenericStyledArea <init> (Ljava/lang/Object;Ljava/util/function/BiConsumer;Ljava/lang/Object;Lorg/fxmisc/richtext/model/EditableStyledDocument;Lorg/fxmisc/richtext/model/TextOps;ZLjava/util/function/Function;)V 466 <appendix> member <vmtarget> ; # org/fxmisc/richtext/GenericStyledArea$$Lambda+0x000001de142d8748
instanceKlass com/sun/javafx/collections/ObservableSetWrapper
instanceKlass  @bci org/reactfx/SuccessionReducingStream observeInputs ()Lorg/reactfx/Subscription; 5 <appendix> member <vmtarget> ; # org/reactfx/SuccessionReducingStream$$Lambda+0x000001de142d77f8
instanceKlass  @bci org/fxmisc/undo/impl/UndoManagerImpl <init> (Lorg/fxmisc/undo/impl/ChangeQueue;Ljava/util/function/Function;Ljava/util/function/Consumer;Ljava/util/function/BiFunction;Ljava/util/function/Predicate;Lorg/reactfx/EventStream;Ljava/time/Duration;)V 154 <appendix> member <vmtarget> ; # org/fxmisc/undo/impl/UndoManagerImpl$$Lambda+0x000001de142d75c0
instanceKlass org/reactfx/util/FxTimer
instanceKlass  @bci org/reactfx/SuccessionReducingStream <init> (Lorg/reactfx/EventStream;Ljava/util/function/Function;Ljava/util/function/BiFunction;Ljava/util/function/Function;)V 38 <appendix> member <vmtarget> ; # org/reactfx/SuccessionReducingStream$$Lambda+0x000001de142d7150
instanceKlass  @bci org/reactfx/EventStream reduceSuccessions (Ljava/util/function/Function;Ljava/util/function/BiFunction;Ljava/time/Duration;)Lorg/reactfx/AwaitingEventStream; 1 <appendix> member <vmtarget> ; # org/reactfx/EventStream$$Lambda+0x000001de142d6200
instanceKlass org/reactfx/util/Timer
instanceKlass  @bci java/util/function/Function identity ()Ljava/util/function/Function; 0 <appendix> argL0 ; # java/util/function/Function$$Lambda+0x000001de14159850
instanceKlass  @bci org/reactfx/EventStream successionEnds (Ljava/time/Duration;)Lorg/reactfx/AwaitingEventStream; 1 <appendix> argL0 ; # org/reactfx/EventStream$$Lambda+0x000001de142d3cb0
instanceKlass  @bci org/reactfx/SuspendableBase observeInputs ()Lorg/reactfx/Subscription; 18 <appendix> member <vmtarget> ; # org/reactfx/SuspendableBase$$Lambda+0x000001de142d3a78
instanceKlass  @bci org/reactfx/SuspendableBase observeInputs ()Lorg/reactfx/Subscription; 5 <appendix> member <vmtarget> ; # org/reactfx/SuspendableBase$$Lambda+0x000001de142d3840
instanceKlass  @bci org/fxmisc/undo/impl/UndoManagerImpl <init> (Lorg/fxmisc/undo/impl/ChangeQueue;Ljava/util/function/Function;Ljava/util/function/Consumer;Ljava/util/function/BiFunction;Ljava/util/function/Predicate;Lorg/reactfx/EventStream;Ljava/time/Duration;)V 107 <appendix> member <vmtarget> ; # org/fxmisc/undo/impl/UndoManagerImpl$$Lambda+0x000001de142d3608
instanceKlass org/fxmisc/undo/impl/UnlimitedChangeQueue$QueuePositionImpl
instanceKlass  @bci org/fxmisc/undo/impl/UndoManagerImpl$3 <init> (Lorg/fxmisc/undo/impl/UndoManagerImpl;)V 17 <appendix> member <vmtarget> ; # org/fxmisc/undo/impl/UndoManagerImpl$3$$Lambda+0x000001de142d31a0
instanceKlass  @bci org/fxmisc/undo/impl/MultiChangeUndoManagerImpl <init> (Lorg/fxmisc/undo/impl/ChangeQueue;Ljava/util/function/Function;Ljava/util/function/Consumer;Ljava/util/function/BiFunction;Ljava/util/function/Predicate;Lorg/reactfx/EventStream;Ljava/time/Duration;)V 18 <appendix> member <vmtarget> ; # org/fxmisc/undo/impl/MultiChangeUndoManagerImpl$$Lambda+0x000001de142d2328
instanceKlass  @bci org/fxmisc/undo/impl/MultiChangeUndoManagerImpl <init> (Lorg/fxmisc/undo/impl/ChangeQueue;Ljava/util/function/Function;Ljava/util/function/Consumer;Ljava/util/function/BiFunction;Ljava/util/function/Predicate;Lorg/reactfx/EventStream;Ljava/time/Duration;)V 11 <appendix> member <vmtarget> ; # org/fxmisc/undo/impl/MultiChangeUndoManagerImpl$$Lambda+0x000001de142d20f0
instanceKlass  @bci org/fxmisc/undo/impl/MultiChangeUndoManagerImpl <init> (Lorg/fxmisc/undo/impl/ChangeQueue;Ljava/util/function/Function;Ljava/util/function/Consumer;Ljava/util/function/BiFunction;Ljava/util/function/Predicate;Lorg/reactfx/EventStream;Ljava/time/Duration;)V 3 <appendix> member <vmtarget> ; # org/fxmisc/undo/impl/MultiChangeUndoManagerImpl$$Lambda+0x000001de142d1ea8
instanceKlass org/fxmisc/undo/UndoManager$UndoPosition
instanceKlass org/fxmisc/undo/impl/UndoManagerImpl
instanceKlass org/fxmisc/undo/impl/ChangeQueue$QueuePosition
instanceKlass org/fxmisc/undo/impl/UnlimitedChangeQueue
instanceKlass  @bci org/fxmisc/richtext/util/UndoUtils richTextUndoManager (Lorg/fxmisc/richtext/GenericStyledArea;Lorg/fxmisc/undo/UndoManagerFactory;Ljava/time/Duration;)Lorg/fxmisc/undo/UndoManager; 19 <appendix> argL0 ; # org/fxmisc/richtext/util/UndoUtils$$Lambda+0x000001de142d0b40
instanceKlass  @bci org/fxmisc/richtext/util/UndoUtils richTextUndoManager (Lorg/fxmisc/richtext/GenericStyledArea;Lorg/fxmisc/undo/UndoManagerFactory;Ljava/time/Duration;)Lorg/fxmisc/undo/UndoManager; 14 <appendix> argL0 ; # org/fxmisc/richtext/util/UndoUtils$$Lambda+0x000001de142d0910
instanceKlass  @cpi org/fxmisc/richtext/GenericStyledAreaBehavior 562 form vmentry <vmtarget> ; # java/lang/invoke/LambdaForm$DMH+0x000001de142d4000
instanceKlass  @bci org/fxmisc/richtext/util/UndoUtils applyMultiRichTextChange (Lorg/fxmisc/richtext/GenericStyledArea;)Ljava/util/function/Consumer; 1 <appendix> member <vmtarget> ; # org/fxmisc/richtext/util/UndoUtils$$Lambda+0x000001de142d06d8
instanceKlass  @bci org/fxmisc/richtext/util/UndoUtils richTextUndoManager (Lorg/fxmisc/richtext/GenericStyledArea;Lorg/fxmisc/undo/UndoManagerFactory;Ljava/time/Duration;)Lorg/fxmisc/undo/UndoManager; 5 <appendix> argL0 ; # org/fxmisc/richtext/util/UndoUtils$$Lambda+0x000001de142d0498
instanceKlass org/fxmisc/undo/UndoManagerFactory$1
instanceKlass org/fxmisc/undo/UndoManagerFactory
instanceKlass org/fxmisc/undo/impl/ChangeQueue
instanceKlass org/fxmisc/richtext/model/TextChange
instanceKlass org/fxmisc/richtext/util/UndoUtils
instanceKlass  @bci org/fxmisc/richtext/GenericStyledArea <init> (Ljava/lang/Object;Ljava/util/function/BiConsumer;Ljava/lang/Object;Lorg/fxmisc/richtext/model/EditableStyledDocument;Lorg/fxmisc/richtext/model/TextOps;ZLjava/util/function/Function;)V 291 <appendix> argL0 ; # org/fxmisc/richtext/GenericStyledArea$$Lambda+0x000001de142cf260
instanceKlass  @bci org/fxmisc/richtext/GenericStyledArea <init> (Ljava/lang/Object;Ljava/util/function/BiConsumer;Ljava/lang/Object;Lorg/fxmisc/richtext/model/EditableStyledDocument;Lorg/fxmisc/richtext/model/TextOps;ZLjava/util/function/Function;)V 256 <appendix> member <vmtarget> ; # org/fxmisc/richtext/GenericStyledArea$$Lambda+0x000001de142cf038
instanceKlass  @bci org/fxmisc/richtext/GenericStyledArea <init> (Ljava/lang/Object;Ljava/util/function/BiConsumer;Ljava/lang/Object;Lorg/fxmisc/richtext/model/EditableStyledDocument;Lorg/fxmisc/richtext/model/TextOps;ZLjava/util/function/Function;)V 239 <appendix> member <vmtarget> ; # org/fxmisc/richtext/GenericStyledArea$$Lambda+0x000001de142cee00
instanceKlass  @bci org/fxmisc/richtext/GenericStyledArea <init> (Ljava/lang/Object;Ljava/util/function/BiConsumer;Ljava/lang/Object;Lorg/fxmisc/richtext/model/EditableStyledDocument;Lorg/fxmisc/richtext/model/TextOps;ZLjava/util/function/Function;)V 222 <appendix> member <vmtarget> ; # org/fxmisc/richtext/GenericStyledArea$$Lambda+0x000001de142cebd8
instanceKlass  @bci org/fxmisc/richtext/GenericStyledArea <init> (Ljava/lang/Object;Ljava/util/function/BiConsumer;Ljava/lang/Object;Lorg/fxmisc/richtext/model/EditableStyledDocument;Lorg/fxmisc/richtext/model/TextOps;ZLjava/util/function/Function;)V 205 <appendix> member <vmtarget> ; # org/fxmisc/richtext/GenericStyledArea$$Lambda+0x000001de142ce9a0
instanceKlass  @bci org/fxmisc/richtext/GenericStyledArea <init> (Ljava/lang/Object;Ljava/util/function/BiConsumer;Ljava/lang/Object;Lorg/fxmisc/richtext/model/EditableStyledDocument;Lorg/fxmisc/richtext/model/TextOps;ZLjava/util/function/Function;)V 188 <appendix> member <vmtarget> ; # org/fxmisc/richtext/GenericStyledArea$$Lambda+0x000001de142ce778
instanceKlass  @bci org/fxmisc/richtext/GenericStyledArea <init> (Ljava/lang/Object;Ljava/util/function/BiConsumer;Ljava/lang/Object;Lorg/fxmisc/richtext/model/EditableStyledDocument;Lorg/fxmisc/richtext/model/TextOps;ZLjava/util/function/Function;)V 171 <appendix> member <vmtarget> ; # org/fxmisc/richtext/GenericStyledArea$$Lambda+0x000001de142ce550
instanceKlass  @bci org/fxmisc/richtext/StyledTextArea <init> (Ljava/lang/Object;Ljava/util/function/BiConsumer;Ljava/lang/Object;Ljava/util/function/BiConsumer;Lorg/fxmisc/richtext/model/EditableStyledDocument;Lorg/fxmisc/richtext/model/TextOps;Z)V 12 <appendix> member <vmtarget> ; # org/fxmisc/richtext/StyledTextArea$$Lambda+0x000001de142ce308
instanceKlass  @bci org/fxmisc/richtext/model/SegmentOps styledTextOps ()Lorg/fxmisc/richtext/model/TextOps; 0 <appendix> argL0 ; # org/fxmisc/richtext/model/SegmentOps$$Lambda+0x000001de142ce0d8
instanceKlass  @bci org/fxmisc/richtext/StyleClassedTextArea <init> (Lorg/fxmisc/richtext/model/EditableStyledDocument;Z)V 12 <appendix> argL0 ; # org/fxmisc/richtext/StyleClassedTextArea$$Lambda+0x000001de142cdea8
instanceKlass  @bci org/fxmisc/richtext/StyleClassedTextArea <init> (Lorg/fxmisc/richtext/model/EditableStyledDocument;Z)V 4 <appendix> argL0 ; # org/fxmisc/richtext/StyleClassedTextArea$$Lambda+0x000001de142cdc78
instanceKlass org/reactfx/BiSubscription
instanceKlass  @bci org/reactfx/Suspendable$1 <init> (Lorg/reactfx/Suspendable;Ljavafx/beans/value/ObservableValue;)V 39 <appendix> member <vmtarget> ; # org/reactfx/Suspendable$1$$Lambda+0x000001de142cd800
instanceKlass  @bci org/reactfx/ObservableBase observe (Ljava/lang/Object;)Lorg/reactfx/Subscription; 7 <appendix> member <vmtarget> ; # org/reactfx/ObservableBase$$Lambda+0x000001de142cd5c8
instanceKlass  @bci org/reactfx/EventStreams$3 observeInputs ()Lorg/reactfx/Subscription; 22 <appendix> member <vmtarget> ; # org/reactfx/EventStreams$3$$Lambda+0x000001de142cd390
instanceKlass org/reactfx/util/WrapperBase
instanceKlass  @bci org/reactfx/EventStreams$3 observeInputs ()Lorg/reactfx/Subscription; 1 <appendix> member <vmtarget> ; # org/reactfx/EventStreams$3$$Lambda+0x000001de142ccd18
instanceKlass org/reactfx/util/ListHelper
instanceKlass  @bci org/reactfx/Suspendable$1 <init> (Lorg/reactfx/Suspendable;Ljavafx/beans/value/ObservableValue;)V 28 <appendix> member <vmtarget> ; # org/reactfx/Suspendable$1$$Lambda+0x000001de142cc300
instanceKlass org/reactfx/RigidObservable
instanceKlass org/reactfx/EventStreams
instanceKlass  @bci org/reactfx/Subscription <clinit> ()V 6 <appendix> argL0 ; # org/reactfx/Subscription$$Lambda+0x000001de142cabd8
instanceKlass org/reactfx/Subscription$1
instanceKlass org/reactfx/Suspendable$1
instanceKlass org/reactfx/MultiSuspendable
instanceKlass  @bci org/reactfx/Guardian <clinit> ()V 0 <appendix> argL0 ; # org/reactfx/Guardian$$Lambda+0x000001de142c9838
instanceKlass org/reactfx/Guard
instanceKlass org/reactfx/collection/ListModificationSequence
instanceKlass org/reactfx/collection/AbstractListModificationSequence
instanceKlass org/reactfx/util/AccumulationFacility$ListChangeAccumulation
instanceKlass org/reactfx/collection/QuasiListModification
instanceKlass org/reactfx/collection/ListModificationLike
instanceKlass org/reactfx/collection/SuspendableList
instanceKlass org/reactfx/inhibeans/collection/ObservableList
instanceKlass org/reactfx/inhibeans/Observable
instanceKlass org/reactfx/Guardian
instanceKlass org/reactfx/collection/MemoizationList
instanceKlass org/reactfx/collection/LiveList$QuasiChangeObserver
instanceKlass org/reactfx/collection/LiveList$QuasiModificationObserver
instanceKlass org/reactfx/collection/LiveList$Observer
instanceKlass org/reactfx/collection/ProperLiveList
instanceKlass org/reactfx/collection/UnmodifiableByDefaultLiveList
instanceKlass org/reactfx/collection/UnmodifiableByDefaultList
instanceKlass org/reactfx/collection/AccessorListMethods
instanceKlass  @bci org/fxmisc/richtext/model/GenericEditableStyledDocumentBase <init> (Lorg/fxmisc/richtext/model/ReadOnlyStyledDocument;)V 58 <appendix> member <vmtarget> ; # org/fxmisc/richtext/model/GenericEditableStyledDocumentBase$$Lambda+0x000001de142c42d0
instanceKlass org/reactfx/util/AccumulationFacility$RetainOldest
instanceKlass org/reactfx/value/SuspendableVal
instanceKlass  @bci org/fxmisc/richtext/model/GenericEditableStyledDocumentBase <init> (Lorg/fxmisc/richtext/model/ReadOnlyStyledDocument;)V 28 <appendix> member <vmtarget> ; # org/fxmisc/richtext/model/GenericEditableStyledDocumentBase$$Lambda+0x000001de142c2168
instanceKlass org/reactfx/util/AccumulationFacility$Queuing
instanceKlass org/reactfx/Subscription
instanceKlass org/reactfx/util/EmptyAccuMap
instanceKlass org/reactfx/util/AccuMap
instanceKlass org/reactfx/util/NotificationAccumulatorBase
instanceKlass org/reactfx/util/AccumulationFacility$NoAccumulation
instanceKlass org/reactfx/util/AccumulationFacility$HomotypicAccumulation
instanceKlass org/reactfx/util/AccumulationFacility$IllegalAccumulation
instanceKlass org/reactfx/util/AccumulationFacility
instanceKlass org/reactfx/util/NotificationAccumulator
instanceKlass org/reactfx/AwaitingEventStream
instanceKlass org/reactfx/SuspenderStream
instanceKlass org/reactfx/Suspender
instanceKlass org/reactfx/TaskStream
instanceKlass org/reactfx/SuspendableEventStream
instanceKlass org/reactfx/CompletionStageStream
instanceKlass org/reactfx/ProperEventStream
instanceKlass org/reactfx/EventSink
instanceKlass  @bci org/fxmisc/richtext/model/ReadOnlyStyledDocument <init> (Ljava/util/List;)V 30 <appendix> argL0 ; # org/fxmisc/richtext/model/ReadOnlyStyledDocument$$Lambda+0x000001de142be240
instanceKlass  @bci org/fxmisc/richtext/model/ReadOnlyStyledDocument <init> (Ljava/util/List;)V 25 <appendix> argL0 ; # org/fxmisc/richtext/model/ReadOnlyStyledDocument$$Lambda+0x000001de142be000
instanceKlass org/reactfx/util/Right
instanceKlass java/util/stream/ReduceOps$5ReducingSink
instanceKlass  @bci java/util/stream/IntPipeline sum ()I 2 <appendix> argL0 ; # java/util/stream/IntPipeline$$Lambda+0x000001de14158d70
instanceKlass java/util/function/IntBinaryOperator
instanceKlass  @bci org/fxmisc/richtext/model/Paragraph length ()I 27 <appendix> member <vmtarget> ; # org/fxmisc/richtext/model/Paragraph$$Lambda+0x000001de142bb968
instanceKlass java/util/function/ToIntFunction
instanceKlass java/util/Collections$2
instanceKlass org/reactfx/util/FingerTree
instanceKlass org/fxmisc/richtext/model/ReadOnlyStyledDocument$1
instanceKlass  @bci org/fxmisc/richtext/model/ReadOnlyStyledDocument <clinit> ()V 8 <appendix> argL0 ; # org/fxmisc/richtext/model/ReadOnlyStyledDocument$$Lambda+0x000001de142ba3a0
instanceKlass  @cpi org/fxmisc/wellbehaved/event/template/PatternActionTemplate 124 form vmentry <vmtarget> ; # java/lang/invoke/LambdaForm$DMH+0x000001de142bc400
instanceKlass org/reactfx/util/Either
instanceKlass org/fxmisc/richtext/model/ReadOnlyStyledDocument$Summary
instanceKlass org/reactfx/util/ToSemigroup
instanceKlass org/reactfx/util/Semigroup
instanceKlass org/fxmisc/richtext/model/ReadOnlyStyledDocument
instanceKlass  @bci org/fxmisc/richtext/model/Paragraph <init> (Ljava/lang/Object;Lorg/fxmisc/richtext/model/SegmentOps;Ljava/util/List;Lorg/fxmisc/richtext/model/StyleSpans;)V 97 <appendix> member <vmtarget> ; # org/fxmisc/richtext/model/Paragraph$$Lambda+0x000001de142b9598
instanceKlass  @bci org/fxmisc/richtext/model/Paragraph <init> (Ljava/lang/Object;Lorg/fxmisc/richtext/model/SegmentOps;Ljava/util/List;Lorg/fxmisc/richtext/model/StyleSpans;)V 90 <appendix> member <vmtarget> ; # org/fxmisc/richtext/model/Paragraph$$Lambda+0x000001de142b9370
instanceKlass  @bci org/fxmisc/richtext/model/StyleSpansBase <init> ()V 16 <appendix> member <vmtarget> ; # org/fxmisc/richtext/model/StyleSpansBase$$Lambda+0x000001de142b9128
instanceKlass java/util/function/IntUnaryOperator
instanceKlass  @bci org/fxmisc/richtext/model/StyleSpansBase <init> ()V 10 <appendix> member <vmtarget> ; # org/fxmisc/richtext/model/StyleSpansBase$$Lambda+0x000001de142b8f00
instanceKlass  @cpi org/fxmisc/richtext/SelectionImpl 506 form vmentry <vmtarget> ; # java/lang/invoke/LambdaForm$DMH+0x000001de142bc000
instanceKlass java/util/function/IntSupplier
instanceKlass org/fxmisc/richtext/model/TwoLevelNavigator
instanceKlass org/fxmisc/richtext/model/StyleSpansBase
instanceKlass org/fxmisc/richtext/model/StyleSpan
instanceKlass org/fxmisc/richtext/model/SegmentOpsBase
instanceKlass  @bci org/fxmisc/richtext/model/SimpleEditableStyledDocument <init> (Ljava/lang/Object;Ljava/lang/Object;)V 3 <appendix> argL0 ; # org/fxmisc/richtext/model/SimpleEditableStyledDocument$$Lambda+0x000001de142b7ae0
instanceKlass org/fxmisc/richtext/model/GenericEditableStyledDocumentBase
instanceKlass  @bci org/fxmisc/richtext/GenericStyledArea <clinit> ()V 61 <appendix> argL0 ; # org/fxmisc/richtext/GenericStyledArea$$Lambda+0x000001de142b3c50
instanceKlass com/sun/javafx/fxml/builder/ProxyBuilder$Property
instanceKlass  @bci com/sun/javafx/fxml/builder/ProxyBuilder scanForSetters ()Ljava/util/Map; 101 <appendix> form vmentry <vmtarget> ; # java/lang/invoke/LambdaForm$MH+0x000001de142b6800
# instanceKlass java/lang/invoke/LambdaForm$MH+0x000001de142b6400
instanceKlass  @bci com/sun/javafx/fxml/builder/ProxyBuilder scanForSetters ()Ljava/util/Map; 101 <appendix> argL3 form vmentry <vmtarget> ; # java/lang/invoke/LambdaForm$MH+0x000001de142b6000
# instanceKlass java/lang/invoke/LambdaForm$MH+0x000001de142b5c00
# instanceKlass java/lang/invoke/LambdaForm$MH+0x000001de142b5800
# instanceKlass java/lang/invoke/LambdaForm$MH+0x000001de142b5400
# instanceKlass java/lang/invoke/LambdaForm$MH+0x000001de142b5000
instanceKlass  @bci com/sun/javafx/fxml/builder/ProxyBuilder scanForSetters ()Ljava/util/Map; 101 <appendix> argL1 form vmentry <vmtarget> ; # java/lang/invoke/LambdaForm$MH+0x000001de142b4c00
# instanceKlass java/lang/invoke/LambdaForm$MH+0x000001de142b4800
# instanceKlass java/lang/invoke/LambdaForm$MH+0x000001de142b4400
# instanceKlass java/lang/invoke/LambdaForm$MH+0x000001de142b4000
instanceKlass org/fxmisc/richtext/model/Paragraph
instanceKlass org/fxmisc/richtext/model/TextOps
instanceKlass org/fxmisc/richtext/MultiChangeBuilder
instanceKlass org/fxmisc/undo/UndoManager
instanceKlass org/fxmisc/richtext/model/StyleSpans
instanceKlass org/fxmisc/richtext/model/Codec
instanceKlass org/reactfx/value/Var
instanceKlass org/reactfx/ObservableBase
instanceKlass org/reactfx/value/ProperVal
instanceKlass org/reactfx/ProperObservable
instanceKlass org/reactfx/Toggle
instanceKlass org/reactfx/Suspendable
instanceKlass org/reactfx/value/Val
instanceKlass org/fxmisc/richtext/CharacterHit
instanceKlass javafx/scene/control/IndexRange
instanceKlass org/fxmisc/richtext/model/TwoDimensional$Position
instanceKlass org/fxmisc/richtext/model/StyledSegment
instanceKlass com/sun/javafx/fxml/builder/ProxyBuilder$AnnotationValue
instanceKlass  @bci com/sun/javafx/fxml/builder/ProxyBuilder <init> (Ljava/lang/Class;)V 10 <appendix> argL0 ; # com/sun/javafx/fxml/builder/ProxyBuilder$$Lambda+0x000001de142afcc0
instanceKlass java/lang/Short$ShortCache
instanceKlass java/lang/Byte$ByteCache
instanceKlass javafx/beans/NamedArg
instanceKlass org/reactfx/collection/LiveList
instanceKlass org/reactfx/EventStream
instanceKlass org/reactfx/Observable
instanceKlass org/fxmisc/flowless/Cell
instanceKlass org/fxmisc/richtext/CaretSelectionBind
instanceKlass org/fxmisc/richtext/Caret
instanceKlass org/fxmisc/richtext/model/EditableStyledDocument
instanceKlass org/fxmisc/richtext/model/StyledDocument
instanceKlass org/fxmisc/richtext/model/SegmentOps
instanceKlass org/fxmisc/richtext/Selection
# instanceKlass java/lang/invoke/LambdaForm$MH+0x000001de142acc00
instanceKlass  @bci jdk/internal/loader/BootLoader$PackageHelper findModule (Ljava/lang/String;)Ljava/lang/Module; 90 <appendix> member <vmtarget> ; # jdk/internal/loader/BootLoader$PackageHelper$$Lambda+0x000001de14156ce0
instanceKlass jdk/internal/loader/BootLoader$PackageHelper
instanceKlass  @bci java/util/stream/Collectors joining (Ljava/lang/CharSequence;Ljava/lang/CharSequence;Ljava/lang/CharSequence;)Ljava/util/stream/Collector; 22 <appendix> argL0 ; # java/util/stream/Collectors$$Lambda+0x800000047
instanceKlass  @bci java/util/stream/Collectors joining (Ljava/lang/CharSequence;Ljava/lang/CharSequence;Ljava/lang/CharSequence;)Ljava/util/stream/Collector; 17 <appendix> argL0 ; # java/util/stream/Collectors$$Lambda+0x800000045
instanceKlass  @bci java/util/stream/Collectors joining (Ljava/lang/CharSequence;Ljava/lang/CharSequence;Ljava/lang/CharSequence;)Ljava/util/stream/Collector; 12 <appendix> argL0 ; # java/util/stream/Collectors$$Lambda+0x800000042
instanceKlass  @bci java/util/stream/Collectors joining (Ljava/lang/CharSequence;Ljava/lang/CharSequence;Ljava/lang/CharSequence;)Ljava/util/stream/Collector; 7 <appendix> member <vmtarget> ; # java/util/stream/Collectors$$Lambda+0x80000004a
instanceKlass  @bci java/lang/Class methodToString (Ljava/lang/String;[Ljava/lang/Class;)Ljava/lang/String; 42 <appendix> argL0 ; # java/lang/Class$$Lambda+0x000001de14156898
instanceKlass java/lang/foreign/MemorySegment
# instanceKlass java/lang/invoke/LambdaForm$MH+0x000001de142ac800
# instanceKlass java/lang/invoke/LambdaForm$MH+0x000001de142ac400
# instanceKlass java/lang/invoke/LambdaForm$MH+0x000001de142ac000
instanceKlass  @bci javafx/scene/control/Menu <init> (Ljava/lang/String;Ljavafx/scene/Node;[Ljavafx/scene/control/MenuItem;)V 98 <appendix> member <vmtarget> ; # javafx/scene/control/Menu$$Lambda+0x000001de142a7c70
instanceKlass javafx/stage/FileChooser
instanceKlass java/lang/Process
instanceKlass  @bci javafx/scene/layout/VBox <clinit> ()V 0 <appendix> argL0 ; # javafx/scene/layout/VBox$$Lambda+0x000001de1429f7d0
instanceKlass com/example/commonlisp_ide/Main
instanceKlass org/fxmisc/flowless/Virtualized
instanceKlass org/fxmisc/richtext/model/TwoDimensional
instanceKlass org/fxmisc/richtext/ViewActions
instanceKlass org/fxmisc/richtext/UndoActions
instanceKlass org/fxmisc/richtext/StyleActions
instanceKlass org/fxmisc/richtext/NavigationActions
instanceKlass org/fxmisc/richtext/ClipboardActions
instanceKlass org/fxmisc/richtext/EditActions
instanceKlass org/fxmisc/richtext/TextEditingArea
instanceKlass javafx/scene/control/Toggle
instanceKlass javafx/scene/control/MenuItem
instanceKlass  @bci com/sun/javafx/tk/quantum/WindowStage close ()V 5 <appendix> member <vmtarget> ; # com/sun/javafx/tk/quantum/WindowStage$$Lambda+0x000001de1429b3d0
instanceKlass  @bci com/sun/javafx/tk/quantum/ViewScene dispose ()V 8 <appendix> member <vmtarget> ; # com/sun/javafx/tk/quantum/ViewScene$$Lambda+0x000001de1429b1a8
instanceKlass  @bci com/sun/javafx/tk/quantum/QuantumRenderer disposePresentable (Lcom/sun/prism/Presentable;)V 40 <appendix> member <vmtarget> ; # com/sun/javafx/tk/quantum/QuantumRenderer$$Lambda+0x000001de1429af80
instanceKlass  @bci com/sun/javafx/tk/quantum/WindowStage setScene (Lcom/sun/javafx/tk/TKScene;)V 64 <appendix> member <vmtarget> ; # com/sun/javafx/tk/quantum/WindowStage$$Lambda+0x000001de1429ad58
instanceKlass  @bci com/sun/javafx/application/PlatformImpl checkIdle ()V 127 <appendix> argL0 ; # com/sun/javafx/application/PlatformImpl$$Lambda+0x000001de1429ab38
instanceKlass javafx/scene/input/MouseEvent$1
instanceKlass  @bci com/sun/javafx/scene/control/inputmap/InputMap lookup (Ljavafx/event/Event;Z)Ljava/util/List; 82 <appendix> argL0 ; # com/sun/javafx/scene/control/inputmap/InputMap$$Lambda+0x000001de1429a2b0
instanceKlass  @bci javafx/animation/Animation play ()V 19 <appendix> member <vmtarget> ; # javafx/animation/Animation$$Lambda+0x000001de1429a088
instanceKlass javafx/animation/KeyValue
instanceKlass  @bci javafx/scene/Scene$ClickCounter start (DD)V 67 <appendix> member <vmtarget> ; # javafx/scene/Scene$ClickCounter$$Lambda+0x000001de14299a58
instanceKlass com/sun/scenario/animation/shared/InterpolationInterval
instanceKlass com/sun/scenario/animation/shared/ClipInterpolator
instanceKlass  @bci com/sun/scenario/animation/shared/TimelineClipCore <clinit> ()V 0 <appendix> argL0 ; # com/sun/scenario/animation/shared/TimelineClipCore$$Lambda+0x000001de14298b10
instanceKlass javafx/animation/KeyFrame
instanceKlass com/sun/scenario/animation/shared/TimelineClipCore
instanceKlass com/sun/scenario/animation/shared/ClipEnvelope
instanceKlass javafx/animation/Animation$1
instanceKlass javafx/util/Duration
instanceKlass com/sun/scenario/animation/shared/AnimationAccessor
instanceKlass javafx/animation/Animation
instanceKlass com/sun/javafx/tk/TKDragSourceListener
instanceKlass javafx/scene/Scene$DnDGesture
instanceKlass com/sun/glass/ui/win/WinClipboardDelegate
instanceKlass com/sun/glass/ui/Clipboard
instanceKlass  @bci javafx/scene/Node buildEventDispatchChain (Ljavafx/event/EventDispatchChain;)Ljavafx/event/EventDispatchChain; 9 <appendix> member <vmtarget> ; # javafx/scene/Node$$Lambda+0x000001de14294628
instanceKlass java/util/EnumMap$EnumMapIterator
instanceKlass com/sun/javafx/scene/input/InputEventUtils
instanceKlass javafx/scene/input/PickResult
instanceKlass javafx/scene/input/MouseEvent$Flags
instanceKlass  @bci com/sun/javafx/tk/quantum/GlassViewEventHandler handleMouseEvent (Lcom/sun/glass/ui/View;JIIIIIIIZZ)V 98 <appendix> member <vmtarget> ; # com/sun/javafx/tk/quantum/GlassViewEventHandler$$Lambda+0x000001de1428fdb8
instanceKlass com/sun/prism/shader/Solid_TextureSecondPassLCD_Loader
instanceKlass com/sun/prism/shader/Solid_TextureFirstPassLCD_Loader
instanceKlass com/sun/scenario/effect/impl/prism/PrEffectHelper
# instanceKlass java/lang/invoke/LambdaForm$MH+0x000001de14290400
# instanceKlass java/lang/invoke/LambdaForm$MH+0x000001de14290000
instanceKlass  @bci com/sun/prism/impl/BufferUtil nativeOrder (Ljava/nio/ByteBuffer;)V 12 <appendix> argL0 ; # com/sun/prism/impl/BufferUtil$$Lambda+0x000001de1428f580
instanceKlass com/sun/prism/impl/BufferUtil
instanceKlass com/sun/prism/impl/packrect/Level
instanceKlass com/sun/javafx/font/directwrite/D2D1_POINT_2F
instanceKlass com/sun/javafx/font/directwrite/D2D1_PIXEL_FORMAT
instanceKlass com/sun/javafx/font/directwrite/D2D1_RENDER_TARGET_PROPERTIES
instanceKlass  @bci com/sun/javafx/font/directwrite/DWFactory getWICFactory ()Lcom/sun/javafx/font/directwrite/IWICImagingFactory; 36 <appendix> argL0 ; # com/sun/javafx/font/directwrite/DWFactory$$Lambda+0x000001de1428de58
instanceKlass com/sun/prism/impl/GlyphCache$GlyphData
instanceKlass com/sun/prism/impl/packrect/RectanglePacker
instanceKlass com/sun/prism/impl/GlyphCache
instanceKlass com/sun/javafx/font/directwrite/DWRITE_MATRIX
instanceKlass com/sun/prism/PrinterGraphics
instanceKlass com/sun/prism/shader/Solid_TextureRGB_Loader
instanceKlass com/sun/prism/impl/ps/BaseShaderContext$1
instanceKlass com/sun/prism/MultiTexture
instanceKlass com/sun/prism/d3d/D3DTexture$1
instanceKlass javafx/util/Pair
instanceKlass com/sun/javafx/image/impl/ByteGray$Accessor
instanceKlass com/sun/javafx/image/impl/ByteGray
instanceKlass com/sun/prism/shader/Texture_Color_Loader
instanceKlass com/sun/marlin/ArrayCacheConst
instanceKlass com/sun/marlin/MaskMarlinAlphaConsumer
instanceKlass com/sun/marlin/Helpers
instanceKlass com/sun/prism/impl/shape/DMarlinPrismUtils
instanceKlass com/sun/marlin/DPQSSorterContext
instanceKlass com/sun/marlin/Dasher$LengthIterator
instanceKlass com/sun/marlin/Dasher
instanceKlass com/sun/marlin/Stroker
instanceKlass com/sun/marlin/ArrayCacheIntClean$Reference
instanceKlass  @bci com/sun/marlin/OffHeapArray <init> (Ljava/lang/Object;J)V 52 <appendix> member <vmtarget> ; # com/sun/marlin/OffHeapArray$$Lambda+0x000001de1428a288
instanceKlass com/sun/marlin/RendererContext$RendererSharedMemory
instanceKlass com/sun/marlin/ArrayCacheInt$Reference
instanceKlass com/sun/marlin/Helpers$IndexStack
instanceKlass com/sun/marlin/TransformingPathConsumer2D$PathClipFilter
instanceKlass com/sun/marlin/TransformingPathConsumer2D$StartFlagPathConsumer2D
instanceKlass com/sun/marlin/ArrayCacheByte$Reference
instanceKlass com/sun/marlin/ArrayCacheDouble$Reference
instanceKlass com/sun/marlin/Helpers$PolyStack
instanceKlass com/sun/marlin/TransformingPathConsumer2D$ClosedPathDetector
instanceKlass com/sun/marlin/TransformingPathConsumer2D$PathTracer
instanceKlass com/sun/marlin/TransformingPathConsumer2D$DeltaTransformFilter
instanceKlass com/sun/marlin/TransformingPathConsumer2D$DeltaScaleFilter
instanceKlass com/sun/marlin/TransformingPathConsumer2D$Path2DWrapper
instanceKlass com/sun/marlin/TransformingPathConsumer2D
instanceKlass com/sun/marlin/TransformingPathConsumer2D$CurveClipSplitter
instanceKlass com/sun/marlin/TransformingPathConsumer2D$CurveBasicMonotonizer
instanceKlass com/sun/marlin/ArrayCacheByte
instanceKlass com/sun/marlin/ArrayCacheDouble
instanceKlass com/sun/marlin/ArrayCacheInt
instanceKlass com/sun/marlin/ArrayCacheIntClean
instanceKlass com/sun/marlin/PathSimplifier
instanceKlass com/sun/marlin/CollinearSimplifier
instanceKlass com/sun/marlin/Curve
instanceKlass jdk/internal/math/DoubleToDecimal
instanceKlass  @bci com/sun/marlin/DMarlinRenderingEngine logSettings (Ljava/lang/String;)V 502 <appendix> form vmentry <vmtarget> ; # java/lang/invoke/LambdaForm$MH+0x000001de1427d800
# instanceKlass java/lang/invoke/LambdaForm$MH+0x000001de1427d400
instanceKlass sun/misc/Unsafe
instanceKlass com/sun/marlin/OffHeapArray$1
instanceKlass com/sun/marlin/OffHeapArray
instanceKlass com/sun/marlin/MergeSort
instanceKlass jdk/internal/math/MathUtils
instanceKlass jdk/internal/math/FloatToDecimal
instanceKlass  @bci com/sun/marlin/DMarlinRenderingEngine logSettings (Ljava/lang/String;)V 272 <appendix> form vmentry <vmtarget> ; # java/lang/invoke/LambdaForm$MH+0x000001de1427d000
instanceKlass  @bci com/sun/marlin/MarlinProperties getDouble (Ljava/lang/String;DDD)D 4 <appendix> member <vmtarget> ; # com/sun/marlin/MarlinProperties$$Lambda+0x000001de142869e0
instanceKlass com/sun/marlin/Version
instanceKlass jdk/internal/ref/CleanerImpl$InnocuousThreadFactory
instanceKlass  @bci com/sun/marlin/MarlinProperties getString (Ljava/lang/String;Ljava/lang/String;)Ljava/lang/String; 2 <appendix> member <vmtarget> ; # com/sun/marlin/MarlinProperties$$Lambda+0x000001de142865b0
instanceKlass com/sun/marlin/FloatMath
instanceKlass  @bci com/sun/marlin/MarlinProperties getInteger (Ljava/lang/String;III)I 1 <appendix> member <vmtarget> ; # com/sun/marlin/MarlinProperties$$Lambda+0x000001de14286180
instanceKlass com/sun/marlin/MarlinUtils
instanceKlass com/sun/marlin/Renderer
instanceKlass com/sun/marlin/MarlinRenderer
instanceKlass com/sun/marlin/DPathConsumer2D
instanceKlass java/util/concurrent/ConcurrentLinkedQueue$Node
instanceKlass  @bci com/sun/marlin/DMarlinRenderingEngine <clinit> ()V 6 <appendix> argL0 ; # com/sun/marlin/DMarlinRenderingEngine$$Lambda+0x000001de14285238
instanceKlass com/sun/util/reentrant/ReentrantContext
instanceKlass com/sun/util/reentrant/ReentrantContextProvider
instanceKlass com/sun/marlin/DMarlinRenderingEngine
instanceKlass com/sun/marlin/MarlinConst
instanceKlass  @bci com/sun/marlin/MarlinProperties getBoolean (Ljava/lang/String;Ljava/lang/String;)Z 2 <appendix> member <vmtarget> ; # com/sun/marlin/MarlinProperties$$Lambda+0x000001de14283d10
instanceKlass com/sun/marlin/MarlinProperties
instanceKlass com/sun/prism/impl/shape/MaskData
instanceKlass com/sun/marlin/MarlinAlphaConsumer
instanceKlass com/sun/openpisces/AlphaConsumer
instanceKlass com/sun/prism/impl/shape/DMarlinRasterizer
instanceKlass com/sun/prism/impl/shape/ShapeUtil$1
instanceKlass com/sun/prism/impl/shape/ShapeRasterizer
instanceKlass com/sun/prism/impl/shape/ShapeUtil
instanceKlass com/sun/prism/d3d/D3DContext$1
# instanceKlass java/lang/invoke/LambdaForm$MH+0x000001de1427cc00
# instanceKlass java/lang/invoke/LambdaForm$MH+0x000001de1427c800
# instanceKlass java/lang/invoke/LambdaForm$MH+0x000001de1427c400
instanceKlass com/sun/prism/shader/FillPgram_Color_Loader
instanceKlass  @bci com/sun/prism/d3d/D3DResourceFactory createStockShader (Ljava/lang/String;)Lcom/sun/prism/ps/Shader; 16 <appendix> member <vmtarget> ; # com/sun/prism/d3d/D3DResourceFactory$$Lambda+0x000001de14281f68
instanceKlass com/sun/javafx/geom/transform/Affine3D$1
instanceKlass com/sun/prism/impl/BaseGraphicsResource
instanceKlass  @bci com/sun/prism/impl/ps/BaseShaderGraphics <clinit> ()V 30 <appendix> argL0 ; # com/sun/prism/impl/ps/BaseShaderGraphics$$Lambda+0x000001de1427f7f8
instanceKlass com/sun/prism/impl/Disposer$Target
instanceKlass com/sun/prism/impl/Disposer
instanceKlass com/sun/prism/impl/PrismTrace
instanceKlass com/sun/prism/d3d/D3DResource$D3DRecord
instanceKlass com/sun/prism/impl/Disposer$Record
instanceKlass com/sun/prism/impl/BaseTexture
instanceKlass com/sun/prism/d3d/D3DContextSource
instanceKlass com/sun/prism/ReadbackRenderTarget
instanceKlass com/sun/prism/d3d/D3DRenderTarget
instanceKlass com/sun/prism/impl/BaseResourcePool$WeakLinkedList
instanceKlass  @bci com/sun/prism/impl/BaseResourcePool <clinit> ()V 110 <appendix> argL0 ; # com/sun/prism/impl/BaseResourcePool$$Lambda+0x000001de1427a118
instanceKlass  @bci com/sun/prism/impl/BaseResourcePool <clinit> ()V 92 <appendix> argL0 ; # com/sun/prism/impl/BaseResourcePool$$Lambda+0x000001de14279ef8
instanceKlass  @bci com/sun/prism/impl/BaseResourcePool <clinit> ()V 74 <appendix> argL0 ; # com/sun/prism/impl/BaseResourcePool$$Lambda+0x000001de14279cd8
instanceKlass  @bci com/sun/prism/impl/BaseResourcePool <clinit> ()V 56 <appendix> argL0 ; # com/sun/prism/impl/BaseResourcePool$$Lambda+0x000001de14279ab8
instanceKlass  @bci com/sun/prism/impl/BaseResourcePool <clinit> ()V 38 <appendix> argL0 ; # com/sun/prism/impl/BaseResourcePool$$Lambda+0x000001de14279898
instanceKlass  @bci com/sun/prism/impl/BaseResourcePool <clinit> ()V 20 <appendix> argL0 ; # com/sun/prism/impl/BaseResourcePool$$Lambda+0x000001de14279678
instanceKlass  @cpi org/fxmisc/richtext/GenericStyledAreaBehavior 776 form vmentry <vmtarget> ; # java/lang/invoke/LambdaForm$DMH+0x000001de1427c000
instanceKlass com/sun/prism/impl/ManagedResource
instanceKlass com/sun/prism/impl/BaseResourcePool$Predicate
instanceKlass com/sun/prism/impl/BaseResourcePool
instanceKlass com/sun/glass/ui/Size
instanceKlass com/sun/javafx/tk/quantum/CursorUtils$1
instanceKlass com/sun/javafx/tk/quantum/CursorUtils
instanceKlass  @bci com/sun/javafx/tk/quantum/ViewScene setCursor (Ljava/lang/Object;)V 7 <appendix> member <vmtarget> ; # com/sun/javafx/tk/quantum/ViewScene$$Lambda+0x000001de14274400
instanceKlass com/sun/javafx/cursor/CursorFrame
instanceKlass com/sun/javafx/geom/Path2D$SVGParser
instanceKlass com/sun/javafx/sg/prism/EffectFilter
instanceKlass com/sun/scenario/effect/GaussianShadow$1
instanceKlass com/sun/javafx/tk/Toolkit$1
instanceKlass com/sun/scenario/effect/impl/state/LinearConvolveRenderState
instanceKlass com/sun/scenario/effect/Color4f
instanceKlass com/sun/scenario/effect/impl/state/LinearConvolveKernel
instanceKlass com/sun/scenario/effect/impl/state/RenderState
instanceKlass com/sun/prism/image/CompoundImage
instanceKlass javafx/scene/effect/Effect$2
instanceKlass com/sun/javafx/scene/traversal/TabOrderHelper
instanceKlass  @bci com/sun/javafx/tk/Toolkit runPulse (Lcom/sun/javafx/tk/TKPulseListener;Ljava/security/AccessControlContext;)V 15 <appendix> member <vmtarget> ; # com/sun/javafx/tk/Toolkit$$Lambda+0x000001de142715c0
instanceKlass  @bci com/sun/javafx/tk/Toolkit notifyWindowListeners (Ljava/util/List;)V 74 <appendix> member <vmtarget> ; # com/sun/javafx/tk/Toolkit$$Lambda+0x000001de14271398
instanceKlass  @bci com/sun/javafx/tk/quantum/WindowStage setVisible (Z)V 102 <appendix> form vmentry <vmtarget> ; # java/lang/invoke/LambdaForm$DMH+0x000001de14274000
instanceKlass  @bci com/sun/javafx/tk/quantum/WindowStage setVisible (Z)V 102 <appendix> member <vmtarget> ; # com/sun/javafx/tk/quantum/WindowStage$$Lambda+0x000001de14271170
instanceKlass  @bci com/sun/javafx/tk/quantum/GlassViewEventHandler$ViewEventNotification run ()Ljava/lang/Void; 298 <appendix> member <vmtarget> ; # com/sun/javafx/tk/quantum/GlassViewEventHandler$ViewEventNotification$$Lambda+0x000001de14270f48
instanceKlass  @bci com/sun/javafx/tk/quantum/GlassWindowEventHandler handleWindowEvent (Lcom/sun/glass/ui/Window;JI)V 12 <appendix> member <vmtarget> ; # com/sun/javafx/tk/quantum/GlassWindowEventHandler$$Lambda+0x000001de14270d20
instanceKlass javafx/scene/text/Text$10
instanceKlass javafx/scene/Parent$5
instanceKlass  @bci javafx/scene/control/skin/ListViewSkin <init> (Ljavafx/scene/control/ListView;)V 456 <appendix> member <vmtarget> ; # javafx/scene/control/skin/ListViewSkin$$Lambda+0x000001de142708e0
instanceKlass  @bci javafx/scene/control/skin/ListViewSkin <init> (Ljavafx/scene/control/ListView;)V 441 <appendix> member <vmtarget> ; # javafx/scene/control/skin/ListViewSkin$$Lambda+0x000001de142706a8
instanceKlass  @bci javafx/scene/control/skin/ListViewSkin <init> (Ljavafx/scene/control/ListView;)V 427 <appendix> member <vmtarget> ; # javafx/scene/control/skin/ListViewSkin$$Lambda+0x000001de14270470
instanceKlass  @bci javafx/scene/control/skin/ListViewSkin <init> (Ljavafx/scene/control/ListView;)V 413 <appendix> member <vmtarget> ; # javafx/scene/control/skin/ListViewSkin$$Lambda+0x000001de14270238
instanceKlass  @bci javafx/scene/control/skin/ListViewSkin <init> (Ljavafx/scene/control/ListView;)V 399 <appendix> member <vmtarget> ; # javafx/scene/control/skin/ListViewSkin$$Lambda+0x000001de14270000
instanceKlass  @bci javafx/scene/control/skin/ListViewSkin <init> (Ljavafx/scene/control/ListView;)V 384 <appendix> member <vmtarget> ; # javafx/scene/control/skin/ListViewSkin$$Lambda+0x000001de1426fb98
instanceKlass com/sun/javafx/text/TextLine
instanceKlass com/sun/javafx/font/directwrite/DWRITE_GLYPH_METRICS
instanceKlass com/sun/javafx/font/directwrite/DWRITE_GLYPH_RUN
instanceKlass com/sun/javafx/font/directwrite/RECT
instanceKlass com/sun/javafx/font/directwrite/D2D1_MATRIX_3X2_F
instanceKlass com/sun/javafx/font/directwrite/D2D1_COLOR_F
instanceKlass com/sun/javafx/font/directwrite/DWGlyph
instanceKlass com/sun/javafx/font/Glyph
instanceKlass com/sun/javafx/font/PrismMetrics
instanceKlass com/sun/javafx/text/LayoutCache
instanceKlass com/sun/javafx/text/ScriptMapper
# instanceKlass java/lang/invoke/LambdaForm$MH+0x000001de14258c00
# instanceKlass java/lang/invoke/LambdaForm$MH+0x000001de14258800
# instanceKlass java/lang/invoke/LambdaForm$MH+0x000001de14258400
instanceKlass com/sun/javafx/font/CMap
instanceKlass jdk/internal/icu/text/BidiLine
instanceKlass jdk/internal/icu/text/UTF16
instanceKlass jdk/internal/foreign/MemorySessionImpl
instanceKlass java/lang/foreign/MemorySegment$Scope
instanceKlass jdk/internal/icu/impl/Trie2$UTrie2Header
instanceKlass jdk/internal/icu/impl/Trie2$1
instanceKlass jdk/internal/icu/impl/Trie2$ValueMapper
instanceKlass jdk/internal/icu/impl/Trie2
instanceKlass jdk/internal/icu/impl/UBiDiProps$IsAcceptable
instanceKlass jdk/internal/icu/impl/ICUBinary$Authenticate
instanceKlass jdk/internal/icu/impl/ICUBinary$1
instanceKlass jdk/internal/icu/impl/ICUBinary
instanceKlass jdk/internal/icu/impl/UBiDiProps
instanceKlass jdk/internal/icu/text/BidiBase$Point
instanceKlass jdk/internal/icu/text/BidiBase$InsertPoints
instanceKlass jdk/internal/icu/text/BidiRun
instanceKlass jdk/internal/icu/text/BidiBase$ImpTabPair
instanceKlass jdk/internal/icu/text/BidiBase
instanceKlass java/text/Bidi
instanceKlass com/sun/javafx/text/TextRun
instanceKlass javafx/scene/shape/SVGPath$1
instanceKlass com/sun/javafx/scene/shape/SVGPathHelper$SVGPathAccessor
instanceKlass com/sun/scenario/effect/EffectHelper
instanceKlass javafx/scene/effect/Effect$1
instanceKlass com/sun/scenario/effect/EffectHelper$EffectAccessor
instanceKlass  @bci javafx/scene/control/skin/ScrollBarSkin <init> (Ljavafx/scene/control/ScrollBar;)V 93 <appendix> member <vmtarget> ; # javafx/scene/control/skin/ScrollBarSkin$$Lambda+0x000001de14264510
instanceKlass  @bci javafx/scene/control/skin/ScrollBarSkin <init> (Ljavafx/scene/control/ScrollBar;)V 78 <appendix> member <vmtarget> ; # javafx/scene/control/skin/ScrollBarSkin$$Lambda+0x000001de142642d8
instanceKlass  @bci javafx/scene/control/skin/ScrollBarSkin <init> (Ljavafx/scene/control/ScrollBar;)V 38 <appendix> member <vmtarget> ; # javafx/scene/control/skin/ScrollBarSkin$$Lambda+0x000001de14263eb8
instanceKlass  @bci javafx/scene/control/skin/ScrollBarSkin initialize ()V 314 <appendix> member <vmtarget> ; # javafx/scene/control/skin/ScrollBarSkin$$Lambda+0x000001de14263c90
instanceKlass  @bci javafx/scene/control/skin/ScrollBarSkin initialize ()V 294 <appendix> member <vmtarget> ; # javafx/scene/control/skin/ScrollBarSkin$$Lambda+0x000001de14263a68
instanceKlass  @bci javafx/scene/control/skin/ScrollBarSkin initialize ()V 281 <appendix> member <vmtarget> ; # javafx/scene/control/skin/ScrollBarSkin$$Lambda+0x000001de14263840
instanceKlass  @bci javafx/scene/control/skin/ScrollBarSkin initialize ()V 268 <appendix> member <vmtarget> ; # javafx/scene/control/skin/ScrollBarSkin$$Lambda+0x000001de14263618
instanceKlass  @bci javafx/scene/control/skin/ScrollBarSkin initialize ()V 255 <appendix> member <vmtarget> ; # javafx/scene/control/skin/ScrollBarSkin$$Lambda+0x000001de142633f0
instanceKlass  @bci javafx/scene/control/skin/ScrollBarSkin initialize ()V 242 <appendix> member <vmtarget> ; # javafx/scene/control/skin/ScrollBarSkin$$Lambda+0x000001de142631c8
instanceKlass  @bci javafx/scene/control/skin/ScrollBarSkin initialize ()V 229 <appendix> member <vmtarget> ; # javafx/scene/control/skin/ScrollBarSkin$$Lambda+0x000001de14262fa0
instanceKlass  @bci javafx/scene/control/skin/ScrollBarSkin initialize ()V 216 <appendix> member <vmtarget> ; # javafx/scene/control/skin/ScrollBarSkin$$Lambda+0x000001de14262d78
instanceKlass  @bci javafx/scene/control/skin/ScrollBarSkin initialize ()V 203 <appendix> member <vmtarget> ; # javafx/scene/control/skin/ScrollBarSkin$$Lambda+0x000001de14262b50
instanceKlass  @bci javafx/scene/control/skin/ScrollBarSkin initialize ()V 162 <appendix> member <vmtarget> ; # javafx/scene/control/skin/ScrollBarSkin$$Lambda+0x000001de14262928
instanceKlass  @bci javafx/scene/control/skin/ScrollBarSkin initialize ()V 149 <appendix> member <vmtarget> ; # javafx/scene/control/skin/ScrollBarSkin$$Lambda+0x000001de14262700
instanceKlass com/sun/javafx/scene/control/Properties
instanceKlass  @bci com/sun/javafx/scene/control/behavior/ScrollBarBehavior <init> (Ljavafx/scene/control/ScrollBar;)V 285 <appendix> member <vmtarget> ; # com/sun/javafx/scene/control/behavior/ScrollBarBehavior$$Lambda+0x000001de142622d0
instanceKlass  @bci com/sun/javafx/scene/control/behavior/ScrollBarBehavior <init> (Ljavafx/scene/control/ScrollBar;)V 266 <appendix> member <vmtarget> ; # com/sun/javafx/scene/control/behavior/ScrollBarBehavior$$Lambda+0x000001de142620a8
instanceKlass  @bci com/sun/javafx/scene/control/behavior/ScrollBarBehavior <init> (Ljavafx/scene/control/ScrollBar;)V 247 <appendix> member <vmtarget> ; # com/sun/javafx/scene/control/behavior/ScrollBarBehavior$$Lambda+0x000001de14261e80
instanceKlass  @bci com/sun/javafx/scene/control/behavior/ScrollBarBehavior <init> (Ljavafx/scene/control/ScrollBar;)V 228 <appendix> member <vmtarget> ; # com/sun/javafx/scene/control/behavior/ScrollBarBehavior$$Lambda+0x000001de14261c58
instanceKlass  @bci com/sun/javafx/scene/control/behavior/ScrollBarBehavior <init> (Ljavafx/scene/control/ScrollBar;)V 202 <appendix> member <vmtarget> ; # com/sun/javafx/scene/control/behavior/ScrollBarBehavior$$Lambda+0x000001de14261a00
instanceKlass  @bci com/sun/javafx/scene/control/behavior/ScrollBarBehavior <init> (Ljavafx/scene/control/ScrollBar;)V 167 <appendix> member <vmtarget> ; # com/sun/javafx/scene/control/behavior/ScrollBarBehavior$$Lambda+0x000001de142617d8
instanceKlass  @bci com/sun/javafx/scene/control/behavior/ScrollBarBehavior <init> (Ljavafx/scene/control/ScrollBar;)V 147 <appendix> member <vmtarget> ; # com/sun/javafx/scene/control/behavior/ScrollBarBehavior$$Lambda+0x000001de142615b0
instanceKlass  @bci com/sun/javafx/scene/control/behavior/ScrollBarBehavior <init> (Ljavafx/scene/control/ScrollBar;)V 127 <appendix> member <vmtarget> ; # com/sun/javafx/scene/control/behavior/ScrollBarBehavior$$Lambda+0x000001de14261388
instanceKlass  @bci com/sun/javafx/scene/control/behavior/ScrollBarBehavior <init> (Ljavafx/scene/control/ScrollBar;)V 107 <appendix> member <vmtarget> ; # com/sun/javafx/scene/control/behavior/ScrollBarBehavior$$Lambda+0x000001de14261160
instanceKlass  @bci com/sun/javafx/scene/control/behavior/ScrollBarBehavior <init> (Ljavafx/scene/control/ScrollBar;)V 80 <appendix> member <vmtarget> ; # com/sun/javafx/scene/control/behavior/ScrollBarBehavior$$Lambda+0x000001de14259d00
instanceKlass  @bci com/sun/javafx/scene/control/behavior/ScrollBarBehavior <init> (Ljavafx/scene/control/ScrollBar;)V 57 <appendix> member <vmtarget> ; # com/sun/javafx/scene/control/behavior/ScrollBarBehavior$$Lambda+0x000001de14259ad8
instanceKlass  @bci com/sun/javafx/scene/control/behavior/ScrollBarBehavior <init> (Ljavafx/scene/control/ScrollBar;)V 35 <appendix> member <vmtarget> ; # com/sun/javafx/scene/control/behavior/ScrollBarBehavior$$Lambda+0x000001de142598b0
instanceKlass javafx/scene/control/skin/CellSkinBase$StyleableProperties
instanceKlass  @bci com/sun/javafx/scene/control/behavior/CellBehaviorBase <init> (Ljavafx/scene/control/Cell;)V 75 <appendix> member <vmtarget> ; # com/sun/javafx/scene/control/behavior/CellBehaviorBase$$Lambda+0x000001de1425fc98
instanceKlass  @bci com/sun/javafx/scene/control/behavior/CellBehaviorBase <init> (Ljavafx/scene/control/Cell;)V 54 <appendix> member <vmtarget> ; # com/sun/javafx/scene/control/behavior/CellBehaviorBase$$Lambda+0x000001de1425fa70
instanceKlass  @bci com/sun/javafx/scene/control/behavior/CellBehaviorBase <init> (Ljavafx/scene/control/Cell;)V 33 <appendix> member <vmtarget> ; # com/sun/javafx/scene/control/behavior/CellBehaviorBase$$Lambda+0x000001de1425f848
instanceKlass  @bci javafx/scene/control/skin/VirtualFlow getCell (I)Ljavafx/scene/control/IndexedCell; 158 <appendix> member <vmtarget> ; # javafx/scene/control/skin/VirtualFlow$$Lambda+0x000001de1425de60
instanceKlass javafx/scene/control/ListCell$3
instanceKlass  @bci javafx/scene/control/ListCell <init> ()V 65 <appendix> member <vmtarget> ; # javafx/scene/control/ListCell$$Lambda+0x000001de1425da00
instanceKlass javafx/scene/control/ListCell$2
instanceKlass  @bci javafx/scene/control/ListCell <init> ()V 43 <appendix> member <vmtarget> ; # javafx/scene/control/ListCell$$Lambda+0x000001de1425d5a8
instanceKlass javafx/scene/control/ListCell$1
instanceKlass  @bci javafx/scene/control/ListCell <init> ()V 21 <appendix> member <vmtarget> ; # javafx/scene/control/ListCell$$Lambda+0x000001de1425d148
instanceKlass  @bci javafx/scene/control/ListCell <init> ()V 6 <appendix> member <vmtarget> ; # javafx/scene/control/ListCell$$Lambda+0x000001de1425cf20
instanceKlass javafx/scene/control/Cell$1
instanceKlass  @bci javafx/scene/control/skin/ListViewSkin <init> (Ljavafx/scene/control/ListView;)V 305 <appendix> member <vmtarget> ; # javafx/scene/control/skin/ListViewSkin$$Lambda+0x000001de142570d8
instanceKlass javafx/scene/layout/StackPane$StyleableProperties
instanceKlass javafx/scene/control/ScrollBar$StyleableProperties
instanceKlass javafx/scene/shape/Rectangle$StyleableProperties
instanceKlass  @bci javafx/scene/control/skin/ListViewSkin <init> (Ljavafx/scene/control/ListView;)V 271 <appendix> member <vmtarget> ; # javafx/scene/control/skin/ListViewSkin$$Lambda+0x000001de14255b10
instanceKlass  @bci javafx/scene/control/skin/ListViewSkin <init> (Ljavafx/scene/control/ListView;)V 205 <appendix> member <vmtarget> ; # javafx/scene/control/skin/ListViewSkin$$Lambda+0x000001de142558e8
instanceKlass  @bci javafx/scene/control/skin/ListViewSkin <init> (Ljavafx/scene/control/ListView;)V 192 <appendix> member <vmtarget> ; # javafx/scene/control/skin/ListViewSkin$$Lambda+0x000001de142556c0
instanceKlass  @cpi org/fxmisc/richtext/model/StyleSpansBase 89 form vmentry <vmtarget> ; # java/lang/invoke/LambdaForm$DMH+0x000001de14258000
instanceKlass  @bci javafx/scene/control/skin/ListViewSkin <init> (Ljavafx/scene/control/ListView;)V 179 <appendix> member <vmtarget> ; # javafx/scene/control/skin/ListViewSkin$$Lambda+0x000001de14255498
instanceKlass  @bci javafx/scene/control/skin/ListViewSkin <init> (Ljavafx/scene/control/ListView;)V 166 <appendix> member <vmtarget> ; # javafx/scene/control/skin/ListViewSkin$$Lambda+0x000001de14255270
instanceKlass  @bci javafx/scene/control/skin/ListViewSkin <init> (Ljavafx/scene/control/ListView;)V 153 <appendix> member <vmtarget> ; # javafx/scene/control/skin/ListViewSkin$$Lambda+0x000001de14255048
instanceKlass  @bci javafx/scene/control/skin/ListViewSkin <init> (Ljavafx/scene/control/ListView;)V 140 <appendix> member <vmtarget> ; # javafx/scene/control/skin/ListViewSkin$$Lambda+0x000001de14254e20
instanceKlass  @bci javafx/scene/control/skin/ListViewSkin <init> (Ljavafx/scene/control/ListView;)V 127 <appendix> member <vmtarget> ; # javafx/scene/control/skin/ListViewSkin$$Lambda+0x000001de14254bf8
instanceKlass  @bci javafx/scene/control/skin/ListViewSkin <init> (Ljavafx/scene/control/ListView;)V 114 <appendix> member <vmtarget> ; # javafx/scene/control/skin/ListViewSkin$$Lambda+0x000001de142549d0
instanceKlass  @bci com/sun/javafx/binding/ExpressionHelperBase trim (I[Ljava/lang/Object;)I 0 <appendix> argL0 ; # com/sun/javafx/binding/ExpressionHelperBase$$Lambda+0x000001de14254780
instanceKlass  @bci com/sun/javafx/scene/control/behavior/ListViewBehavior <init> (Ljavafx/scene/control/ListView;)V 1737 <appendix> member <vmtarget> ; # com/sun/javafx/scene/control/behavior/ListViewBehavior$$Lambda+0x000001de14254558
instanceKlass  @bci com/sun/javafx/scene/control/behavior/ListViewBehavior <init> (Ljavafx/scene/control/ListView;)V 1704 <appendix> member <vmtarget> ; # com/sun/javafx/scene/control/behavior/ListViewBehavior$$Lambda+0x000001de14254330
instanceKlass  @bci com/sun/javafx/scene/control/behavior/ListViewBehavior <init> (Ljavafx/scene/control/ListView;)V 1671 <appendix> member <vmtarget> ; # com/sun/javafx/scene/control/behavior/ListViewBehavior$$Lambda+0x000001de14254108
instanceKlass  @bci com/sun/javafx/scene/control/behavior/ListViewBehavior <init> (Ljavafx/scene/control/ListView;)V 1641 <appendix> member <vmtarget> ; # com/sun/javafx/scene/control/behavior/ListViewBehavior$$Lambda+0x000001de14253ee0
instanceKlass  @bci com/sun/javafx/scene/control/behavior/ListViewBehavior <init> (Ljavafx/scene/control/ListView;)V 1611 <appendix> member <vmtarget> ; # com/sun/javafx/scene/control/behavior/ListViewBehavior$$Lambda+0x000001de14253cb8
instanceKlass  @bci com/sun/javafx/scene/control/behavior/ListViewBehavior <init> (Ljavafx/scene/control/ListView;)V 1581 <appendix> member <vmtarget> ; # com/sun/javafx/scene/control/behavior/ListViewBehavior$$Lambda+0x000001de14253a90
instanceKlass  @bci com/sun/javafx/scene/control/behavior/ListViewBehavior <init> (Ljavafx/scene/control/ListView;)V 1551 <appendix> member <vmtarget> ; # com/sun/javafx/scene/control/behavior/ListViewBehavior$$Lambda+0x000001de14253868
instanceKlass  @bci com/sun/javafx/scene/control/behavior/ListViewBehavior <init> (Ljavafx/scene/control/ListView;)V 1522 <appendix> member <vmtarget> ; # com/sun/javafx/scene/control/behavior/ListViewBehavior$$Lambda+0x000001de14253640
instanceKlass  @bci com/sun/javafx/scene/control/behavior/ListViewBehavior <init> (Ljavafx/scene/control/ListView;)V 1493 <appendix> member <vmtarget> ; # com/sun/javafx/scene/control/behavior/ListViewBehavior$$Lambda+0x000001de14253418
instanceKlass  @bci com/sun/javafx/scene/control/behavior/ListViewBehavior <init> (Ljavafx/scene/control/ListView;)V 1474 <appendix> member <vmtarget> ; # com/sun/javafx/scene/control/behavior/ListViewBehavior$$Lambda+0x000001de142531f0
instanceKlass  @bci com/sun/javafx/scene/control/behavior/ListViewBehavior <init> (Ljavafx/scene/control/ListView;)V 1455 <appendix> member <vmtarget> ; # com/sun/javafx/scene/control/behavior/ListViewBehavior$$Lambda+0x000001de14252fc8
instanceKlass  @bci com/sun/javafx/scene/control/behavior/ListViewBehavior <init> (Ljavafx/scene/control/ListView;)V 1436 <appendix> member <vmtarget> ; # com/sun/javafx/scene/control/behavior/ListViewBehavior$$Lambda+0x000001de14252da0
instanceKlass  @bci com/sun/javafx/scene/control/behavior/ListViewBehavior <init> (Ljavafx/scene/control/ListView;)V 1410 <appendix> member <vmtarget> ; # com/sun/javafx/scene/control/behavior/ListViewBehavior$$Lambda+0x000001de14252b48
instanceKlass  @bci com/sun/javafx/scene/control/behavior/ListViewBehavior <init> (Ljavafx/scene/control/ListView;)V 1374 <appendix> member <vmtarget> ; # com/sun/javafx/scene/control/behavior/ListViewBehavior$$Lambda+0x000001de14252920
instanceKlass  @bci com/sun/javafx/scene/control/behavior/ListViewBehavior <init> (Ljavafx/scene/control/ListView;)V 1340 <appendix> member <vmtarget> ; # com/sun/javafx/scene/control/behavior/ListViewBehavior$$Lambda+0x000001de142526f8
instanceKlass  @bci com/sun/javafx/scene/control/behavior/ListViewBehavior <init> (Ljavafx/scene/control/ListView;)V 1307 <appendix> member <vmtarget> ; # com/sun/javafx/scene/control/behavior/ListViewBehavior$$Lambda+0x000001de142524d0
instanceKlass  @bci com/sun/javafx/scene/control/behavior/ListViewBehavior <init> (Ljavafx/scene/control/ListView;)V 1274 <appendix> member <vmtarget> ; # com/sun/javafx/scene/control/behavior/ListViewBehavior$$Lambda+0x000001de142522a8
instanceKlass  @bci com/sun/javafx/scene/control/behavior/ListViewBehavior <init> (Ljavafx/scene/control/ListView;)V 1241 <appendix> member <vmtarget> ; # com/sun/javafx/scene/control/behavior/ListViewBehavior$$Lambda+0x000001de14252080
instanceKlass  @bci com/sun/javafx/scene/control/behavior/ListViewBehavior <init> (Ljavafx/scene/control/ListView;)V 1208 <appendix> member <vmtarget> ; # com/sun/javafx/scene/control/behavior/ListViewBehavior$$Lambda+0x000001de14251e58
instanceKlass  @bci com/sun/javafx/scene/control/behavior/ListViewBehavior <init> (Ljavafx/scene/control/ListView;)V 1175 <appendix> member <vmtarget> ; # com/sun/javafx/scene/control/behavior/ListViewBehavior$$Lambda+0x000001de14251c30
instanceKlass  @bci com/sun/javafx/scene/control/behavior/ListViewBehavior <init> (Ljavafx/scene/control/ListView;)V 1145 <appendix> member <vmtarget> ; # com/sun/javafx/scene/control/behavior/ListViewBehavior$$Lambda+0x000001de14251a08
instanceKlass  @bci com/sun/javafx/scene/control/behavior/ListViewBehavior <init> (Ljavafx/scene/control/ListView;)V 1115 <appendix> member <vmtarget> ; # com/sun/javafx/scene/control/behavior/ListViewBehavior$$Lambda+0x000001de142517e0
instanceKlass  @bci com/sun/javafx/scene/control/behavior/ListViewBehavior <init> (Ljavafx/scene/control/ListView;)V 1085 <appendix> member <vmtarget> ; # com/sun/javafx/scene/control/behavior/ListViewBehavior$$Lambda+0x000001de142513c0
instanceKlass  @bci com/sun/javafx/scene/control/behavior/ListViewBehavior <init> (Ljavafx/scene/control/ListView;)V 1055 <appendix> member <vmtarget> ; # com/sun/javafx/scene/control/behavior/ListViewBehavior$$Lambda+0x000001de14251198
instanceKlass  @bci com/sun/javafx/scene/control/behavior/ListViewBehavior <init> (Ljavafx/scene/control/ListView;)V 1026 <appendix> member <vmtarget> ; # com/sun/javafx/scene/control/behavior/ListViewBehavior$$Lambda+0x000001de14250f70
instanceKlass  @bci com/sun/javafx/scene/control/behavior/ListViewBehavior <init> (Ljavafx/scene/control/ListView;)V 997 <appendix> member <vmtarget> ; # com/sun/javafx/scene/control/behavior/ListViewBehavior$$Lambda+0x000001de14250d48
instanceKlass  @bci com/sun/javafx/scene/control/behavior/ListViewBehavior <init> (Ljavafx/scene/control/ListView;)V 978 <appendix> member <vmtarget> ; # com/sun/javafx/scene/control/behavior/ListViewBehavior$$Lambda+0x000001de14250b20
instanceKlass  @bci com/sun/javafx/scene/control/behavior/ListViewBehavior <init> (Ljavafx/scene/control/ListView;)V 959 <appendix> member <vmtarget> ; # com/sun/javafx/scene/control/behavior/ListViewBehavior$$Lambda+0x000001de142508f8
instanceKlass  @bci com/sun/javafx/scene/control/behavior/ListViewBehavior <init> (Ljavafx/scene/control/ListView;)V 940 <appendix> member <vmtarget> ; # com/sun/javafx/scene/control/behavior/ListViewBehavior$$Lambda+0x000001de142506d0
instanceKlass  @bci com/sun/javafx/scene/control/behavior/ListViewBehavior <init> (Ljavafx/scene/control/ListView;)V 914 <appendix> member <vmtarget> ; # com/sun/javafx/scene/control/behavior/ListViewBehavior$$Lambda+0x000001de14250478
instanceKlass  @bci com/sun/javafx/scene/control/behavior/ListViewBehavior <init> (Ljavafx/scene/control/ListView;)V 879 <appendix> member <vmtarget> ; # com/sun/javafx/scene/control/behavior/ListViewBehavior$$Lambda+0x000001de14250250
instanceKlass  @bci com/sun/javafx/scene/control/behavior/ListViewBehavior <init> (Ljavafx/scene/control/ListView;)V 844 <appendix> argL0 ; # com/sun/javafx/scene/control/behavior/ListViewBehavior$$Lambda+0x000001de14250000
instanceKlass  @bci com/sun/javafx/scene/control/behavior/BehaviorBase addDefaultChildMap (Lcom/sun/javafx/scene/control/inputmap/InputMap;Lcom/sun/javafx/scene/control/inputmap/InputMap;)V 17 <appendix> member <vmtarget> ; # com/sun/javafx/scene/control/behavior/BehaviorBase$$Lambda+0x000001de1424fda8
instanceKlass  @bci com/sun/javafx/scene/control/inputmap/InputMap reprocessAllMappings ()V 14 <appendix> member <vmtarget> ; # com/sun/javafx/scene/control/inputmap/InputMap$$Lambda+0x000001de1424fb70
instanceKlass  @bci com/sun/javafx/scene/control/behavior/ListViewBehavior <init> (Ljavafx/scene/control/ListView;)V 810 <appendix> member <vmtarget> ; # com/sun/javafx/scene/control/behavior/ListViewBehavior$$Lambda+0x000001de1424f948
instanceKlass  @bci com/sun/javafx/scene/control/behavior/ListViewBehavior <init> (Ljavafx/scene/control/ListView;)V 772 <appendix> argL0 ; # com/sun/javafx/scene/control/behavior/ListViewBehavior$$Lambda+0x000001de1424f6f8
instanceKlass  @bci com/sun/javafx/scene/control/behavior/ListViewBehavior <init> (Ljavafx/scene/control/ListView;)V 748 <appendix> member <vmtarget> ; # com/sun/javafx/scene/control/behavior/ListViewBehavior$$Lambda+0x000001de1424f4d0
instanceKlass  @bci com/sun/javafx/scene/control/behavior/ListViewBehavior <init> (Ljavafx/scene/control/ListView;)V 728 <appendix> member <vmtarget> ; # com/sun/javafx/scene/control/behavior/ListViewBehavior$$Lambda+0x000001de1424f2a8
instanceKlass  @bci com/sun/javafx/scene/control/behavior/ListViewBehavior <init> (Ljavafx/scene/control/ListView;)V 698 <appendix> member <vmtarget> ; # com/sun/javafx/scene/control/behavior/ListViewBehavior$$Lambda+0x000001de1424f080
instanceKlass  @bci com/sun/javafx/scene/control/behavior/ListViewBehavior <init> (Ljavafx/scene/control/ListView;)V 668 <appendix> member <vmtarget> ; # com/sun/javafx/scene/control/behavior/ListViewBehavior$$Lambda+0x000001de1424ee58
instanceKlass  @bci com/sun/javafx/scene/control/behavior/ListViewBehavior <init> (Ljavafx/scene/control/ListView;)V 637 <appendix> member <vmtarget> ; # com/sun/javafx/scene/control/behavior/ListViewBehavior$$Lambda+0x000001de1424ec30
instanceKlass  @bci com/sun/javafx/scene/control/behavior/ListViewBehavior <init> (Ljavafx/scene/control/ListView;)V 606 <appendix> member <vmtarget> ; # com/sun/javafx/scene/control/behavior/ListViewBehavior$$Lambda+0x000001de1424ea08
instanceKlass  @bci com/sun/javafx/scene/control/behavior/ListViewBehavior <init> (Ljavafx/scene/control/ListView;)V 575 <appendix> member <vmtarget> ; # com/sun/javafx/scene/control/behavior/ListViewBehavior$$Lambda+0x000001de1424e7e0
instanceKlass  @bci com/sun/javafx/scene/control/behavior/ListViewBehavior <init> (Ljavafx/scene/control/ListView;)V 545 <appendix> member <vmtarget> ; # com/sun/javafx/scene/control/behavior/ListViewBehavior$$Lambda+0x000001de1424e5b8
instanceKlass  @bci com/sun/javafx/scene/control/behavior/ListViewBehavior <init> (Ljavafx/scene/control/ListView;)V 525 <appendix> member <vmtarget> ; # com/sun/javafx/scene/control/behavior/ListViewBehavior$$Lambda+0x000001de1424e390
instanceKlass  @bci com/sun/javafx/scene/control/behavior/ListViewBehavior <init> (Ljavafx/scene/control/ListView;)V 505 <appendix> member <vmtarget> ; # com/sun/javafx/scene/control/behavior/ListViewBehavior$$Lambda+0x000001de1424e168
instanceKlass  @bci com/sun/javafx/scene/control/behavior/ListViewBehavior <init> (Ljavafx/scene/control/ListView;)V 485 <appendix> member <vmtarget> ; # com/sun/javafx/scene/control/behavior/ListViewBehavior$$Lambda+0x000001de1424df40
instanceKlass  @bci com/sun/javafx/scene/control/behavior/ListViewBehavior <init> (Ljavafx/scene/control/ListView;)V 465 <appendix> member <vmtarget> ; # com/sun/javafx/scene/control/behavior/ListViewBehavior$$Lambda+0x000001de1424dd18
instanceKlass  @bci com/sun/javafx/scene/control/behavior/ListViewBehavior <init> (Ljavafx/scene/control/ListView;)V 445 <appendix> member <vmtarget> ; # com/sun/javafx/scene/control/behavior/ListViewBehavior$$Lambda+0x000001de1424daf0
instanceKlass  @bci com/sun/javafx/scene/control/behavior/ListViewBehavior <init> (Ljavafx/scene/control/ListView;)V 425 <appendix> member <vmtarget> ; # com/sun/javafx/scene/control/behavior/ListViewBehavior$$Lambda+0x000001de1424d8c8
instanceKlass com/sun/javafx/scene/control/inputmap/KeyBinding$1
instanceKlass  @bci com/sun/javafx/scene/control/behavior/ListViewBehavior <init> (Ljavafx/scene/control/ListView;)V 392 <appendix> member <vmtarget> ; # com/sun/javafx/scene/control/behavior/ListViewBehavior$$Lambda+0x000001de1424d498
instanceKlass  @bci com/sun/javafx/scene/control/behavior/ListViewBehavior <init> (Ljavafx/scene/control/ListView;)V 362 <appendix> member <vmtarget> ; # com/sun/javafx/scene/control/behavior/ListViewBehavior$$Lambda+0x000001de1424d270
instanceKlass  @bci com/sun/javafx/scene/control/behavior/ListViewBehavior <init> (Ljavafx/scene/control/ListView;)V 333 <appendix> member <vmtarget> ; # com/sun/javafx/scene/control/behavior/ListViewBehavior$$Lambda+0x000001de1424d048
instanceKlass  @bci com/sun/javafx/scene/control/behavior/ListViewBehavior <init> (Ljavafx/scene/control/ListView;)V 303 <appendix> member <vmtarget> ; # com/sun/javafx/scene/control/behavior/ListViewBehavior$$Lambda+0x000001de1424ce20
instanceKlass  @bci com/sun/javafx/scene/control/behavior/ListViewBehavior <init> (Ljavafx/scene/control/ListView;)V 273 <appendix> member <vmtarget> ; # com/sun/javafx/scene/control/behavior/ListViewBehavior$$Lambda+0x000001de1424cbf8
instanceKlass  @bci com/sun/javafx/scene/control/behavior/ListViewBehavior <init> (Ljavafx/scene/control/ListView;)V 242 <appendix> member <vmtarget> ; # com/sun/javafx/scene/control/behavior/ListViewBehavior$$Lambda+0x000001de1424c9d0
instanceKlass  @bci com/sun/javafx/scene/control/behavior/ListViewBehavior <init> (Ljavafx/scene/control/ListView;)V 214 <appendix> member <vmtarget> ; # com/sun/javafx/scene/control/behavior/ListViewBehavior$$Lambda+0x000001de1424c7a8
instanceKlass  @bci com/sun/javafx/scene/control/behavior/ListViewBehavior <init> (Ljavafx/scene/control/ListView;)V 165 <appendix> member <vmtarget> ; # com/sun/javafx/scene/control/behavior/ListViewBehavior$$Lambda+0x000001de1424c550
instanceKlass  @bci com/sun/javafx/scene/control/behavior/ListViewBehavior <init> (Ljavafx/scene/control/ListView;)V 158 <appendix> member <vmtarget> ; # com/sun/javafx/scene/control/behavior/ListViewBehavior$$Lambda+0x000001de1424c2f8
instanceKlass com/sun/javafx/scene/control/behavior/ListViewBehavior$2
instanceKlass com/sun/javafx/scene/control/behavior/ListViewBehavior$1
instanceKlass  @bci com/sun/javafx/scene/control/behavior/ListViewBehavior <init> (Ljavafx/scene/control/ListView;)V 42 <appendix> member <vmtarget> ; # com/sun/javafx/scene/control/behavior/ListViewBehavior$$Lambda+0x000001de1424bc60
instanceKlass  @bci com/sun/javafx/scene/control/behavior/ListViewBehavior <init> (Ljavafx/scene/control/ListView;)V 32 <appendix> member <vmtarget> ; # com/sun/javafx/scene/control/behavior/ListViewBehavior$$Lambda+0x000001de1424ba38
instanceKlass  @bci com/sun/javafx/scene/control/behavior/ListViewBehavior <init> (Ljavafx/scene/control/ListView;)V 7 <appendix> member <vmtarget> ; # com/sun/javafx/scene/control/behavior/ListViewBehavior$$Lambda+0x000001de1424b810
instanceKlass  @bci javafx/scene/control/skin/ListViewSkin <init> (Ljavafx/scene/control/ListView;)V 74 <appendix> member <vmtarget> ; # javafx/scene/control/skin/ListViewSkin$$Lambda+0x000001de1424b338
instanceKlass javafx/scene/control/skin/ListViewSkin$1
instanceKlass javafx/collections/WeakMapChangeListener
instanceKlass  @bci javafx/scene/control/skin/ListViewSkin <init> (Ljavafx/scene/control/ListView;)V 22 <appendix> member <vmtarget> ; # javafx/scene/control/skin/ListViewSkin$$Lambda+0x000001de1424aca0
instanceKlass com/sun/javafx/scene/control/ListenerHelper$EvHa
instanceKlass  @bci javafx/scene/control/skin/VirtualContainerBase <init> (Ljavafx/scene/control/Control;)V 22 <appendix> member <vmtarget> ; # javafx/scene/control/skin/VirtualContainerBase$$Lambda+0x000001de1424a5d8
instanceKlass javafx/scene/control/skin/VirtualFlow$3
instanceKlass  @bci javafx/scene/control/skin/VirtualFlow <init> ()V 710 <appendix> member <vmtarget> ; # javafx/scene/control/skin/VirtualFlow$$Lambda+0x000001de14249f00
instanceKlass  @bci javafx/scene/control/skin/VirtualFlow <init> ()V 700 <appendix> member <vmtarget> ; # javafx/scene/control/skin/VirtualFlow$$Lambda+0x000001de14249cd8
instanceKlass  @bci javafx/scene/control/skin/VirtualFlow <init> ()V 690 <appendix> member <vmtarget> ; # javafx/scene/control/skin/VirtualFlow$$Lambda+0x000001de14249ab0
instanceKlass  @bci javafx/scene/control/skin/VirtualFlow <init> ()V 666 <appendix> member <vmtarget> ; # javafx/scene/control/skin/VirtualFlow$$Lambda+0x000001de14249888
instanceKlass  @bci javafx/scene/control/skin/VirtualFlow <init> ()V 607 <appendix> member <vmtarget> ; # javafx/scene/control/skin/VirtualFlow$$Lambda+0x000001de14249660
instanceKlass  @bci javafx/scene/layout/StackPane <clinit> ()V 0 <appendix> argL0 ; # javafx/scene/layout/StackPane$$Lambda+0x000001de14249440
instanceKlass  @bci javafx/scene/control/skin/VirtualFlow <init> ()V 536 <appendix> argL0 ; # javafx/scene/control/skin/VirtualFlow$$Lambda+0x000001de14248448
instanceKlass  @bci javafx/scene/control/skin/VirtualFlow <init> ()V 497 <appendix> argL0 ; # javafx/scene/control/skin/VirtualFlow$$Lambda+0x000001de14248228
instanceKlass  @bci javafx/scene/control/skin/VirtualFlow <init> ()V 472 <appendix> member <vmtarget> ; # javafx/scene/control/skin/VirtualFlow$$Lambda+0x000001de14248000
instanceKlass  @bci javafx/scene/control/skin/VirtualFlow <init> ()V 459 <appendix> member <vmtarget> ; # javafx/scene/control/skin/VirtualFlow$$Lambda+0x000001de14247c40
instanceKlass javafx/scene/control/skin/VirtualFlow$2
instanceKlass javafx/scene/control/skin/VirtualFlow$1
instanceKlass  @bci javafx/scene/control/skin/VirtualFlow <init> ()V 419 <appendix> member <vmtarget> ; # javafx/scene/control/skin/VirtualFlow$$Lambda+0x000001de142470c0
instanceKlass  @bci javafx/scene/control/skin/VirtualFlow <init> ()V 397 <appendix> member <vmtarget> ; # javafx/scene/control/skin/VirtualFlow$$Lambda+0x000001de14246e98
instanceKlass  @bci javafx/scene/control/skin/VirtualFlow <init> ()V 377 <appendix> argL0 ; # javafx/scene/control/skin/VirtualFlow$$Lambda+0x000001de14246c78
instanceKlass com/sun/javafx/collections/VetoableListDecorator$ModCountAccessorImpl
instanceKlass com/sun/javafx/collections/VetoableListDecorator$VetoableIteratorDecorator
instanceKlass  @bci javafx/scene/control/skin/VirtualFlow$ClippedContainer <init> (Ljavafx/scene/control/skin/VirtualFlow;)V 75 <appendix> member <vmtarget> ; # javafx/scene/control/skin/VirtualFlow$ClippedContainer$$Lambda+0x000001de14246588
instanceKlass  @bci javafx/scene/control/skin/VirtualFlow$ClippedContainer <init> (Ljavafx/scene/control/skin/VirtualFlow;)V 62 <appendix> member <vmtarget> ; # javafx/scene/control/skin/VirtualFlow$ClippedContainer$$Lambda+0x000001de14246360
instanceKlass com/sun/javafx/geom/PathIterator
instanceKlass javafx/scene/shape/Rectangle$1
instanceKlass com/sun/javafx/scene/shape/RectangleHelper$RectangleAccessor
instanceKlass javafx/scene/Group$1
instanceKlass com/sun/javafx/scene/GroupHelper$GroupAccessor
instanceKlass  @bci com/sun/javafx/scene/control/VirtualScrollBar <init> (Ljavafx/scene/control/skin/VirtualFlow;)V 29 <appendix> member <vmtarget> ; # com/sun/javafx/scene/control/VirtualScrollBar$$Lambda+0x000001de14237c58
instanceKlass com/sun/javafx/scene/control/skin/resources/ControlResources
instanceKlass  @bci javafx/scene/control/skin/ListViewSkin <clinit> ()V 0 <appendix> argL0 ; # javafx/scene/control/skin/ListViewSkin$$Lambda+0x000001de14237830
instanceKlass javafx/scene/control/SkinBase$StyleableProperties
instanceKlass com/sun/javafx/scene/control/Logging
instanceKlass  @bci javafx/scene/control/skin/ButtonSkin <init> (Ljavafx/scene/control/Button;)V 110 <appendix> member <vmtarget> ; # javafx/scene/control/skin/ButtonSkin$$Lambda+0x000001de14236198
instanceKlass  @bci javafx/scene/control/skin/ButtonSkin <init> (Ljavafx/scene/control/Button;)V 96 <appendix> member <vmtarget> ; # javafx/scene/control/skin/ButtonSkin$$Lambda+0x000001de14235f60
instanceKlass  @bci javafx/scene/control/skin/ButtonSkin <init> (Ljavafx/scene/control/Button;)V 82 <appendix> member <vmtarget> ; # javafx/scene/control/skin/ButtonSkin$$Lambda+0x000001de14235d28
instanceKlass  @bci javafx/scene/control/skin/ButtonSkin <init> (Ljavafx/scene/control/Button;)V 68 <appendix> member <vmtarget> ; # javafx/scene/control/skin/ButtonSkin$$Lambda+0x000001de14235af0
instanceKlass  @bci com/sun/javafx/scene/control/behavior/ButtonBehavior <init> (Ljavafx/scene/control/ButtonBase;)V 225 <appendix> argL0 ; # com/sun/javafx/scene/control/behavior/ButtonBehavior$$Lambda+0x000001de142358a0
instanceKlass  @bci com/sun/javafx/scene/control/behavior/ButtonBehavior <init> (Ljavafx/scene/control/ButtonBase;)V 220 <appendix> member <vmtarget> ; # com/sun/javafx/scene/control/behavior/ButtonBehavior$$Lambda+0x000001de14235678
instanceKlass  @bci com/sun/javafx/scene/control/behavior/ButtonBehavior <init> (Ljavafx/scene/control/ButtonBase;)V 190 <appendix> argL0 ; # com/sun/javafx/scene/control/behavior/ButtonBehavior$$Lambda+0x000001de14235428
instanceKlass  @bci com/sun/javafx/scene/control/behavior/ButtonBehavior <init> (Ljavafx/scene/control/ButtonBase;)V 185 <appendix> member <vmtarget> ; # com/sun/javafx/scene/control/behavior/ButtonBehavior$$Lambda+0x000001de14235200
instanceKlass  @bci com/sun/javafx/scene/control/behavior/ButtonBehavior <init> (Ljavafx/scene/control/ButtonBase;)V 155 <appendix> member <vmtarget> ; # com/sun/javafx/scene/control/behavior/ButtonBehavior$$Lambda+0x000001de14234fd8
instanceKlass  @bci com/sun/javafx/scene/control/behavior/ButtonBehavior <init> (Ljavafx/scene/control/ButtonBase;)V 136 <appendix> member <vmtarget> ; # com/sun/javafx/scene/control/behavior/ButtonBehavior$$Lambda+0x000001de14234db0
instanceKlass  @bci com/sun/javafx/scene/control/behavior/ButtonBehavior <init> (Ljavafx/scene/control/ButtonBase;)V 117 <appendix> member <vmtarget> ; # com/sun/javafx/scene/control/behavior/ButtonBehavior$$Lambda+0x000001de14234b88
instanceKlass  @bci com/sun/javafx/scene/control/behavior/ButtonBehavior <init> (Ljavafx/scene/control/ButtonBase;)V 98 <appendix> member <vmtarget> ; # com/sun/javafx/scene/control/behavior/ButtonBehavior$$Lambda+0x000001de14234960
instanceKlass  @bci com/sun/javafx/scene/control/behavior/ButtonBehavior <init> (Ljavafx/scene/control/ButtonBase;)V 79 <appendix> member <vmtarget> ; # com/sun/javafx/scene/control/behavior/ButtonBehavior$$Lambda+0x000001de14234518
instanceKlass  @bci com/sun/javafx/scene/control/behavior/ButtonBehavior <init> (Ljavafx/scene/control/ButtonBase;)V 57 <appendix> member <vmtarget> ; # com/sun/javafx/scene/control/behavior/ButtonBehavior$$Lambda+0x000001de142342f0
instanceKlass  @bci com/sun/javafx/scene/control/inputmap/InputMap addMapping (Lcom/sun/javafx/scene/control/inputmap/InputMap$Mapping;)V 23 <appendix> argL0 ; # com/sun/javafx/scene/control/inputmap/InputMap$$Lambda+0x000001de142340b0
instanceKlass  @bci com/sun/javafx/scene/control/inputmap/InputMap addEventHandler (Ljavafx/event/EventType;)V 20 <appendix> member <vmtarget> ; # com/sun/javafx/scene/control/inputmap/InputMap$$Lambda+0x000001de14233e88
instanceKlass  @bci com/sun/javafx/scene/control/inputmap/InputMap addEventHandler (Ljavafx/event/EventType;)V 5 <appendix> argL0 ; # com/sun/javafx/scene/control/inputmap/InputMap$$Lambda+0x000001de14233c48
instanceKlass  @bci com/sun/javafx/scene/control/behavior/FocusTraversalInputMap <clinit> ()V 321 <appendix> argL0 ; # com/sun/javafx/scene/control/behavior/FocusTraversalInputMap$$Lambda+0x000001de14233a28
instanceKlass  @bci com/sun/javafx/scene/control/behavior/FocusTraversalInputMap <clinit> ()V 289 <appendix> argL0 ; # com/sun/javafx/scene/control/behavior/FocusTraversalInputMap$$Lambda+0x000001de14233808
instanceKlass  @bci com/sun/javafx/scene/control/behavior/FocusTraversalInputMap <clinit> ()V 254 <appendix> argL0 ; # com/sun/javafx/scene/control/behavior/FocusTraversalInputMap$$Lambda+0x000001de142335e8
instanceKlass  @bci com/sun/javafx/scene/control/behavior/FocusTraversalInputMap <clinit> ()V 219 <appendix> argL0 ; # com/sun/javafx/scene/control/behavior/FocusTraversalInputMap$$Lambda+0x000001de142333c8
instanceKlass  @bci com/sun/javafx/scene/control/behavior/FocusTraversalInputMap <clinit> ()V 184 <appendix> argL0 ; # com/sun/javafx/scene/control/behavior/FocusTraversalInputMap$$Lambda+0x000001de142331a8
instanceKlass  @bci com/sun/javafx/scene/control/behavior/FocusTraversalInputMap <clinit> ()V 149 <appendix> argL0 ; # com/sun/javafx/scene/control/behavior/FocusTraversalInputMap$$Lambda+0x000001de14232f88
instanceKlass  @bci com/sun/javafx/scene/control/behavior/FocusTraversalInputMap <clinit> ()V 114 <appendix> argL0 ; # com/sun/javafx/scene/control/behavior/FocusTraversalInputMap$$Lambda+0x000001de14232d68
instanceKlass  @bci com/sun/javafx/scene/control/behavior/FocusTraversalInputMap <clinit> ()V 86 <appendix> argL0 ; # com/sun/javafx/scene/control/behavior/FocusTraversalInputMap$$Lambda+0x000001de14232b48
instanceKlass  @bci com/sun/javafx/scene/control/behavior/FocusTraversalInputMap <clinit> ()V 68 <appendix> argL0 ; # com/sun/javafx/scene/control/behavior/FocusTraversalInputMap$$Lambda+0x000001de14232928
instanceKlass  @bci com/sun/javafx/scene/control/behavior/FocusTraversalInputMap <clinit> ()V 50 <appendix> argL0 ; # com/sun/javafx/scene/control/behavior/FocusTraversalInputMap$$Lambda+0x000001de14232708
instanceKlass  @bci com/sun/javafx/scene/control/behavior/FocusTraversalInputMap <clinit> ()V 32 <appendix> argL0 ; # com/sun/javafx/scene/control/behavior/FocusTraversalInputMap$$Lambda+0x000001de142324e8
instanceKlass com/sun/javafx/scene/control/inputmap/KeyBinding
instanceKlass  @bci com/sun/javafx/scene/control/behavior/FocusTraversalInputMap <clinit> ()V 14 <appendix> argL0 ; # com/sun/javafx/scene/control/behavior/FocusTraversalInputMap$$Lambda+0x000001de14231c70
instanceKlass com/sun/javafx/scene/control/inputmap/InputMap$Mapping
instanceKlass com/sun/javafx/scene/control/behavior/FocusTraversalInputMap
instanceKlass  @bci com/sun/javafx/scene/control/inputmap/InputMap <init> (Ljavafx/scene/Node;)V 108 <appendix> member <vmtarget> ; # com/sun/javafx/scene/control/inputmap/InputMap$$Lambda+0x000001de14231208
instanceKlass  @bci com/sun/javafx/scene/control/inputmap/InputMap <init> (Ljavafx/scene/Node;)V 86 <appendix> member <vmtarget> ; # com/sun/javafx/scene/control/inputmap/InputMap$$Lambda+0x000001de14230fe0
instanceKlass com/sun/javafx/scene/control/inputmap/InputMap
instanceKlass  @bci com/sun/javafx/scene/control/behavior/ButtonBehavior <init> (Ljavafx/scene/control/ButtonBase;)V 7 <appendix> member <vmtarget> ; # com/sun/javafx/scene/control/behavior/ButtonBehavior$$Lambda+0x000001de14230678
instanceKlass  @bci javafx/scene/control/skin/ButtonSkin <init> (Ljavafx/scene/control/Button;)V 27 <appendix> member <vmtarget> ; # javafx/scene/control/skin/ButtonSkin$$Lambda+0x000001de14230450
instanceKlass  @bci javafx/scene/control/skin/ButtonSkin <init> (Ljavafx/scene/control/Button;)V 17 <appendix> member <vmtarget> ; # javafx/scene/control/skin/ButtonSkin$$Lambda+0x000001de14230228
instanceKlass  @bci javafx/scene/control/skin/ButtonSkin <init> (Ljavafx/scene/control/Button;)V 7 <appendix> member <vmtarget> ; # javafx/scene/control/skin/ButtonSkin$$Lambda+0x000001de14230000
instanceKlass  @bci javafx/scene/control/skin/LabeledSkinBase <init> (Ljavafx/scene/control/Labeled;)V 294 <appendix> member <vmtarget> ; # javafx/scene/control/skin/LabeledSkinBase$$Lambda+0x000001de1422fd70
instanceKlass  @bci javafx/scene/control/skin/LabeledSkinBase <init> (Ljavafx/scene/control/Labeled;)V 280 <appendix> member <vmtarget> ; # javafx/scene/control/skin/LabeledSkinBase$$Lambda+0x000001de1422fb38
instanceKlass  @bci javafx/scene/control/skin/LabeledSkinBase <init> (Ljavafx/scene/control/Labeled;)V 266 <appendix> member <vmtarget> ; # javafx/scene/control/skin/LabeledSkinBase$$Lambda+0x000001de1422f900
instanceKlass  @bci javafx/scene/control/skin/LabeledSkinBase <init> (Ljavafx/scene/control/Labeled;)V 252 <appendix> member <vmtarget> ; # javafx/scene/control/skin/LabeledSkinBase$$Lambda+0x000001de1422f6c8
instanceKlass  @bci javafx/scene/control/skin/LabeledSkinBase <init> (Ljavafx/scene/control/Labeled;)V 238 <appendix> member <vmtarget> ; # javafx/scene/control/skin/LabeledSkinBase$$Lambda+0x000001de1422f490
instanceKlass  @bci javafx/scene/control/skin/LabeledSkinBase <init> (Ljavafx/scene/control/Labeled;)V 224 <appendix> argL0 ; # javafx/scene/control/skin/LabeledSkinBase$$Lambda+0x000001de1422f260
instanceKlass  @bci javafx/scene/control/skin/LabeledSkinBase <init> (Ljavafx/scene/control/Labeled;)V 211 <appendix> member <vmtarget> ; # javafx/scene/control/skin/LabeledSkinBase$$Lambda+0x000001de1422f028
instanceKlass  @bci javafx/scene/control/skin/LabeledSkinBase <init> (Ljavafx/scene/control/Labeled;)V 197 <appendix> member <vmtarget> ; # javafx/scene/control/skin/LabeledSkinBase$$Lambda+0x000001de1422edf0
instanceKlass  @bci javafx/scene/control/skin/LabeledSkinBase <init> (Ljavafx/scene/control/Labeled;)V 183 <appendix> member <vmtarget> ; # javafx/scene/control/skin/LabeledSkinBase$$Lambda+0x000001de1422ebb8
instanceKlass  @bci javafx/scene/control/skin/LabeledSkinBase <init> (Ljavafx/scene/control/Labeled;)V 169 <appendix> member <vmtarget> ; # javafx/scene/control/skin/LabeledSkinBase$$Lambda+0x000001de1422e980
instanceKlass  @bci javafx/scene/control/skin/LabeledSkinBase <init> (Ljavafx/scene/control/Labeled;)V 155 <appendix> member <vmtarget> ; # javafx/scene/control/skin/LabeledSkinBase$$Lambda+0x000001de1422e748
instanceKlass  @bci javafx/scene/control/skin/LabeledSkinBase <init> (Ljavafx/scene/control/Labeled;)V 141 <appendix> member <vmtarget> ; # javafx/scene/control/skin/LabeledSkinBase$$Lambda+0x000001de1422e510
instanceKlass  @bci javafx/scene/control/skin/LabeledSkinBase <init> (Ljavafx/scene/control/Labeled;)V 127 <appendix> member <vmtarget> ; # javafx/scene/control/skin/LabeledSkinBase$$Lambda+0x000001de1422e2d8
instanceKlass  @bci javafx/scene/control/skin/LabeledSkinBase <init> (Ljavafx/scene/control/Labeled;)V 113 <appendix> member <vmtarget> ; # javafx/scene/control/skin/LabeledSkinBase$$Lambda+0x000001de1422dea8
instanceKlass  @bci javafx/scene/control/skin/LabeledSkinBase <init> (Ljavafx/scene/control/Labeled;)V 99 <appendix> member <vmtarget> ; # javafx/scene/control/skin/LabeledSkinBase$$Lambda+0x000001de1422dc70
instanceKlass  @bci javafx/scene/control/skin/LabeledSkinBase <init> (Ljavafx/scene/control/Labeled;)V 85 <appendix> member <vmtarget> ; # javafx/scene/control/skin/LabeledSkinBase$$Lambda+0x000001de1422da38
instanceKlass  @bci com/sun/javafx/scene/control/LambdaMultiplePropertyChangeListenerHandler registerChangeListener (Ljavafx/beans/value/ObservableValue;Ljava/util/function/Consumer;)V 38 <appendix> argL0 ; # com/sun/javafx/scene/control/LambdaMultiplePropertyChangeListenerHandler$$Lambda+0x000001de1422d808
instanceKlass  @bci com/sun/javafx/scene/control/LambdaMultiplePropertyChangeListenerHandler <init> ()V 89 <appendix> member <vmtarget> ; # com/sun/javafx/scene/control/LambdaMultiplePropertyChangeListenerHandler$$Lambda+0x000001de1422d5e0
instanceKlass  @bci com/sun/javafx/scene/control/LambdaMultiplePropertyChangeListenerHandler <init> ()V 53 <appendix> member <vmtarget> ; # com/sun/javafx/scene/control/LambdaMultiplePropertyChangeListenerHandler$$Lambda+0x000001de1422d3b8
instanceKlass javafx/beans/value/WeakChangeListener
instanceKlass  @bci com/sun/javafx/scene/control/LambdaMultiplePropertyChangeListenerHandler <init> ()V 17 <appendix> member <vmtarget> ; # com/sun/javafx/scene/control/LambdaMultiplePropertyChangeListenerHandler$$Lambda+0x000001de1422cf50
instanceKlass  @bci com/sun/javafx/scene/control/LambdaMultiplePropertyChangeListenerHandler <clinit> ()V 0 <appendix> argL0 ; # com/sun/javafx/scene/control/LambdaMultiplePropertyChangeListenerHandler$$Lambda+0x000001de1422cd20
instanceKlass com/sun/javafx/scene/control/LambdaMultiplePropertyChangeListenerHandler
instanceKlass  @bci javafx/scene/control/skin/LabeledSkinBase <init> (Ljavafx/scene/control/Labeled;)V 71 <appendix> member <vmtarget> ; # javafx/scene/control/skin/LabeledSkinBase$$Lambda+0x000001de1422c8d8
instanceKlass com/sun/javafx/css/CssUtil
instanceKlass javafx/scene/image/ImageView$StyleableProperties
instanceKlass com/sun/javafx/util/TempState
instanceKlass javafx/beans/property/DoublePropertyBase$Listener
instanceKlass javafx/beans/property/BooleanPropertyBase$Listener
instanceKlass javafx/beans/property/ObjectPropertyBase$Listener
instanceKlass  @bci javafx/scene/control/skin/LabeledSkinBase <init> (Ljavafx/scene/control/Labeled;)V 26 <appendix> member <vmtarget> ; # javafx/scene/control/skin/LabeledSkinBase$$Lambda+0x000001de1421f4b0
instanceKlass  @bci javafx/scene/control/SkinBase <clinit> ()V 8 <appendix> argL0 ; # javafx/scene/control/SkinBase$$Lambda+0x000001de1421f290
instanceKlass com/sun/javafx/scene/control/ListenerHelper$InLi
instanceKlass com/sun/javafx/scene/control/ListenerHelper$ChLi
instanceKlass  @bci javafx/scene/control/SkinBase <clinit> ()V 0 <appendix> argL0 ; # javafx/scene/control/SkinBase$$Lambda+0x000001de1421e030
instanceKlass com/sun/javafx/scene/control/ListenerHelper
instanceKlass com/sun/javafx/scene/control/IDisconnectable
instanceKlass com/sun/javafx/scene/control/behavior/BehaviorBase
instanceKlass javafx/scene/control/SkinBase
instanceKlass javafx/scene/paint/Stop
instanceKlass com/sun/javafx/scene/layout/ScaledMath
instanceKlass javafx/scene/layout/BackgroundFill
instanceKlass com/sun/javafx/css/StyleCacheEntry
instanceKlass javafx/css/Style
instanceKlass javafx/css/Match
instanceKlass com/sun/javafx/css/CalculatedValue
instanceKlass com/sun/javafx/css/StyleCacheEntry$Key
instanceKlass com/sun/javafx/css/StyleCache
instanceKlass javafx/scene/Node$22
instanceKlass  @bci com/sun/javafx/tk/quantum/GlassViewEventHandler handleViewEvent (Lcom/sun/glass/ui/View;JI)V 45 <appendix> member <vmtarget> ; # com/sun/javafx/tk/quantum/GlassViewEventHandler$$Lambda+0x000001de1421a2d0
instanceKlass jdk/jfr/FlightRecorder
instanceKlass  @bci com/sun/javafx/logging/PulseLogger isPulseLoggingRequested ()Z 0 <appendix> argL0 ; # com/sun/javafx/logging/PulseLogger$$Lambda+0x000001de14219788
instanceKlass com/sun/javafx/logging/PrintLogger$PulseData
instanceKlass  @bci com/sun/javafx/logging/PrintLogger <clinit> ()V 18 <appendix> argL0 ; # com/sun/javafx/logging/PrintLogger$$Lambda+0x000001de14219358
instanceKlass  @bci com/sun/javafx/logging/PrintLogger <clinit> ()V 0 <appendix> argL0 ; # com/sun/javafx/logging/PrintLogger$$Lambda+0x000001de14219138
instanceKlass com/sun/javafx/logging/Logger
instanceKlass com/sun/javafx/logging/PulseLogger
instanceKlass  @bci com/sun/javafx/tk/quantum/WindowStage setScene (Lcom/sun/javafx/tk/TKScene;)V 40 <appendix> member <vmtarget> ; # com/sun/javafx/tk/quantum/WindowStage$$Lambda+0x000001de14218600
instanceKlass com/sun/javafx/geom/DirtyRegionContainer
instanceKlass com/sun/javafx/geom/DirtyRegionPool
instanceKlass com/sun/javafx/sg/prism/NodePath
instanceKlass javafx/scene/Scene$InputMethodRequestsDelegate
instanceKlass com/sun/javafx/scene/input/ExtendedInputMethodRequests
instanceKlass javafx/scene/Scene$DropTargetListener
instanceKlass com/sun/scenario/effect/impl/state/AccessHelper
instanceKlass  @bci com/sun/scenario/effect/Effect <clinit> ()V 4 <appendix> argL0 ; # com/sun/scenario/effect/Effect$$Lambda+0x000001de14213260
instanceKlass com/sun/scenario/effect/impl/state/AccessHelper$StateAccessor
instanceKlass com/sun/javafx/geom/Rectangle
instanceKlass com/sun/prism/paint/Paint
instanceKlass com/sun/scenario/effect/Effect
instanceKlass javafx/scene/Scene$ScenePeerPaintListener
instanceKlass javafx/scene/Scene$ScenePeerListener
instanceKlass  @bci com/sun/javafx/tk/quantum/GlassScene setSecurityContext (Ljava/security/AccessControlContext;)V 22 <appendix> argL0 ; # com/sun/javafx/tk/quantum/GlassScene$$Lambda+0x000001de14216120
instanceKlass com/sun/javafx/tk/quantum/SwipeGestureRecognizer$CenterComputer
instanceKlass com/sun/javafx/tk/quantum/SwipeGestureRecognizer$MultiTouchTracker
instanceKlass com/sun/javafx/tk/quantum/SwipeGestureRecognizer
instanceKlass com/sun/javafx/tk/quantum/GestureRecognizers
instanceKlass com/sun/javafx/tk/quantum/GlassSceneDnDEventHandler
instanceKlass com/sun/javafx/tk/quantum/GlassViewEventHandler$ViewEventNotification
instanceKlass com/sun/javafx/tk/quantum/GlassViewEventHandler$MouseEventNotification
instanceKlass com/sun/javafx/tk/quantum/GlassViewEventHandler$KeyEventNotification
instanceKlass  @bci com/sun/javafx/tk/quantum/GlassViewEventHandler <clinit> ()V 0 <appendix> argL0 ; # com/sun/javafx/tk/quantum/GlassViewEventHandler$$Lambda+0x000001de14214890
instanceKlass com/sun/javafx/tk/quantum/GestureRecognizer
instanceKlass com/sun/javafx/tk/quantum/GlassTouchEventListener
instanceKlass  @bci com/sun/glass/ui/View <clinit> ()V 0 <appendix> argL0 ; # com/sun/glass/ui/View$$Lambda+0x000001de14214270
instanceKlass com/sun/prism/PresentableState
instanceKlass com/sun/javafx/tk/quantum/ViewPainter
instanceKlass com/sun/glass/ui/View$EventHandler
instanceKlass com/sun/glass/ui/ClipboardAssistance
instanceKlass  @bci com/sun/glass/ui/GestureSupport createTouchCountListener ()Lcom/sun/glass/ui/TouchInputSupport$TouchCountListener; 4 <appendix> member <vmtarget> ; # com/sun/glass/ui/GestureSupport$$Lambda+0x000001de1420cb90
instanceKlass  @cpi com/sun/glass/ui/GestureSupport 195 form vmentry <vmtarget> ; # java/lang/invoke/LambdaForm$DMH+0x000001de14210000
instanceKlass com/sun/glass/ui/TouchInputSupport$TouchCountListener
instanceKlass com/sun/glass/ui/TouchInputSupport
instanceKlass com/sun/glass/ui/GestureSupport$GestureState
instanceKlass com/sun/glass/ui/GestureSupport
instanceKlass com/sun/glass/ui/win/WinGestureSupport
instanceKlass com/sun/javafx/tk/quantum/WindowStage$1
instanceKlass  @bci com/sun/javafx/tk/quantum/GlassStage lambda$doIntersectionPrivilege$1 (Ljava/security/AccessControlContext;)Ljava/security/AccessControlContext; 0 <appendix> argL0 ; # com/sun/javafx/tk/quantum/GlassStage$$Lambda+0x000001de1420b470
instanceKlass  @bci com/sun/javafx/tk/quantum/GlassStage doIntersectionPrivilege (Ljava/security/PrivilegedAction;Ljava/security/AccessControlContext;Ljava/security/AccessControlContext;)Ljava/security/AccessControlContext; 1 <appendix> member <vmtarget> ; # com/sun/javafx/tk/quantum/GlassStage$$Lambda+0x000001de1420b248
instanceKlass  @bci com/sun/javafx/tk/quantum/GlassStage setSecurityContext (Ljava/security/AccessControlContext;)V 22 <appendix> argL0 ; # com/sun/javafx/tk/quantum/GlassStage$$Lambda+0x000001de1420b028
instanceKlass javafx/scene/input/KeyCombination$Modifier
instanceKlass com/sun/glass/ui/Window$EventHandler
instanceKlass com/sun/javafx/tk/quantum/GlassStage
instanceKlass com/sun/javafx/event/EventUtil
instanceKlass  @bci javafx/scene/Scene <init> (Ljavafx/scene/Parent;DDLjavafx/scene/paint/Paint;ZLjavafx/scene/SceneAntialiasing;)V 318 <appendix> member <vmtarget> ; # javafx/scene/Scene$$Lambda+0x000001de14208bd8
instanceKlass com/sun/javafx/util/WeakReferenceQueue
instanceKlass com/sun/javafx/scene/transform/TransformUtils
instanceKlass  @bci javafx/scene/Camera <init> ()V 115 <appendix> member <vmtarget> ; # javafx/scene/Camera$$Lambda+0x000001de14202398
instanceKlass javafx/scene/ParallelCamera$1
instanceKlass javafx/scene/Camera$1
instanceKlass com/sun/javafx/scene/ParallelCameraHelper$ParallelCameraAccessor
instanceKlass com/sun/javafx/scene/CameraHelper$CameraAccessor
instanceKlass javafx/scene/control/ListView$StyleableProperties
instanceKlass javafx/scene/text/Text$StyleableProperties
instanceKlass com/sun/javafx/scene/layout/region/BorderImageSlices
instanceKlass javafx/scene/layout/BackgroundSize
instanceKlass javafx/scene/layout/BackgroundPosition
instanceKlass com/sun/javafx/scene/layout/region/RepeatStruct
instanceKlass javafx/scene/layout/Region$StyleableProperties
instanceKlass javafx/scene/control/Control$StyleableProperties
instanceKlass javafx/scene/control/Labeled$StyleableProperties
instanceKlass com/sun/javafx/css/StyleCache$Key
instanceKlass javafx/scene/CssStyleHelper$CacheContainer
instanceKlass  @bci com/sun/javafx/css/StyleMap <clinit> ()V 30 <appendix> argL0 ; # com/sun/javafx/css/StyleMap$$Lambda+0x000001de141f5060
instanceKlass com/sun/javafx/css/CascadingStyle
instanceKlass com/sun/javafx/css/StyleMap
instanceKlass javafx/css/CssParser$Term
instanceKlass com/sun/javafx/css/parser/Token
instanceKlass  @bci javafx/css/CssLexer$UnitsState <init> (Ljavafx/css/CssLexer;)V 468 <appendix> argL0 ; # javafx/css/CssLexer$UnitsState$$Lambda+0x000001de141f3f70
instanceKlass  @bci javafx/css/CssLexer <init> ()V 419 <appendix> argL0 ; # javafx/css/CssLexer$$Lambda+0x000001de141f3960
instanceKlass  @bci javafx/css/CssLexer <init> ()V 410 <appendix> argL0 ; # javafx/css/CssLexer$$Lambda+0x000001de141f3740
instanceKlass  @bci javafx/css/CssLexer <init> ()V 401 <appendix> argL0 ; # javafx/css/CssLexer$$Lambda+0x000001de141f3520
instanceKlass  @bci javafx/css/CssLexer <init> ()V 392 <appendix> argL0 ; # javafx/css/CssLexer$$Lambda+0x000001de141f3300
instanceKlass  @bci javafx/css/CssLexer <init> ()V 383 <appendix> argL0 ; # javafx/css/CssLexer$$Lambda+0x000001de141f30e0
instanceKlass  @bci javafx/css/CssLexer <init> ()V 374 <appendix> argL0 ; # javafx/css/CssLexer$$Lambda+0x000001de141f2ec0
instanceKlass  @bci javafx/css/CssLexer <init> ()V 365 <appendix> argL0 ; # javafx/css/CssLexer$$Lambda+0x000001de141f2ca0
instanceKlass  @bci javafx/css/CssLexer <init> ()V 356 <appendix> argL0 ; # javafx/css/CssLexer$$Lambda+0x000001de141f2a80
instanceKlass  @bci javafx/css/CssLexer <init> ()V 347 <appendix> argL0 ; # javafx/css/CssLexer$$Lambda+0x000001de141f2860
instanceKlass  @bci javafx/css/CssLexer <init> ()V 338 <appendix> argL0 ; # javafx/css/CssLexer$$Lambda+0x000001de141f2640
instanceKlass  @bci javafx/css/CssLexer <init> ()V 329 <appendix> argL0 ; # javafx/css/CssLexer$$Lambda+0x000001de141f2420
instanceKlass  @bci javafx/css/CssLexer <init> ()V 320 <appendix> argL0 ; # javafx/css/CssLexer$$Lambda+0x000001de141f2200
instanceKlass  @bci javafx/css/CssLexer <init> ()V 311 <appendix> argL0 ; # javafx/css/CssLexer$$Lambda+0x000001de141f1fe0
instanceKlass  @bci javafx/css/CssLexer <init> ()V 302 <appendix> argL0 ; # javafx/css/CssLexer$$Lambda+0x000001de141f1dc0
instanceKlass  @bci javafx/css/CssLexer <init> ()V 293 <appendix> argL0 ; # javafx/css/CssLexer$$Lambda+0x000001de141f1ba0
instanceKlass  @bci javafx/css/CssLexer <init> ()V 284 <appendix> argL0 ; # javafx/css/CssLexer$$Lambda+0x000001de141f1980
instanceKlass  @bci javafx/css/CssLexer <init> ()V 275 <appendix> argL0 ; # javafx/css/CssLexer$$Lambda+0x000001de141f1760
instanceKlass  @bci javafx/css/CssLexer <init> ()V 266 <appendix> argL0 ; # javafx/css/CssLexer$$Lambda+0x000001de141f1540
instanceKlass  @bci javafx/css/CssLexer <init> ()V 257 <appendix> argL0 ; # javafx/css/CssLexer$$Lambda+0x000001de141f1320
instanceKlass  @bci javafx/css/CssLexer <init> ()V 248 <appendix> argL0 ; # javafx/css/CssLexer$$Lambda+0x000001de141f1100
instanceKlass  @bci javafx/css/CssLexer <init> ()V 239 <appendix> argL0 ; # javafx/css/CssLexer$$Lambda+0x000001de141f0ee0
instanceKlass  @bci javafx/css/CssLexer <init> ()V 230 <appendix> argL0 ; # javafx/css/CssLexer$$Lambda+0x000001de141f0cc0
instanceKlass  @bci javafx/css/CssLexer <init> ()V 221 <appendix> argL0 ; # javafx/css/CssLexer$$Lambda+0x000001de141f0aa0
instanceKlass  @bci javafx/css/CssLexer <init> ()V 212 <appendix> argL0 ; # javafx/css/CssLexer$$Lambda+0x000001de141f0880
instanceKlass  @bci javafx/css/CssLexer <init> ()V 203 <appendix> argL0 ; # javafx/css/CssLexer$$Lambda+0x000001de141f0660
instanceKlass  @bci javafx/css/CssLexer <init> ()V 194 <appendix> argL0 ; # javafx/css/CssLexer$$Lambda+0x000001de141f0440
instanceKlass  @bci javafx/css/CssLexer <init> ()V 185 <appendix> argL0 ; # javafx/css/CssLexer$$Lambda+0x000001de141f0220
instanceKlass  @bci javafx/css/CssLexer <init> ()V 176 <appendix> argL0 ; # javafx/css/CssLexer$$Lambda+0x000001de141f0000
instanceKlass  @bci javafx/css/CssLexer <init> ()V 167 <appendix> argL0 ; # javafx/css/CssLexer$$Lambda+0x000001de141edc40
instanceKlass  @bci javafx/css/CssLexer <init> ()V 158 <appendix> argL0 ; # javafx/css/CssLexer$$Lambda+0x000001de141eda20
instanceKlass  @bci javafx/css/CssLexer <init> ()V 149 <appendix> argL0 ; # javafx/css/CssLexer$$Lambda+0x000001de141ed800
instanceKlass  @bci javafx/css/CssLexer <init> ()V 140 <appendix> argL0 ; # javafx/css/CssLexer$$Lambda+0x000001de141efdc0
instanceKlass  @bci javafx/css/CssLexer <init> ()V 131 <appendix> argL0 ; # javafx/css/CssLexer$$Lambda+0x000001de141efba0
instanceKlass  @bci javafx/css/CssLexer <init> ()V 122 <appendix> argL0 ; # javafx/css/CssLexer$$Lambda+0x000001de141ef980
instanceKlass  @bci javafx/css/CssLexer <init> ()V 113 <appendix> argL0 ; # javafx/css/CssLexer$$Lambda+0x000001de141ef760
instanceKlass  @bci javafx/css/CssLexer <init> ()V 104 <appendix> argL0 ; # javafx/css/CssLexer$$Lambda+0x000001de141ef540
instanceKlass  @bci javafx/css/CssLexer <init> ()V 95 <appendix> argL0 ; # javafx/css/CssLexer$$Lambda+0x000001de141ef320
instanceKlass  @bci javafx/css/CssLexer <init> ()V 86 <appendix> argL0 ; # javafx/css/CssLexer$$Lambda+0x000001de141ef100
instanceKlass  @bci javafx/css/CssLexer <init> ()V 77 <appendix> argL0 ; # javafx/css/CssLexer$$Lambda+0x000001de141eeee0
instanceKlass  @bci javafx/css/CssLexer <init> ()V 68 <appendix> argL0 ; # javafx/css/CssLexer$$Lambda+0x000001de141eecc0
instanceKlass  @bci javafx/css/CssLexer <init> ()V 59 <appendix> argL0 ; # javafx/css/CssLexer$$Lambda+0x000001de141eeaa0
instanceKlass  @bci javafx/css/CssLexer <init> ()V 50 <appendix> argL0 ; # javafx/css/CssLexer$$Lambda+0x000001de141ee880
instanceKlass  @bci javafx/css/CssLexer <init> ()V 41 <appendix> argL0 ; # javafx/css/CssLexer$$Lambda+0x000001de141ee660
instanceKlass  @bci javafx/css/CssLexer <init> ()V 32 <appendix> argL0 ; # javafx/css/CssLexer$$Lambda+0x000001de141ee440
instanceKlass  @bci javafx/css/CssLexer <init> ()V 23 <appendix> argL0 ; # javafx/css/CssLexer$$Lambda+0x000001de141ee220
instanceKlass  @bci javafx/css/CssLexer <init> ()V 14 <appendix> argL0 ; # javafx/css/CssLexer$$Lambda+0x000001de141ee000
instanceKlass  @bci javafx/css/CssLexer <init> ()V 5 <appendix> argL0 ; # javafx/css/CssLexer$$Lambda+0x000001de141ebc88
instanceKlass com/sun/javafx/css/parser/Recognizer
instanceKlass com/sun/javafx/css/parser/LexerState
instanceKlass javafx/css/CssLexer
instanceKlass  @bci com/sun/scenario/effect/impl/hw/d3d/D3DShaderSource loadSource (Ljava/lang/String;)Ljava/io/InputStream; 3 <appendix> form vmentry <vmtarget> ; # java/lang/invoke/LambdaForm$MH+0x000001de141ed400
# instanceKlass java/lang/invoke/LambdaForm$MH+0x000001de141ed000
instanceKlass  @bci com/sun/scenario/effect/impl/hw/d3d/D3DShaderSource loadSource (Ljava/lang/String;)Ljava/io/InputStream; 3 <appendix> argL3 form vmentry <vmtarget> ; # java/lang/invoke/LambdaForm$MH+0x000001de141ecc00
# instanceKlass java/lang/invoke/LambdaForm$MH+0x000001de141ec800
# instanceKlass java/lang/invoke/LambdaForm$MH+0x000001de141ec400
# instanceKlass java/lang/invoke/LambdaForm$MH+0x000001de141ec000
instanceKlass javafx/css/FontFace
instanceKlass javafx/css/CssParser$ParseError
instanceKlass javafx/css/CssParser
instanceKlass com/sun/javafx/css/StyleManager$Cache$Key
instanceKlass com/sun/javafx/css/StyleManager$Cache
instanceKlass com/sun/javafx/css/StyleManager$Key
instanceKlass  @bci com/sun/javafx/css/StyleManager findMatchingStyles (Ljavafx/scene/Node;Ljavafx/scene/SubScene;[Ljava/util/Set;)Lcom/sun/javafx/css/StyleMap; 251 <appendix> argL0 ; # com/sun/javafx/css/StyleManager$$Lambda+0x000001de141e96b8
instanceKlass com/sun/javafx/css/StyleManager$CacheContainer
instanceKlass javafx/css/converter/FontConverter$FontStyleConverter$Holder
instanceKlass javafx/css/converter/FontConverter$Holder
instanceKlass javafx/scene/CssStyleHelper
instanceKlass javafx/scene/Scene$ClickCounter
instanceKlass javafx/scene/Scene$ClickGenerator
instanceKlass javafx/scene/Scene$MouseHandler$1
instanceKlass com/sun/javafx/event/EventQueue
instanceKlass javafx/scene/Scene$MouseHandler
instanceKlass com/sun/javafx/scene/traversal/TraversalEngine$BaseEngineContext
instanceKlass com/sun/javafx/scene/traversal/ContainerTabOrder
instanceKlass com/sun/javafx/scene/traversal/Algorithm
instanceKlass com/sun/javafx/scene/traversal/TraversalContext
instanceKlass  @bci javafx/scene/Scene <init> (Ljavafx/scene/Parent;DDLjavafx/scene/paint/Paint;ZLjavafx/scene/SceneAntialiasing;)V 172 <appendix> member <vmtarget> ; # javafx/scene/Scene$$Lambda+0x000001de141e4a58
instanceKlass javafx/scene/Scene$TouchMap
instanceKlass javafx/scene/Scene$TouchGesture
instanceKlass javafx/scene/Scene$TargetWrapper
instanceKlass javafx/scene/Scene$ScenePulseListener
instanceKlass javafx/scene/SceneAntialiasing
instanceKlass  @bci com/example/commonlisp_ide/StartApp initialize ()V 192 <appendix> member <vmtarget> ; # com/example/commonlisp_ide/StartApp$$Lambda+0x000001de141e3018
instanceKlass  @bci com/example/commonlisp_ide/StartApp initialize ()V 179 <appendix> member <vmtarget> ; # com/example/commonlisp_ide/StartApp$$Lambda+0x000001de141e2df0
instanceKlass com/sun/prism/Image$Serial
instanceKlass com/sun/javafx/image/impl/ByteRgba$Accessor
instanceKlass com/sun/javafx/image/impl/ByteRgba
instanceKlass com/sun/javafx/image/impl/ByteBgraPre$Accessor
instanceKlass com/sun/javafx/image/impl/ByteBgraPre
instanceKlass com/sun/javafx/image/impl/BaseByteToByteConverter
instanceKlass com/sun/javafx/image/ByteToBytePixelConverter
instanceKlass com/sun/javafx/image/PixelConverter
instanceKlass com/sun/javafx/image/impl/ByteBgra$Accessor
instanceKlass com/sun/javafx/image/BytePixelAccessor
instanceKlass com/sun/javafx/image/BytePixelSetter
instanceKlass com/sun/javafx/image/PixelSetter
instanceKlass com/sun/javafx/image/BytePixelGetter
instanceKlass com/sun/javafx/image/impl/ByteBgra
instanceKlass com/sun/prism/Image$1
instanceKlass javafx/scene/image/PixelFormat
instanceKlass com/sun/javafx/image/PixelGetter
instanceKlass com/sun/prism/Image$Accessor
instanceKlass com/sun/prism/Image
instanceKlass com/sun/javafx/iio/ImageFrame
instanceKlass com/sun/javafx/iio/ImageMetadata
instanceKlass com/sun/javafx/iio/common/ImageLoaderImpl
instanceKlass com/sun/javafx/iio/common/ImageTools
instanceKlass com/sun/javafx/iio/ImageFormatDescription$Signature
instanceKlass com/sun/javafx/iio/common/ImageDescriptor
instanceKlass com/sun/javafx/iio/bmp/BMPImageLoaderFactory
instanceKlass com/sun/javafx/iio/png/PNGImageLoaderFactory
instanceKlass com/sun/javafx/iio/jpeg/JPEGImageLoaderFactory
instanceKlass com/sun/javafx/iio/ImageFormatDescription
instanceKlass com/sun/javafx/iio/ImageLoader
instanceKlass com/sun/javafx/iio/gif/GIFImageLoaderFactory
instanceKlass com/sun/javafx/iio/ImageLoaderFactory
instanceKlass com/sun/javafx/iio/ImageStorage$InstanceHolder
instanceKlass com/sun/javafx/iio/ImageStorage
instanceKlass com/sun/javafx/tk/quantum/PrismImageLoader2$PrismLoadListener
instanceKlass com/sun/javafx/iio/ImageLoadListener
instanceKlass com/sun/javafx/tk/quantum/PrismImageLoader2
instanceKlass com/sun/javafx/util/DataURI
instanceKlass javafx/scene/image/ImageView$1
instanceKlass com/sun/javafx/scene/ImageViewHelper$ImageViewAccessor
instanceKlass com/example/commonlisp_ide/Project
# instanceKlass java/lang/invoke/LambdaForm$MH+0x000001de141d4400
# instanceKlass java/lang/invoke/LambdaForm$MH+0x000001de141d4000
instanceKlass javafx/fxml/Initializable
instanceKlass  @bci javafx/scene/control/ListView <init> (Ljavafx/collections/ObservableList;)V 101 <appendix> member <vmtarget> ; # javafx/scene/control/ListView$$Lambda+0x000001de141d1550
instanceKlass  @bci javafx/scene/control/ListView$ListViewFocusModel <init> (Ljavafx/scene/control/ListView;)V 123 <appendix> member <vmtarget> ; # javafx/scene/control/ListView$ListViewFocusModel$$Lambda+0x000001de141d1328
instanceKlass javafx/scene/control/ListView$ListViewFocusModel$1
instanceKlass  @bci javafx/scene/control/ListView$ListViewFocusModel <init> (Ljavafx/scene/control/ListView;)V 11 <appendix> member <vmtarget> ; # javafx/scene/control/ListView$ListViewFocusModel$$Lambda+0x000001de141d0cd8
instanceKlass  @bci javafx/scene/control/FocusModel <init> ()V 38 <appendix> member <vmtarget> ; # javafx/scene/control/FocusModel$$Lambda+0x000001de141d0ab0
instanceKlass java/util/stream/Sink$ChainedInt
instanceKlass java/util/stream/Sink$OfInt
instanceKlass java/util/function/IntConsumer
instanceKlass  @bci java/util/stream/Collectors toList ()Ljava/util/stream/Collector; 14 <appendix> argL0 ; # java/util/stream/Collectors$$Lambda+0x000001de1414d638
instanceKlass  @bci java/util/stream/Collectors toList ()Ljava/util/stream/Collector; 9 <appendix> argL0 ; # java/util/stream/Collectors$$Lambda+0x000001de1414d408
instanceKlass  @bci java/util/stream/Collectors toList ()Ljava/util/stream/Collector; 4 <appendix> argL0 ; # java/util/stream/Collectors$$Lambda+0x000001de1414d1e8
instanceKlass  @bci java/util/stream/IntPipeline boxed ()Ljava/util/stream/Stream; 1 <appendix> argL0 ; # java/util/stream/IntPipeline$$Lambda+0x000001de1414caa8
instanceKlass java/util/stream/IntStream
instanceKlass java/util/BitSet$1BitSetSpliterator
instanceKlass javafx/scene/control/ListView$ListViewBitSetSelectionModel$1
instanceKlass javafx/scene/control/ListView$ListViewBitSetSelectionModel$2
instanceKlass  @bci com/sun/javafx/scene/control/SelectedItemsReadOnlyObservableList <init> (Ljavafx/collections/ObservableList;Ljava/util/function/Supplier;)V 28 <appendix> member <vmtarget> ; # com/sun/javafx/scene/control/SelectedItemsReadOnlyObservableList$$Lambda+0x000001de141cfb00
instanceKlass  @bci javafx/scene/control/MultipleSelectionModelBase <init> ()V 40 <appendix> member <vmtarget> ; # javafx/scene/control/MultipleSelectionModelBase$$Lambda+0x000001de141cf8d8
instanceKlass  @bci javafx/scene/control/MultipleSelectionModelBase <init> ()V 9 <appendix> member <vmtarget> ; # javafx/scene/control/MultipleSelectionModelBase$$Lambda+0x000001de141ceea0
instanceKlass  @bci javafx/scene/control/ListView <init> (Ljavafx/collections/ObservableList;)V 11 <appendix> member <vmtarget> ; # javafx/scene/control/ListView$$Lambda+0x000001de141c5f48
instanceKlass javafx/scene/control/FocusModel
instanceKlass javafx/scene/control/SelectionModel
instanceKlass javafx/css/converter/CursorConverter$Holder
instanceKlass javafx/scene/Node$StyleableProperties
instanceKlass javafx/scene/shape/Shape$StyleableProperties
# instanceKlass java/lang/invoke/LambdaForm$MH+0x000001de141bc800
# instanceKlass java/lang/invoke/LambdaForm$MH+0x000001de141bc400
# instanceKlass java/lang/invoke/LambdaForm$MH+0x000001de141bc000
instanceKlass com/sun/javafx/font/Disposer$1
instanceKlass com/sun/javafx/font/Disposer
instanceKlass com/sun/javafx/font/CompositeStrikeDisposer
instanceKlass com/sun/javafx/font/Metrics
instanceKlass com/sun/javafx/font/CompositeStrike
instanceKlass com/sun/javafx/font/FontStrikeDesc
instanceKlass com/sun/javafx/font/PrismCompositeFontResource
instanceKlass sun/nio/cs/ArrayDecoder
instanceKlass com/sun/javafx/font/PrismFontFile$DirectoryEntry
instanceKlass com/sun/javafx/font/FontFileReader$Buffer
instanceKlass  @bci com/sun/javafx/font/FontFileReader openFile ()Z 11 <appendix> member <vmtarget> ; # com/sun/javafx/font/FontFileReader$$Lambda+0x000001de141b7910
instanceKlass com/sun/javafx/font/FontFileReader
instanceKlass com/sun/javafx/font/PrismFontStrike
instanceKlass com/sun/javafx/font/DisposerRecord
instanceKlass  @bci com/sun/scenario/effect/impl/Renderer getPeerInstance (Lcom/sun/scenario/effect/FilterContext;Ljava/lang/String;I)Lcom/sun/scenario/effect/impl/EffectPeer; 33 <appendix> form vmentry <vmtarget> ; # java/lang/invoke/LambdaForm$MH+0x000001de141b3400
# instanceKlass java/lang/invoke/LambdaForm$MH+0x000001de141b3000
instanceKlass  @bci com/sun/scenario/effect/impl/Renderer getPeerInstance (Lcom/sun/scenario/effect/FilterContext;Ljava/lang/String;I)Lcom/sun/scenario/effect/impl/EffectPeer; 33 <appendix> argL3 form vmentry <vmtarget> ; # java/lang/invoke/LambdaForm$MH+0x000001de141b2c00
# instanceKlass java/lang/invoke/LambdaForm$MH+0x000001de141b2800
# instanceKlass java/lang/invoke/LambdaForm$MH+0x000001de141b2400
# instanceKlass java/lang/invoke/LambdaForm$MH+0x000001de141b2000
instanceKlass com/sun/javafx/font/WindowsFontMap$FamilyDescription
instanceKlass com/sun/javafx/font/WindowsFontMap
instanceKlass javafx/scene/shape/Shape$StrokeAttributes
instanceKlass javafx/scene/text/Text$TextAttribute
instanceKlass javafx/scene/text/HitInfo
instanceKlass javafx/beans/value/ObservableIntegerValue
instanceKlass javafx/beans/value/WritableIntegerValue
instanceKlass sun/reflect/generics/reflectiveObjects/LazyReflectiveObjectGenerator
instanceKlass sun/reflect/generics/tree/TypeVariableSignature
instanceKlass sun/reflect/generics/tree/ClassSignature
instanceKlass sun/reflect/generics/reflectiveObjects/ParameterizedTypeImpl
instanceKlass java/lang/reflect/ParameterizedType
instanceKlass sun/reflect/generics/tree/MethodTypeSignature
instanceKlass sun/reflect/generics/tree/Signature
instanceKlass sun/reflect/generics/tree/FormalTypeParameter
instanceKlass sun/reflect/generics/repository/AbstractRepository
# instanceKlass java/lang/invoke/LambdaForm$MH+0x000001de141b1c00
# instanceKlass java/lang/invoke/LambdaForm$MH+0x000001de141b1800
# instanceKlass java/lang/invoke/LambdaForm$MH+0x000001de141b1400
# instanceKlass java/lang/invoke/LambdaForm$MH+0x000001de141b1000
# instanceKlass java/lang/invoke/LambdaForm$MH+0x000001de141b0c00
# instanceKlass java/lang/invoke/LambdaForm$MH+0x000001de141b0800
# instanceKlass java/lang/invoke/LambdaForm$DMH+0x000001de141b0400
# instanceKlass java/lang/invoke/LambdaForm$BMH+0x000001de141b0000
# instanceKlass java/lang/invoke/LambdaForm$DMH+0x000001de141abc00
# instanceKlass java/lang/invoke/LambdaForm$MH+0x000001de141ab800
instanceKlass  @cpi org/reactfx/Suspendable$1 58 form vmentry <vmtarget> ; # java/lang/invoke/LambdaForm$DMH+0x000001de141ab400
# instanceKlass java/lang/invoke/LambdaForm$MH+0x000001de141ab000
# instanceKlass java/lang/invoke/LambdaForm$MH+0x000001de141aac00
# instanceKlass java/lang/invoke/LambdaForm$MH+0x000001de141aa800
# instanceKlass java/lang/invoke/LambdaForm$DMH+0x000001de141aa400
# instanceKlass java/lang/invoke/LambdaForm$BMH+0x000001de141aa000
# instanceKlass java/lang/invoke/LambdaForm$DMH+0x000001de141a9c00
# instanceKlass java/lang/invoke/LambdaForm$MH+0x000001de141a9800
# instanceKlass java/lang/invoke/LambdaForm$DMH+0x000001de141a9400
instanceKlass java/lang/invoke/ClassSpecializer$Factory$1Var
# instanceKlass java/lang/invoke/LambdaForm$BMH+0x000001de141a9000
# instanceKlass java/lang/invoke/LambdaForm$DMH+0x000001de141a8c00
# instanceKlass java/lang/invoke/LambdaForm$DMH+0x000001de141a8800
instanceKlass sun/invoke/util/ValueConversions$1
instanceKlass sun/invoke/util/ValueConversions$WrapperCache
# instanceKlass java/lang/invoke/LambdaForm$DMH+0x000001de141a8400
instanceKlass com/sun/javafx/font/PrismFont
instanceKlass com/sun/javafx/font/CharToGlyphMapper
instanceKlass com/sun/javafx/font/FontStrike
instanceKlass com/sun/javafx/font/LogicalFont
instanceKlass com/sun/javafx/font/CompositeFontResource
instanceKlass com/sun/javafx/font/directwrite/IUnknown
instanceKlass  @bci com/sun/javafx/font/directwrite/OS <clinit> ()V 0 <appendix> argL0 ; # com/sun/javafx/font/directwrite/OS$$Lambda+0x000001de141ad6a8
instanceKlass com/sun/javafx/font/directwrite/OS
instanceKlass com/sun/javafx/font/FontFallbackInfo
instanceKlass com/sun/javafx/text/GlyphLayout
instanceKlass com/sun/javafx/font/PrismFontFile
instanceKlass com/sun/javafx/font/FontConstants
instanceKlass com/sun/javafx/scene/text/FontHelper
instanceKlass javafx/scene/text/Font$1
instanceKlass com/sun/javafx/scene/text/FontHelper$FontAccessor
instanceKlass java/util/LinkedList$ListItr
instanceKlass javafx/event/WeakEventHandler
instanceKlass com/sun/javafx/event/CompositeEventHandler$EventProcessorRecord
instanceKlass com/sun/javafx/event/CompositeEventHandler
instanceKlass  @bci javafx/event/Event <clinit> ()V 0 <appendix> argL0 ; # javafx/event/Event$$Lambda+0x000001de141a5328
instanceKlass  @bci javafx/scene/control/Control <clinit> ()V 35 <appendix> argL0 ; # javafx/scene/control/Control$$Lambda+0x000001de141a5108
instanceKlass  @cpi org/fxmisc/wellbehaved/event/InputMap 209 form vmentry <vmtarget> ; # java/lang/invoke/LambdaForm$DMH+0x000001de141a8000
instanceKlass com/sun/javafx/css/StyleManager$RefList
instanceKlass javafx/css/converter/FontConverter$FontWeightConverter$Holder
instanceKlass javafx/css/converter/StringConverter$Holder
instanceKlass javafx/css/converter/FontConverter$FontSizeConverter$Holder
instanceKlass javafx/css/converter/EffectConverter$Holder
instanceKlass com/sun/javafx/scene/layout/region/Margins
instanceKlass com/sun/javafx/scene/layout/region/Margins$Holder
instanceKlass javafx/css/converter/BooleanConverter$Holder
instanceKlass javafx/css/converter/SizeConverter$Holder
instanceKlass javafx/css/converter/InsetsConverter$Holder
instanceKlass com/sun/javafx/css/SelectorPartitioning$Slot
instanceKlass com/sun/javafx/css/SelectorPartitioning$Partition
instanceKlass javafx/css/converter/PaintConverter$Holder
instanceKlass javafx/css/converter/StopConverter$Holder
instanceKlass javafx/css/converter/LadderConverter$Holder
instanceKlass javafx/css/converter/DeriveColorConverter$Holder
instanceKlass javafx/css/converter/URLConverter$Holder
instanceKlass javafx/css/StyleConverter
instanceKlass javafx/css/Size
instanceKlass javafx/css/ParsedValue
instanceKlass javafx/css/Declaration
instanceKlass javafx/css/Rule$Observables
instanceKlass  @bci com/sun/javafx/css/SelectorPartitioning <clinit> ()V 28 <appendix> argL0 ; # com/sun/javafx/css/SelectorPartitioning$$Lambda+0x000001de14195638
instanceKlass com/sun/javafx/css/SelectorPartitioning$PartitionKey
instanceKlass com/sun/javafx/css/SelectorPartitioning
instanceKlass com/sun/javafx/css/StyleManager$StylesheetContainer
instanceKlass java/util/AbstractList$SubList$1
instanceKlass javafx/collections/ModifiableObservableListBase$SubObservableList
instanceKlass com/sun/javafx/css/BitSet$1
instanceKlass com/sun/javafx/css/ImmutablePseudoClassSetsCache
instanceKlass javafx/css/StyleClass
instanceKlass javafx/css/Rule
instanceKlass javafx/css/StyleConverter$StringStore
instanceKlass sun/net/www/protocol/jar/JarFileFactory
instanceKlass sun/net/www/protocol/jar/URLJarFile$URLJarFileCloseController
instanceKlass javafx/css/Stylesheet
# instanceKlass java/lang/invoke/LambdaForm$MH+0x000001de14194400
# instanceKlass java/lang/invoke/LambdaForm$MH+0x000001de14194000
instanceKlass  @bci com/sun/javafx/font/PrismFontFactory <clinit> ()V 59 <appendix> member <vmtarget> ; # com/sun/javafx/font/PrismFontFactory$$Lambda+0x000001de141914f8
instanceKlass java/io/FilenameFilter
instanceKlass com/sun/javafx/font/FontResource
instanceKlass com/sun/javafx/font/PGFont
instanceKlass com/sun/javafx/font/PrismFontFactory
instanceKlass com/sun/javafx/scene/text/TextLine
instanceKlass java/text/CharacterIterator
instanceKlass com/sun/javafx/scene/text/GlyphList
instanceKlass com/sun/javafx/text/PrismTextLayout
instanceKlass com/sun/javafx/scene/text/TextLayout
instanceKlass com/sun/javafx/text/PrismTextLayoutFactory
instanceKlass  @bci javafx/scene/text/Text <init> ()V 64 <appendix> member <vmtarget> ; # javafx/scene/text/Text$$Lambda+0x000001de14190000
instanceKlass  @bci javafx/scene/text/Text <init> ()V 37 <appendix> member <vmtarget> ; # javafx/scene/text/Text$$Lambda+0x000001de1418fc78
instanceKlass javafx/beans/WeakInvalidationListener
instanceKlass javafx/scene/text/Text$1
instanceKlass javafx/scene/shape/Shape$1
instanceKlass com/sun/javafx/scene/text/TextSpan
instanceKlass com/sun/javafx/scene/shape/TextHelper$TextAccessor
instanceKlass com/sun/javafx/scene/shape/ShapeHelper$ShapeAccessor
instanceKlass com/sun/javafx/beans/event/AbstractNotifyListener
instanceKlass com/sun/javafx/scene/control/skin/Utils
instanceKlass  @bci com/sun/javafx/css/StyleManager loadStylesheetUnPrivileged (Ljava/lang/String;)Ljavafx/css/Stylesheet; 7 <appendix> member <vmtarget> ; # com/sun/javafx/css/StyleManager$$Lambda+0x000001de14186300
instanceKlass com/sun/javafx/css/StyleManager$ImageCache
instanceKlass com/sun/javafx/css/StyleManager$InstanceHolder
instanceKlass com/sun/javafx/css/StyleManager
instanceKlass  @bci com/sun/javafx/application/PlatformImpl _setPlatformUserAgentStylesheet (Ljava/lang/String;)V 370 <appendix> member <vmtarget> ; # com/sun/javafx/application/PlatformImpl$$Lambda+0x000001de14185ab0
instanceKlass  @bci com/sun/javafx/application/PlatformImpl _setAccessibilityTheme (Ljava/lang/String;)V 0 <appendix> argL0 ; # com/sun/javafx/application/PlatformImpl$$Lambda+0x000001de14185890
instanceKlass com/sun/javafx/tk/quantum/QuantumToolkit$6
instanceKlass  @bci com/sun/javafx/application/PlatformImpl _setPlatformUserAgentStylesheet (Ljava/lang/String;)V 8 <appendix> argL0 ; # com/sun/javafx/application/PlatformImpl$$Lambda+0x000001de14184be0
instanceKlass javafx/scene/control/Control$1
instanceKlass javafx/scene/control/Skin
instanceKlass com/sun/javafx/scene/control/ControlHelper$ControlAccessor
instanceKlass  @bci jdk/internal/reflect/MethodHandleObjectFieldAccessorImpl set (Ljava/lang/Object;Ljava/lang/Object;)V 41 <adapter> ; # java/lang/invoke/LambdaForm$MH+0x000001de1413ac00
instanceKlass jdk/internal/reflect/FieldAccessor
# instanceKlass java/lang/invoke/LambdaForm$MH+0x000001de1413a800
# instanceKlass java/lang/invoke/LambdaForm$MH+0x000001de1413a400
instanceKlass javafx/fxml/FXML
instanceKlass javafx/fxml/FXMLLoader$ControllerAccessor$1
# instanceKlass java/lang/invoke/LambdaForm$MH+0x000001de1413a000
# instanceKlass java/lang/invoke/LambdaForm$MH+0x000001de14139c00
# instanceKlass java/lang/invoke/LambdaForm$MH+0x000001de14139800
# instanceKlass java/lang/invoke/LambdaForm$MH+0x000001de14139400
# instanceKlass java/lang/invoke/LambdaForm$MH+0x000001de14139000
instanceKlass  @bci java/lang/ClassLoader definePackage (Ljava/lang/String;Ljava/lang/Module;)Ljava/lang/Package; 73 <appendix> member <vmtarget> ; # java/lang/ClassLoader$$Lambda+0x000001de14143440
instanceKlass com/sun/javafx/reflect/Trampoline
instanceKlass com/sun/javafx/reflect/MethodUtil$1
instanceKlass  @bci com/sun/javafx/fxml/MethodHelper <clinit> ()V 0 <appendix> argL0 ; # com/sun/javafx/fxml/MethodHelper$$Lambda+0x000001de141334f8
instanceKlass com/sun/javafx/fxml/MethodHelper
instanceKlass  @bci com/sun/javafx/fxml/ModuleHelper <clinit> ()V 0 <appendix> argL0 ; # com/sun/javafx/fxml/ModuleHelper$$Lambda+0x000001de141330d0
instanceKlass com/sun/javafx/fxml/ModuleHelper
instanceKlass  @bci com/sun/javafx/fxml/BeanAdapter getMethodName (Ljava/lang/String;Ljava/lang/String;)Ljava/lang/String; 14 <appendix> form vmentry <vmtarget> ; # java/lang/invoke/LambdaForm$MH+0x000001de14138400
# instanceKlass java/lang/invoke/LambdaForm$MH+0x000001de14138000
instanceKlass  @bci com/sun/javafx/fxml/BeanAdapter getMethodName (Ljava/lang/String;Ljava/lang/String;)Ljava/lang/String; 14 <appendix> form names 8 function resolvedHandle form vmentry <vmtarget> ; # java/lang/invoke/LambdaForm$DMH+0x000001de14137c00
instanceKlass  @bci com/sun/javafx/fxml/BeanAdapter getMethodName (Ljava/lang/String;Ljava/lang/String;)Ljava/lang/String; 14 <appendix> argL3 form vmentry <vmtarget> ; # java/lang/invoke/LambdaForm$MH+0x000001de14137800
# instanceKlass java/lang/invoke/LambdaForm$MH+0x000001de14137400
# instanceKlass java/lang/invoke/LambdaForm$MH+0x000001de14137000
# instanceKlass java/lang/invoke/LambdaForm$MH+0x000001de14136c00
# instanceKlass java/lang/invoke/LambdaForm$MH+0x000001de14136800
# instanceKlass java/lang/invoke/LambdaForm$MH+0x000001de14136400
# instanceKlass java/lang/invoke/LambdaForm$MH+0x000001de14136000
instanceKlass  @bci com/sun/javafx/fxml/BeanAdapter getMethodName (Ljava/lang/String;Ljava/lang/String;)Ljava/lang/String; 14 <appendix> form names 12 function resolvedHandle form vmentry <vmtarget> ; # java/lang/invoke/LambdaForm$DMH+0x000001de14135c00
instanceKlass  @bci com/sun/javafx/fxml/BeanAdapter getMethodName (Ljava/lang/String;Ljava/lang/String;)Ljava/lang/String; 14 <appendix> argL1 form vmentry <vmtarget> ; # java/lang/invoke/LambdaForm$MH+0x000001de14135800
# instanceKlass java/lang/invoke/LambdaForm$MH+0x000001de14135400
instanceKlass  @bci com/sun/scenario/effect/impl/Renderer getPeerInstance (Lcom/sun/scenario/effect/FilterContext;Ljava/lang/String;I)Lcom/sun/scenario/effect/impl/EffectPeer; 33 <appendix> argL1 form vmentry <vmtarget> ; # java/lang/invoke/LambdaForm$MH+0x000001de14135000
# instanceKlass java/lang/invoke/LambdaForm$MH+0x000001de14134c00
# instanceKlass java/lang/invoke/LambdaForm$MH+0x000001de14134800
# instanceKlass java/lang/invoke/LambdaForm$MH+0x000001de14134400
# instanceKlass java/lang/invoke/LambdaForm$MH+0x000001de14134000
instanceKlass javafx/scene/effect/Effect
instanceKlass javafx/scene/Node$NodeTransformation
instanceKlass com/sun/javafx/scene/EventHandlerProperties
instanceKlass javafx/scene/Node$AccessibilityProperties
instanceKlass javafx/css/CssMetaData
instanceKlass javafx/scene/input/Clipboard
instanceKlass com/sun/javafx/geom/Point2D
instanceKlass javafx/scene/Node$MiscProperties
instanceKlass javafx/scene/Cursor
instanceKlass javafx/event/EventType
instanceKlass javafx/scene/SnapshotParameters
instanceKlass javafx/geometry/Point2D
instanceKlass javafx/css/Selector
instanceKlass javafx/scene/layout/Border
instanceKlass com/sun/javafx/scene/input/PickResultChooser
instanceKlass com/sun/javafx/geom/PickRay
instanceKlass javafx/scene/layout/Background
instanceKlass javafx/scene/layout/BorderWidths
instanceKlass javafx/scene/layout/CornerRadii
instanceKlass com/sun/javafx/fxml/BeanAdapter$MethodCache
instanceKlass com/sun/javafx/fxml/BeanAdapter$1
instanceKlass java/lang/Class$AnnotationData
instanceKlass java/lang/annotation/Documented
instanceKlass javafx/beans/DefaultProperty
instanceKlass com/sun/javafx/beans/IDProperty
instanceKlass java/util/Formattable
instanceKlass java/time/LocalTime$1
instanceKlass sun/util/locale/provider/LocaleResources
instanceKlass java/text/DecimalFormatSymbols
instanceKlass sun/util/resources/Bundles$2
instanceKlass sun/util/resources/Bundles$CacheKeyReference
instanceKlass  @bci sun/util/cldr/CLDRLocaleProviderAdapter applyAliases (Ljava/util/Locale;)Ljava/util/Locale; 4 <appendix> argL0 ; # sun/util/cldr/CLDRLocaleProviderAdapter$$Lambda+0x800000064
instanceKlass sun/util/resources/LocaleData$LocaleDataResourceBundleProvider
instanceKlass java/util/spi/ResourceBundleProvider
instanceKlass sun/util/resources/Bundles$CacheKey
instanceKlass sun/util/resources/Bundles
instanceKlass sun/util/resources/LocaleData$LocaleDataStrategy
instanceKlass sun/util/resources/Bundles$Strategy
instanceKlass sun/util/resources/LocaleData$1
instanceKlass sun/util/resources/LocaleData
instanceKlass java/util/Locale$Builder
instanceKlass sun/util/locale/provider/CalendarDataUtility
instanceKlass java/text/DateFormatSymbols
instanceKlass java/time/LocalDate$1
instanceKlass java/time/ZonedDateTime$1
instanceKlass java/util/Calendar
instanceKlass java/util/Date
instanceKlass java/util/Formatter$FixedString
instanceKlass java/util/Formatter$DateTime
instanceKlass java/util/Formatter$FormatSpecifier
instanceKlass java/util/Formatter$FormatString
instanceKlass java/util/Formatter$Flags
instanceKlass java/util/Formatter$FormatSpecifierParser
instanceKlass java/util/Formatter$Conversion
instanceKlass java/util/Formatter
instanceKlass  @bci jdk/internal/module/SystemModuleFinders$SystemModuleReader open (Ljava/lang/String;)Ljava/util/Optional; 6 <appendix> member <vmtarget> ; # jdk/internal/module/SystemModuleFinders$SystemModuleReader$$Lambda+0x000001de14141000
instanceKlass  @bci java/util/ResourceBundle$ResourceBundleProviderHelper newResourceBundle (Ljava/lang/Class;)Ljava/util/ResourceBundle; 22 <appendix> member <vmtarget> ; # java/util/ResourceBundle$ResourceBundleProviderHelper$$Lambda+0x800000019
instanceKlass java/util/ResourceBundle$3
instanceKlass java/util/logging/Level$RbAccess
instanceKlass  @bci java/util/logging/LogRecord inferCaller ()V 18 <appendix> member <vmtarget> ; # java/util/logging/LogRecord$$Lambda+0x000001de14140730
instanceKlass  @bci java/util/logging/LogRecord$CallerFinder get ()Ljava/util/Optional; 4 <appendix> member <vmtarget> ; # java/util/logging/LogRecord$CallerFinder$$Lambda+0x000001de14140220
instanceKlass  @bci java/util/logging/LogRecord$CallerFinder <clinit> ()V 0 <appendix> argL0 ; # java/util/logging/LogRecord$CallerFinder$$Lambda+0x000001de14140000
instanceKlass java/util/logging/LogRecord$CallerFinder
instanceKlass java/time/ZonedDateTime
instanceKlass java/time/chrono/ChronoZonedDateTime
instanceKlass  @bci java/time/format/DateTimeFormatter <clinit> ()V 1075 <appendix> argL0 ; # java/time/format/DateTimeFormatter$$Lambda+0x800000015
instanceKlass  @bci java/time/format/DateTimeFormatter <clinit> ()V 1067 <appendix> argL0 ; # java/time/format/DateTimeFormatter$$Lambda+0x800000014
instanceKlass java/time/Period
instanceKlass java/time/chrono/ChronoPeriod
instanceKlass java/time/format/DateTimeFormatterBuilder$TextPrinterParser
instanceKlass java/time/format/DateTimeTextProvider$1
instanceKlass java/time/format/DateTimeTextProvider
instanceKlass java/util/AbstractMap$SimpleImmutableEntry
instanceKlass java/time/format/DateTimeTextProvider$LocaleStore
instanceKlass java/time/format/DateTimeFormatterBuilder$InstantPrinterParser
instanceKlass java/time/format/DateTimeFormatterBuilder$StringLiteralPrinterParser
instanceKlass java/time/format/DateTimeFormatterBuilder$ZoneIdPrinterParser
instanceKlass java/time/format/DateTimeFormatterBuilder$OffsetIdPrinterParser
instanceKlass java/time/format/DecimalStyle
instanceKlass java/time/format/DateTimeFormatterBuilder$CharLiteralPrinterParser
instanceKlass java/time/format/DateTimeFormatter
instanceKlass java/time/format/DateTimeFormatterBuilder$CompositePrinterParser
instanceKlass java/time/format/DateTimeFormatterBuilder$NumberPrinterParser
instanceKlass java/time/format/DateTimeFormatterBuilder$DateTimePrinterParser
instanceKlass java/time/temporal/JulianFields
instanceKlass java/time/temporal/IsoFields
instanceKlass  @bci java/time/format/DateTimeFormatterBuilder <clinit> ()V 0 <appendix> argL0 ; # java/time/format/DateTimeFormatterBuilder$$Lambda+0x800000016
instanceKlass java/time/temporal/TemporalQuery
instanceKlass java/time/format/DateTimeFormatterBuilder
instanceKlass java/time/Year
instanceKlass java/time/chrono/AbstractChronology
instanceKlass java/time/chrono/Chronology
instanceKlass java/time/LocalTime
instanceKlass java/time/temporal/ValueRange
instanceKlass java/time/Duration
instanceKlass java/time/temporal/TemporalAmount
instanceKlass java/time/temporal/TemporalUnit
instanceKlass java/time/temporal/TemporalField
instanceKlass java/time/LocalDate
instanceKlass java/time/chrono/ChronoLocalDate
instanceKlass java/time/zone/ZoneOffsetTransition
instanceKlass  @bci java/time/ZoneOffset ofTotalSeconds (I)Ljava/time/ZoneOffset; 37 <appendix> argL0 ; # java/time/ZoneOffset$$Lambda+0x800000013
instanceKlass java/time/LocalDateTime
instanceKlass java/time/chrono/ChronoLocalDateTime
instanceKlass java/time/zone/ZoneOffsetTransitionRule
instanceKlass java/time/zone/ZoneRules
instanceKlass java/time/zone/Ser
instanceKlass java/io/Externalizable
instanceKlass java/time/zone/ZoneRulesProvider$1
instanceKlass java/time/zone/ZoneRulesProvider
instanceKlass sun/util/calendar/ZoneInfoFile$ZoneOffsetTransitionRule
instanceKlass sun/util/calendar/ZoneInfoFile$1
instanceKlass sun/util/calendar/ZoneInfoFile
instanceKlass java/util/TimeZone
instanceKlass java/time/ZoneId
instanceKlass java/util/logging/LogManager$CloseOnReset
instanceKlass java/util/logging/StreamHandler$1
instanceKlass java/util/logging/Handler$1
instanceKlass java/util/logging/ErrorManager
instanceKlass jdk/internal/logger/SimpleConsoleLogger$Formatting
instanceKlass sun/util/logging/PlatformLogger
instanceKlass  @bci java/util/logging/SimpleFormatter <init> ()V 5 <appendix> argL0 ; # java/util/logging/SimpleFormatter$$Lambda+0x000001de140f9320
instanceKlass java/util/logging/Formatter
instanceKlass java/time/Clock
instanceKlass java/time/InstantSource
instanceKlass java/time/Instant
instanceKlass java/time/temporal/TemporalAdjuster
instanceKlass java/time/temporal/Temporal
instanceKlass java/time/temporal/TemporalAccessor
instanceKlass java/util/logging/LogRecord
instanceKlass sun/util/logging/PlatformLogger$ConfigurableBridge$LoggerConfiguration
instanceKlass java/util/logging/LogManager$4
instanceKlass  @bci java/util/logging/Level$KnownLevel findByName (Ljava/lang/String;Ljava/util/function/Function;)Ljava/util/Optional; 29 <appendix> argL0 ; # java/util/logging/Level$KnownLevel$$Lambda+0x80000002c
instanceKlass  @bci java/util/logging/Level findLevel (Ljava/lang/String;)Ljava/util/logging/Level; 13 <appendix> argL0 ; # java/util/logging/Level$$Lambda+0x80000001a
instanceKlass java/util/Hashtable$Enumerator
instanceKlass java/util/Collections$3
instanceKlass java/util/logging/LogManager$LoggerContext$1
instanceKlass java/util/logging/LogManager$VisitedLoggers
instanceKlass java/util/logging/Logger$ConfigurationData
instanceKlass java/util/logging/Logger$LoggerBundle
instanceKlass java/util/logging/Handler
instanceKlass java/util/logging/Logger
instanceKlass java/util/logging/LogManager$2
instanceKlass java/util/logging/LogManager$LoggingProviderAccess
instanceKlass java/util/logging/LogManager$LogNode
instanceKlass java/util/logging/LogManager$LoggerContext
instanceKlass java/util/logging/LogManager$1
instanceKlass  @bci java/util/logging/Level$KnownLevel add (Ljava/util/logging/Level;)V 49 <appendix> argL0 ; # java/util/logging/Level$KnownLevel$$Lambda+0x80000002b
instanceKlass  @bci java/util/logging/Level$KnownLevel add (Ljava/util/logging/Level;)V 19 <appendix> argL0 ; # java/util/logging/Level$KnownLevel$$Lambda+0x80000002a
instanceKlass java/util/logging/Level
instanceKlass java/util/logging/LogManager
instanceKlass jdk/internal/logger/BootstrapLogger$BootstrapExecutors
instanceKlass jdk/internal/logger/BootstrapLogger$RedirectedLoggers
instanceKlass sun/util/logging/internal/LoggingProviderImpl$LogManagerAccess
instanceKlass jdk/internal/logger/BootstrapLogger$DetectBackend$1
instanceKlass jdk/internal/logger/BootstrapLogger$DetectBackend
instanceKlass jdk/internal/logger/BootstrapLogger
instanceKlass sun/util/logging/PlatformLogger$ConfigurableBridge
instanceKlass sun/util/logging/PlatformLogger$Bridge
instanceKlass java/io/FilePermission$1
instanceKlass jdk/internal/access/JavaIOFilePermissionAccess
instanceKlass jdk/internal/logger/LoggerFinderLoader
instanceKlass  @bci java/lang/System$LoggerFinder accessProvider ()Ljava/lang/System$LoggerFinder; 8 <appendix> argL0 ; # java/lang/System$LoggerFinder$$Lambda+0x000001de140f6c88
instanceKlass jdk/internal/logger/DefaultLoggerFinder$1
instanceKlass java/lang/System$LoggerFinder
instanceKlass jdk/internal/logger/LazyLoggers$LazyLoggerFactories
instanceKlass jdk/internal/logger/LazyLoggers$1
instanceKlass jdk/internal/logger/LazyLoggers
instanceKlass com/sun/javafx/logging/PlatformLogger
instanceKlass java/lang/System$Logger
instanceKlass com/sun/javafx/util/Logging
instanceKlass java/util/StringTokenizer
instanceKlass javafx/geometry/Insets
instanceKlass  @bci javafx/scene/layout/Region <init> ()V 6 <appendix> member <vmtarget> ; # javafx/scene/layout/Region$$Lambda+0x000001de1412f970
instanceKlass javafx/scene/layout/Pane$1
instanceKlass com/sun/javafx/geom/Vec2d
instanceKlass javafx/scene/layout/Region$1
instanceKlass javafx/scene/Parent$1
instanceKlass  @bci javafx/scene/PropertyHelper getBooleanProperty (Ljava/lang/String;)Z 1 <appendix> member <vmtarget> ; # javafx/scene/PropertyHelper$$Lambda+0x000001de141267b8
instanceKlass javafx/scene/PropertyHelper
instanceKlass  @bci javafx/scene/Node <clinit> ()V 123 <appendix> argL0 ; # javafx/scene/Node$$Lambda+0x000001de14126390
instanceKlass  @cpi javafx/scene/Node 3291 form vmentry <vmtarget> ; # java/lang/invoke/LambdaForm$DMH+0x000001de14128000
instanceKlass com/sun/javafx/scene/BoundsAccessor
instanceKlass javafx/collections/SetChangeListener$Change
instanceKlass javafx/css/PseudoClass
instanceKlass javafx/geometry/Point3D
instanceKlass com/sun/javafx/scene/transform/TransformHelper
instanceKlass javafx/scene/transform/Transform$1
instanceKlass com/sun/javafx/scene/transform/TransformHelper$TransformAccessor
instanceKlass javafx/scene/transform/Transform
instanceKlass com/sun/javafx/scene/NodeHelper
instanceKlass javafx/scene/Node$1
instanceKlass com/sun/javafx/scene/layout/PaneHelper$PaneAccessor
instanceKlass com/sun/javafx/scene/layout/RegionHelper$RegionAccessor
instanceKlass com/sun/javafx/sg/prism/NGNode
instanceKlass com/sun/javafx/scene/ParentHelper$ParentAccessor
instanceKlass com/sun/javafx/scene/NodeHelper$NodeAccessor
instanceKlass com/sun/javafx/reflect/ConstructorUtil
instanceKlass javafx/scene/shape/Mesh
instanceKlass com/sun/javafx/reflect/ReflectUtil
instanceKlass com/example/commonlisp_ide/StartApp
instanceKlass javafx/fxml/FXMLLoader$Attribute
instanceKlass javafx/beans/value/ChangeListener
instanceKlass javafx/collections/MapChangeListener
instanceKlass javafx/collections/SetChangeListener
instanceKlass javafx/event/EventHandler
instanceKlass java/util/EventListener
instanceKlass javafx/scene/text/Font
instanceKlass javafx/scene/control/Skinnable
instanceKlass java/util/LinkedList$Node
instanceKlass com/sun/org/apache/xerces/internal/util/NamespaceContextWrapper
instanceKlass javax/xml/namespace/NamespaceContext
instanceKlass com/sun/org/apache/xerces/internal/impl/XMLStreamReaderImpl
instanceKlass javax/xml/stream/util/StreamReaderDelegate
instanceKlass  @bci javax/xml/stream/FactoryFinder newInstance (Ljava/lang/Class;Ljava/lang/String;Ljava/lang/ClassLoader;ZZ)Ljava/lang/Object; 104 <appendix> member <vmtarget> ; # javax/xml/stream/FactoryFinder$$Lambda+0x000001de140f4570
instanceKlass javax/xml/catalog/CatalogReader$1
instanceKlass java/nio/charset/StandardCharsets
instanceKlass javax/xml/catalog/Normalizer
instanceKlass com/sun/org/apache/xerces/internal/impl/Constants$ArrayEnumeration
instanceKlass com/sun/org/apache/xerces/internal/impl/Constants
instanceKlass com/sun/org/apache/xerces/internal/parsers/AbstractSAXParser$LocatorProxy
instanceKlass org/xml/sax/ext/Locator2
instanceKlass org/xml/sax/Locator
instanceKlass com/sun/org/apache/xerces/internal/util/XMLSymbols
instanceKlass com/sun/org/apache/xerces/internal/util/XMLChar
instanceKlass com/sun/xml/internal/stream/Entity
instanceKlass com/sun/xml/internal/stream/util/BufferAllocator
instanceKlass com/sun/xml/internal/stream/util/ThreadLocalBufferAllocator
instanceKlass com/sun/org/apache/xerces/internal/impl/XMLEntityManager$EncodingInfo
instanceKlass java/util/TimSort
instanceKlass java/util/Arrays$LegacyMergeSort
instanceKlass java/util/AbstractMap$SimpleEntry
instanceKlass jdk/internal/jimage/ImageBufferCache$2
instanceKlass jdk/internal/jimage/ImageBufferCache
instanceKlass  @bci jdk/xml/internal/SecuritySupport getInputStream (Ljava/net/URLConnection;)Ljava/io/InputStream; 1 <appendix> member <vmtarget> ; # jdk/xml/internal/SecuritySupport$$Lambda+0x000001de140f05a8
instanceKlass  @bci sun/net/www/protocol/jrt/JavaRuntimeURLConnection <clinit> ()V 0 <appendix> argL0 ; # sun/net/www/protocol/jrt/JavaRuntimeURLConnection$$Lambda+0x000001de140effc0
instanceKlass com/sun/org/apache/xerces/internal/util/URI
instanceKlass jdk/xml/internal/XMLLimitAnalyzer
instanceKlass com/sun/org/apache/xerces/internal/xni/parser/XMLInputSource
instanceKlass com/sun/org/apache/xerces/internal/util/ErrorHandlerWrapper
instanceKlass com/sun/org/apache/xerces/internal/xni/parser/XMLErrorHandler
instanceKlass com/sun/org/apache/xerces/internal/impl/ExternalSubsetResolver
instanceKlass com/sun/org/apache/xerces/internal/util/EntityResolverWrapper
instanceKlass org/xml/sax/ext/EntityResolver2
instanceKlass org/xml/sax/InputSource
instanceKlass org/xml/sax/helpers/DefaultHandler
instanceKlass org/xml/sax/ErrorHandler
instanceKlass org/xml/sax/ContentHandler
instanceKlass org/xml/sax/DTDHandler
instanceKlass com/sun/org/apache/xerces/internal/parsers/AbstractSAXParser$AttributesProxy
instanceKlass org/xml/sax/ext/Attributes2
instanceKlass org/xml/sax/Attributes
instanceKlass org/xml/sax/AttributeList
instanceKlass com/sun/org/apache/xerces/internal/util/FeatureState
instanceKlass com/sun/org/apache/xerces/internal/util/PropertyState
instanceKlass com/sun/org/apache/xerces/internal/impl/msg/XMLMessageFormatter
instanceKlass com/sun/org/apache/xerces/internal/util/MessageFormatter
instanceKlass com/sun/org/apache/xerces/internal/impl/XMLVersionDetector
instanceKlass com/sun/org/apache/xerces/internal/impl/validation/ValidationManager
instanceKlass com/sun/org/apache/xerces/internal/impl/dv/dtd/NMTOKENDatatypeValidator
instanceKlass com/sun/org/apache/xerces/internal/impl/dv/dtd/NOTATIONDatatypeValidator
instanceKlass com/sun/org/apache/xerces/internal/impl/dv/dtd/ENTITYDatatypeValidator
instanceKlass com/sun/org/apache/xerces/internal/impl/dv/dtd/ListDatatypeValidator
instanceKlass com/sun/org/apache/xerces/internal/impl/dv/dtd/IDREFDatatypeValidator
instanceKlass com/sun/org/apache/xerces/internal/impl/dv/dtd/IDDatatypeValidator
instanceKlass com/sun/org/apache/xerces/internal/impl/dv/dtd/StringDatatypeValidator
instanceKlass com/sun/org/apache/xerces/internal/impl/dv/DatatypeValidator
instanceKlass com/sun/org/apache/xerces/internal/impl/dv/DTDDVFactory
instanceKlass com/sun/org/apache/xerces/internal/impl/dtd/DTDGrammarBucket
instanceKlass com/sun/org/apache/xerces/internal/impl/dtd/XMLAttributeDecl
instanceKlass com/sun/org/apache/xerces/internal/impl/dtd/XMLSimpleType
instanceKlass com/sun/org/apache/xerces/internal/impl/dtd/XMLElementDecl
instanceKlass com/sun/org/apache/xerces/internal/impl/validation/ValidationState
instanceKlass com/sun/org/apache/xerces/internal/impl/dv/ValidationContext
instanceKlass com/sun/org/apache/xerces/internal/impl/dtd/XMLDTDValidator
instanceKlass com/sun/org/apache/xerces/internal/impl/RevalidationHandler
instanceKlass com/sun/org/apache/xerces/internal/impl/dtd/XMLDTDValidatorFilter
instanceKlass com/sun/org/apache/xerces/internal/xni/parser/XMLDocumentFilter
instanceKlass com/sun/org/apache/xerces/internal/impl/dtd/XMLEntityDecl
instanceKlass com/sun/org/apache/xerces/internal/impl/dtd/XMLDTDProcessor
instanceKlass com/sun/org/apache/xerces/internal/xni/parser/XMLDTDContentModelFilter
instanceKlass com/sun/org/apache/xerces/internal/xni/parser/XMLDTDFilter
instanceKlass com/sun/org/apache/xerces/internal/xni/parser/XMLDTDScanner
instanceKlass com/sun/org/apache/xerces/internal/xni/parser/XMLDTDContentModelSource
instanceKlass com/sun/org/apache/xerces/internal/xni/parser/XMLDTDSource
instanceKlass com/sun/org/apache/xerces/internal/xni/grammars/XMLDTDDescription
instanceKlass com/sun/org/apache/xerces/internal/xni/grammars/XMLGrammarDescription
instanceKlass com/sun/org/apache/xerces/internal/impl/XMLDocumentScannerImpl$TrailingMiscDriver
instanceKlass com/sun/org/apache/xerces/internal/impl/XMLDocumentScannerImpl$PrologDriver
instanceKlass com/sun/org/apache/xerces/internal/impl/XMLDocumentScannerImpl$XMLDeclDriver
instanceKlass com/sun/org/apache/xerces/internal/util/NamespaceSupport
instanceKlass com/sun/org/apache/xerces/internal/xni/NamespaceContext
instanceKlass com/sun/org/apache/xerces/internal/util/XMLAttributesImpl$Attribute
instanceKlass com/sun/org/apache/xerces/internal/util/XMLAttributesImpl
instanceKlass com/sun/org/apache/xerces/internal/xni/XMLAttributes
instanceKlass com/sun/org/apache/xerces/internal/impl/XMLDocumentFragmentScannerImpl$FragmentContentDriver
instanceKlass com/sun/org/apache/xerces/internal/impl/XMLDocumentFragmentScannerImpl$Driver
instanceKlass com/sun/org/apache/xerces/internal/impl/XMLDocumentFragmentScannerImpl$ElementStack2
instanceKlass com/sun/org/apache/xerces/internal/xni/QName
instanceKlass com/sun/org/apache/xerces/internal/impl/XMLDocumentFragmentScannerImpl$ElementStack
instanceKlass com/sun/org/apache/xerces/internal/xni/XMLString
instanceKlass com/sun/org/apache/xerces/internal/impl/XMLScanner
instanceKlass com/sun/xml/internal/stream/XMLBufferListener
instanceKlass com/sun/org/apache/xerces/internal/impl/XMLEntityHandler
instanceKlass com/sun/org/apache/xerces/internal/xni/parser/XMLDocumentScanner
instanceKlass com/sun/org/apache/xerces/internal/xni/parser/XMLDocumentSource
instanceKlass com/sun/org/apache/xerces/internal/impl/XMLErrorReporter
instanceKlass com/sun/org/apache/xerces/internal/impl/XMLEntityScanner
instanceKlass com/sun/org/apache/xerces/internal/xni/XMLLocator
instanceKlass com/sun/xml/internal/stream/XMLEntityStorage
instanceKlass com/sun/org/apache/xerces/internal/util/AugmentationsImpl$AugmentationsItemsContainer
instanceKlass com/sun/org/apache/xerces/internal/util/AugmentationsImpl
instanceKlass com/sun/org/apache/xerces/internal/xni/Augmentations
instanceKlass com/sun/org/apache/xerces/internal/util/XMLResourceIdentifierImpl
instanceKlass com/sun/org/apache/xerces/internal/xni/XMLResourceIdentifier
instanceKlass com/sun/org/apache/xerces/internal/impl/XMLEntityManager
instanceKlass com/sun/org/apache/xerces/internal/xni/parser/XMLEntityResolver
instanceKlass com/sun/org/apache/xerces/internal/xni/parser/XMLComponent
instanceKlass com/sun/org/apache/xerces/internal/util/SymbolTable$Entry
instanceKlass com/sun/org/apache/xerces/internal/util/SymbolTable
instanceKlass jdk/xml/internal/JdkConstants
instanceKlass com/sun/org/apache/xerces/internal/util/ParserConfigurationSettings
instanceKlass com/sun/org/apache/xerces/internal/parsers/XML11Configurable
instanceKlass com/sun/org/apache/xerces/internal/xni/parser/XMLPullParserConfiguration
instanceKlass com/sun/org/apache/xerces/internal/xni/parser/XMLParserConfiguration
instanceKlass com/sun/org/apache/xerces/internal/xni/parser/XMLComponentManager
instanceKlass com/sun/org/apache/xerces/internal/parsers/XMLParser
instanceKlass com/sun/org/apache/xerces/internal/xni/XMLDTDContentModelHandler
instanceKlass com/sun/org/apache/xerces/internal/xni/XMLDTDHandler
instanceKlass com/sun/org/apache/xerces/internal/xni/XMLDocumentHandler
instanceKlass org/xml/sax/XMLReader
instanceKlass org/xml/sax/Parser
instanceKlass javax/xml/parsers/SAXParser
instanceKlass com/sun/org/apache/xerces/internal/xs/PSVIProvider
instanceKlass com/sun/org/apache/xerces/internal/jaxp/JAXPConstants
instanceKlass javax/xml/catalog/CatalogResolver
instanceKlass org/w3c/dom/ls/LSResourceResolver
instanceKlass javax/xml/transform/URIResolver
instanceKlass javax/xml/stream/XMLResolver
instanceKlass org/xml/sax/EntityResolver
instanceKlass javax/xml/catalog/BaseEntry
instanceKlass javax/xml/catalog/Catalog
instanceKlass javax/xml/catalog/CatalogManager
instanceKlass  @bci javax/xml/catalog/CatalogFeatures setProperties (Ljavax/xml/catalog/CatalogFeatures$Builder;)V 5 <appendix> member <vmtarget> ; # javax/xml/catalog/CatalogFeatures$$Lambda+0x000001de140d6dc0
instanceKlass  @bci com/sun/scenario/effect/impl/RendererFactory createPrismRenderer (Lcom/sun/scenario/effect/FilterContext;)Lcom/sun/scenario/effect/impl/Renderer; 9 <appendix> form vmentry <vmtarget> ; # java/lang/invoke/LambdaForm$MH+0x000001de14108000
instanceKlass javax/xml/catalog/CatalogMessages
instanceKlass javax/xml/catalog/Util
instanceKlass javax/xml/catalog/CatalogFeatures$Builder
instanceKlass javax/xml/catalog/CatalogFeatures
instanceKlass com/sun/org/apache/xerces/internal/utils/XMLSecurityPropertyManager
instanceKlass javax/xml/parsers/SAXParserFactory
instanceKlass jdk/xml/internal/JdkXmlUtils
instanceKlass  @bci jdk/xml/internal/SecuritySupport getResource (Ljava/lang/String;)Ljava/net/URL; 1 <appendix> member <vmtarget> ; # jdk/xml/internal/SecuritySupport$$Lambda+0x000001de140d4968
instanceKlass jdk/xml/internal/JdkCatalog
instanceKlass java/util/Collections$UnmodifiableMap$UnmodifiableEntrySet$UnmodifiableEntry
instanceKlass  @bci java/util/Collections$UnmodifiableMap$UnmodifiableEntrySet entryConsumer (Ljava/util/function/Consumer;)Ljava/util/function/Consumer; 1 <appendix> member <vmtarget> ; # java/util/Collections$UnmodifiableMap$UnmodifiableEntrySet$$Lambda+0x000001de140d3600
instanceKlass  @bci java/util/stream/Collectors uniqKeysMapMerger ()Ljava/util/function/BinaryOperator; 0 <appendix> argL0 ; # java/util/stream/Collectors$$Lambda+0x000001de140d33b8
instanceKlass  @bci java/util/stream/Collectors uniqKeysMapAccumulator (Ljava/util/function/Function;Ljava/util/function/Function;)Ljava/util/function/BiConsumer; 2 <appendix> member <vmtarget> ; # java/util/stream/Collectors$$Lambda+0x000001de140d3180
instanceKlass  @bci java/util/stream/Collectors toMap (Ljava/util/function/Function;Ljava/util/function/Function;)Ljava/util/stream/Collector; 4 <appendix> argL0 ; # java/util/stream/Collectors$$Lambda+0x000001de140d2f60
instanceKlass  @bci jdk/xml/internal/XMLSecurityManager$StringMapper <init> (Ljava/util/Map;)V 30 <appendix> argL0 ; # jdk/xml/internal/XMLSecurityManager$StringMapper$$Lambda+0x000001de140d2d20
instanceKlass  @bci jdk/xml/internal/XMLSecurityManager$StringMapper <init> (Ljava/util/Map;)V 25 <appendix> argL0 ; # jdk/xml/internal/XMLSecurityManager$StringMapper$$Lambda+0x000001de140d2ae0
instanceKlass java/util/Collections$UnmodifiableMap$UnmodifiableEntrySet$UnmodifiableEntrySetSpliterator
instanceKlass jdk/xml/internal/XMLSecurityManager$ValueMapper
instanceKlass jdk/xml/internal/XMLSecurityManager
instanceKlass com/sun/org/apache/xerces/internal/impl/PropertyManager
instanceKlass  @bci jdk/xml/internal/SecuritySupport getContextClassLoader ()Ljava/lang/ClassLoader; 0 <appendix> argL0 ; # jdk/xml/internal/SecuritySupport$$Lambda+0x000001de140d1018
instanceKlass  @bci javax/xml/stream/FactoryFinder find (Ljava/lang/Class;Ljava/lang/String;Ljava/lang/ClassLoader;Ljava/lang/String;)Ljava/lang/Object; 168 <appendix> member <vmtarget> ; # javax/xml/stream/FactoryFinder$$Lambda+0x000001de140d0df0
instanceKlass jdk/internal/loader/URLClassPath$1
instanceKlass java/lang/CompoundEnumeration
instanceKlass jdk/internal/loader/BuiltinClassLoader$1
instanceKlass jdk/internal/loader/BuiltinClassLoader$2
instanceKlass java/util/Spliterators$1Adapter
instanceKlass javax/xml/stream/FactoryFinder$1
instanceKlass  @bci jdk/xml/internal/SecuritySupport getFileInputStream (Ljava/io/File;)Ljava/io/FileInputStream; 1 <appendix> member <vmtarget> ; # jdk/xml/internal/SecuritySupport$$Lambda+0x000001de140d0018
instanceKlass  @bci jdk/xml/internal/SecuritySupport doesFileExist (Ljava/io/File;)Z 1 <appendix> member <vmtarget> ; # jdk/xml/internal/SecuritySupport$$Lambda+0x000001de140cfdf0
instanceKlass  @bci javax/xml/stream/FactoryFinder find (Ljava/lang/Class;Ljava/lang/String;Ljava/lang/ClassLoader;Ljava/lang/String;)Ljava/lang/Object; 1 <appendix> member <vmtarget> ; # javax/xml/stream/FactoryFinder$$Lambda+0x000001de140cfbc8
instanceKlass  @bci jdk/xml/internal/SecuritySupport getSystemProperty (Ljava/lang/String;)Ljava/lang/String; 1 <appendix> member <vmtarget> ; # jdk/xml/internal/SecuritySupport$$Lambda+0x000001de140cf9a0
instanceKlass jdk/xml/internal/SecuritySupport
instanceKlass javax/xml/stream/FactoryFinder
instanceKlass javax/xml/stream/XMLInputFactory
instanceKlass sun/net/www/MessageHeader
instanceKlass java/net/URLConnection
instanceKlass  @bci javafx/scene/Scene <clinit> ()V 76 <appendix> argL0 ; # javafx/scene/Scene$$Lambda+0x000001de141046e0
instanceKlass com/sun/javafx/scene/SceneHelper
instanceKlass javafx/scene/Scene$2
instanceKlass javafx/scene/input/InputMethodRequests
instanceKlass com/sun/javafx/tk/TKDropTargetListener
instanceKlass com/sun/javafx/tk/TKScenePaintListener
instanceKlass com/sun/javafx/tk/TKSceneListener
instanceKlass javafx/css/StyleableProperty
instanceKlass com/sun/glass/ui/Accessible$EventHandler
instanceKlass com/sun/javafx/scene/SceneHelper$SceneAccessor
instanceKlass com/sun/javafx/perf/PerformanceTracker$SceneAccessor
instanceKlass com/sun/javafx/scene/traversal/TraversalEngine
instanceKlass javafx/scene/Scene
instanceKlass javafx/fxml/FXMLLoader$ControllerAccessor
instanceKlass com/sun/javafx/collections/ObservableMapWrapper
instanceKlass com/sun/javafx/fxml/FXMLLoaderHelper
instanceKlass javafx/fxml/FXMLLoader$2
instanceKlass  @bci javafx/fxml/FXMLLoader <clinit> ()V 72 <appendix> argL0 ; # javafx/fxml/FXMLLoader$$Lambda+0x000001de140ae760
instanceKlass javafx/fxml/FXMLLoader$1
instanceKlass java/util/Collections$SynchronizedCollection
instanceKlass java/util/Properties$EntrySet
instanceKlass  @bci java/util/ResourceBundle$ResourceBundleProviderHelper loadPropertyResourceBundle (Ljava/lang/Module;Ljava/lang/Module;Ljava/lang/String;Ljava/util/Locale;)Ljava/util/ResourceBundle; 14 <appendix> member <vmtarget> ; # java/util/ResourceBundle$ResourceBundleProviderHelper$$Lambda+0x000001de140cd690
instanceKlass sun/security/util/SecurityProperties
instanceKlass sun/security/util/FilePermCompat
instanceKlass  @bci java/util/ResourceBundle$ResourceBundleProviderHelper loadResourceBundle (Ljava/lang/Module;Ljava/lang/Module;Ljava/lang/String;Ljava/util/Locale;)Ljava/util/ResourceBundle; 13 <appendix> member <vmtarget> ; # java/util/ResourceBundle$ResourceBundleProviderHelper$$Lambda+0x000001de140cd078
instanceKlass java/util/ResourceBundle$ResourceBundleProviderHelper
instanceKlass  @bci java/util/ResourceBundle$Control getCandidateLocales (Ljava/lang/String;Ljava/util/Locale;)Ljava/util/List; 23 <appendix> argL0 ; # java/util/ResourceBundle$Control$$Lambda+0x800000017
instanceKlass java/util/ResourceBundle$CacheKeyReference
instanceKlass java/util/ResourceBundle$CacheKey
instanceKlass  @bci java/util/ResourceBundle getLoader (Ljava/lang/Module;)Ljava/lang/ClassLoader; 6 <appendix> member <vmtarget> ; # java/util/ResourceBundle$$Lambda+0x000001de140cc7d0
instanceKlass  @bci java/util/ResourceBundle$Control <clinit> ()V 55 <appendix> argL0 ; # java/util/ResourceBundle$Control$$Lambda+0x800000018
instanceKlass java/util/ResourceBundle$Control
instanceKlass java/util/ResourceBundle$1
instanceKlass jdk/internal/access/JavaUtilResourceBundleAccess
instanceKlass  @bci java/util/stream/ReferencePipeline toArray ()[Ljava/lang/Object; 1 <appendix> argL0 ; # java/util/stream/ReferencePipeline$$Lambda+0x000001de140cc5b0
instanceKlass java/util/ImmutableCollections$Access$1
instanceKlass jdk/internal/access/JavaUtilCollectionAccess
instanceKlass java/util/ImmutableCollections$Access
instanceKlass  @bci com/sun/javafx/application/WindowsHighContrastScheme <clinit> ()V 92 <appendix> argL0 ; # com/sun/javafx/application/WindowsHighContrastScheme$$Lambda+0x000001de140ae2f0
instanceKlass java/util/ResourceBundle
instanceKlass  @bci sun/util/locale/provider/JRELocaleProviderAdapter getCalendarDataProvider ()Ljava/util/spi/CalendarDataProvider; 8 <appendix> member <vmtarget> ; # sun/util/locale/provider/JRELocaleProviderAdapter$$Lambda+0x000001de140cbd48
instanceKlass  @bci sun/util/cldr/CLDRLocaleProviderAdapter getCalendarDataProvider ()Ljava/util/spi/CalendarDataProvider; 8 <appendix> member <vmtarget> ; # sun/util/cldr/CLDRLocaleProviderAdapter$$Lambda+0x800000067
instanceKlass  @bci sun/util/locale/provider/JRELocaleProviderAdapter getTimeZoneNameProvider ()Ljava/util/spi/TimeZoneNameProvider; 8 <appendix> member <vmtarget> ; # sun/util/locale/provider/JRELocaleProviderAdapter$$Lambda+0x000001de140cbb20
instanceKlass  @bci sun/util/cldr/CLDRLocaleProviderAdapter getTimeZoneNameProvider ()Ljava/util/spi/TimeZoneNameProvider; 8 <appendix> member <vmtarget> ; # sun/util/cldr/CLDRLocaleProviderAdapter$$Lambda+0x000001de140cb478
instanceKlass  @bci sun/util/locale/provider/JRELocaleProviderAdapter getLocaleNameProvider ()Ljava/util/spi/LocaleNameProvider; 8 <appendix> member <vmtarget> ; # sun/util/locale/provider/JRELocaleProviderAdapter$$Lambda+0x000001de140cafe0
instanceKlass  @bci sun/util/locale/provider/JRELocaleProviderAdapter getCurrencyNameProvider ()Ljava/util/spi/CurrencyNameProvider; 8 <appendix> member <vmtarget> ; # sun/util/locale/provider/JRELocaleProviderAdapter$$Lambda+0x000001de140cab68
instanceKlass  @bci sun/util/locale/provider/FallbackLocaleProviderAdapter getAvailableLocales ()[Ljava/util/Locale; 21 <appendix> argL0 ; # sun/util/locale/provider/FallbackLocaleProviderAdapter$$Lambda+0x000001de140ca948
instanceKlass java/util/stream/Streams$2
instanceKlass java/util/stream/Streams$ConcatSpliterator
instanceKlass java/util/Locale$LocaleKey
instanceKlass sun/util/locale/Extension
instanceKlass sun/util/locale/LocaleExtensions
instanceKlass sun/util/locale/provider/JRELocaleConstants
instanceKlass  @bci sun/util/locale/provider/JRELocaleProviderAdapter createAvailableLocales ()[Ljava/util/Locale; 50 <appendix> argL0 ; # sun/util/locale/provider/JRELocaleProviderAdapter$$Lambda+0x000001de140c94d8
instanceKlass  @bci sun/util/locale/provider/JRELocaleProviderAdapter createAvailableLocales ()[Ljava/util/Locale; 35 <appendix> argL0 ; # sun/util/locale/provider/JRELocaleProviderAdapter$$Lambda+0x000001de140c9298
instanceKlass java/util/Spliterators$ArraySpliterator
instanceKlass sun/util/locale/provider/JRELocaleProviderAdapter$AvailableJRELocales
instanceKlass java/util/stream/Nodes$ArrayNode
instanceKlass  @bci sun/util/cldr/CLDRLocaleProviderAdapter getAvailableLocales ()[Ljava/util/Locale; 27 <appendix> argL0 ; # sun/util/cldr/CLDRLocaleProviderAdapter$$Lambda+0x000001de140c8860
instanceKlass  @bci sun/util/cldr/CLDRLocaleProviderAdapter getAvailableLocales ()[Ljava/util/Locale; 17 <appendix> argL0 ; # sun/util/cldr/CLDRLocaleProviderAdapter$$Lambda+0x000001de140c8620
instanceKlass  @bci sun/util/locale/provider/JRELocaleProviderAdapter getNumberFormatProvider ()Ljava/text/spi/NumberFormatProvider; 8 <appendix> member <vmtarget> ; # sun/util/locale/provider/JRELocaleProviderAdapter$$Lambda+0x80000006c
instanceKlass  @bci sun/util/locale/provider/JRELocaleProviderAdapter getDecimalFormatSymbolsProvider ()Ljava/text/spi/DecimalFormatSymbolsProvider; 8 <appendix> member <vmtarget> ; # sun/util/locale/provider/JRELocaleProviderAdapter$$Lambda+0x80000006b
instanceKlass  @bci sun/util/locale/provider/JRELocaleProviderAdapter getDateFormatSymbolsProvider ()Ljava/text/spi/DateFormatSymbolsProvider; 8 <appendix> member <vmtarget> ; # sun/util/locale/provider/JRELocaleProviderAdapter$$Lambda+0x80000006a
instanceKlass  @bci sun/util/locale/provider/JRELocaleProviderAdapter getDateFormatProvider ()Ljava/text/spi/DateFormatProvider; 8 <appendix> member <vmtarget> ; # sun/util/locale/provider/JRELocaleProviderAdapter$$Lambda+0x800000069
instanceKlass  @bci sun/util/locale/provider/JRELocaleProviderAdapter getCollatorProvider ()Ljava/text/spi/CollatorProvider; 8 <appendix> member <vmtarget> ; # sun/util/locale/provider/JRELocaleProviderAdapter$$Lambda+0x000001de140c81b0
instanceKlass java/util/stream/Node$Builder
instanceKlass java/util/stream/AbstractSpinedBuffer
instanceKlass java/util/stream/Node$OfDouble
instanceKlass java/util/stream/Node$OfLong
instanceKlass java/util/stream/Node$OfInt
instanceKlass java/util/stream/Node$OfPrimitive
instanceKlass java/util/stream/Nodes$EmptyNode
instanceKlass java/util/stream/Node
instanceKlass java/util/stream/Nodes
instanceKlass  @bci sun/util/locale/provider/LocaleProviderAdapter toLocaleArray (Ljava/util/Set;)[Ljava/util/Locale; 21 <appendix> argL0 ; # sun/util/locale/provider/LocaleProviderAdapter$$Lambda+0x80000006e
instanceKlass java/util/stream/DistinctOps
instanceKlass  @bci sun/util/locale/provider/LocaleProviderAdapter toLocaleArray (Ljava/util/Set;)[Ljava/util/Locale; 6 <appendix> argL0 ; # sun/util/locale/provider/LocaleProviderAdapter$$Lambda+0x80000006d
instanceKlass java/util/Collections$EmptyEnumeration
instanceKlass sun/util/resources/provider/NonBaseLocaleDataMetaInfo
instanceKlass  @bci sun/util/locale/provider/JRELocaleProviderAdapter createSupportedLocaleString (Ljava/lang/String;)Ljava/lang/String; 6 <appendix> member <vmtarget> ; # sun/util/locale/provider/JRELocaleProviderAdapter$$Lambda+0x000001de140c7f88
instanceKlass sun/util/locale/provider/BaseLocaleDataMetaInfo
instanceKlass sun/util/locale/provider/AvailableLanguageTags
instanceKlass  @bci sun/util/locale/provider/FallbackLocaleProviderAdapter getBreakIteratorProvider ()Ljava/text/spi/BreakIteratorProvider; 8 <appendix> member <vmtarget> ; # sun/util/locale/provider/FallbackLocaleProviderAdapter$$Lambda+0x000001de140c78a8
instanceKlass java/util/ServiceLoader$ProviderImpl
instanceKlass java/util/ServiceLoader$Provider
instanceKlass java/util/ServiceLoader$1
instanceKlass sun/util/resources/cldr/provider/CLDRLocaleDataMetaInfo
instanceKlass java/util/ServiceLoader$3
instanceKlass java/util/ServiceLoader$2
instanceKlass java/util/ServiceLoader$LazyClassPathLookupIterator
instanceKlass java/util/ServiceLoader$ModuleServicesLookupIterator
instanceKlass java/util/ServiceLoader
instanceKlass  @bci sun/util/cldr/CLDRLocaleProviderAdapter <init> ()V 4 <appendix> argL0 ; # sun/util/cldr/CLDRLocaleProviderAdapter$$Lambda+0x800000066
instanceKlass sun/util/locale/InternalLocaleBuilder$CaseInsensitiveChar
instanceKlass sun/util/locale/InternalLocaleBuilder
instanceKlass sun/util/locale/StringTokenIterator
instanceKlass sun/util/locale/ParseStatus
instanceKlass sun/util/locale/LanguageTag
instanceKlass sun/util/cldr/CLDRBaseLocaleDataMetaInfo
instanceKlass sun/util/locale/provider/LocaleDataMetaInfo
instanceKlass sun/util/locale/provider/ResourceBundleBasedAdapter
instanceKlass sun/util/locale/provider/LocaleProviderAdapter
instanceKlass sun/util/locale/provider/LocaleServiceProviderPool$AllAvailableLocales
instanceKlass java/util/spi/LocaleServiceProvider
instanceKlass sun/util/locale/provider/LocaleServiceProviderPool
instanceKlass com/sun/javafx/application/PlatformImpl$2
instanceKlass javafx/application/Platform
instanceKlass javafx/util/Builder
instanceKlass javafx/fxml/JavaFXBuilderFactory
instanceKlass  @bci java/util/regex/CharPredicates ASCII_SPACE ()Ljava/util/regex/Pattern$BmpCharPredicate; 0 <appendix> argL0 ; # java/util/regex/CharPredicates$$Lambda+0x80000002f
instanceKlass  @bci javafx/fxml/FXMLLoader <clinit> ()V 13 <appendix> argL0 ; # javafx/fxml/FXMLLoader$$Lambda+0x000001de140ad018
instanceKlass javax/script/Bindings
instanceKlass jdk/internal/jimage/ImageLocation
instanceKlass jdk/internal/jimage/decompressor/Decompressor
instanceKlass jdk/internal/jimage/ImageStringsReader
instanceKlass jdk/internal/jimage/ImageStrings
instanceKlass jdk/internal/jimage/ImageHeader
instanceKlass jdk/internal/jimage/NativeImageBuffer$1
instanceKlass jdk/internal/jimage/NativeImageBuffer
instanceKlass jdk/internal/jimage/BasicImageReader$1
instanceKlass jdk/internal/jimage/BasicImageReader
instanceKlass jdk/internal/jimage/ImageReader
instanceKlass jdk/internal/jimage/ImageReaderFactory$1
instanceKlass java/nio/file/FileSystems$DefaultFileSystemHolder$1
instanceKlass java/nio/file/FileSystems$DefaultFileSystemHolder
instanceKlass java/nio/file/Paths
instanceKlass jdk/internal/jimage/ImageReaderFactory
instanceKlass jdk/internal/module/SystemModuleFinders$SystemImage
instanceKlass jdk/internal/module/SystemModuleFinders$SystemModuleReader
instanceKlass javax/xml/stream/XMLStreamReader
instanceKlass javax/xml/stream/XMLStreamConstants
instanceKlass javafx/fxml/FXMLLoader$Element
instanceKlass com/sun/javafx/fxml/FXMLLoaderHelper$FXMLLoaderAccessor
instanceKlass javafx/util/BuilderFactory
instanceKlass javafx/fxml/FXMLLoader
instanceKlass  @bci com/sun/javafx/collections/VetoableListDecorator <init> (Ljavafx/collections/ObservableList;)V 14 <appendix> member <vmtarget> ; # com/sun/javafx/collections/VetoableListDecorator$$Lambda+0x000001de140aa3c8
instanceKlass  @bci com/sun/javafx/collections/TrackableObservableList <init> ()V 13 <appendix> member <vmtarget> ; # com/sun/javafx/collections/TrackableObservableList$$Lambda+0x000001de140aa1a0
instanceKlass com/sun/javafx/collections/VetoableListDecorator$ModCountAccessor
instanceKlass com/sun/javafx/collections/VetoableListDecorator
instanceKlass com/sun/javafx/event/EventDispatchChainImpl
instanceKlass javafx/event/EventDispatchChain
instanceKlass com/sun/javafx/event/BasicEventDispatcher
instanceKlass javafx/event/EventDispatcher
instanceKlass java/util/EventObject
instanceKlass javafx/beans/binding/NumberBinding
instanceKlass javafx/stage/Window$TKBoundsConfigurator
instanceKlass com/sun/javafx/tk/TKPulseListener
instanceKlass javafx/stage/Stage$2
instanceKlass javafx/stage/Stage$1
instanceKlass com/sun/javafx/stage/WindowHelper
instanceKlass javafx/stage/Window$1
instanceKlass com/sun/javafx/stage/WindowPeerListener
instanceKlass com/sun/javafx/tk/TKStageListener
instanceKlass javafx/beans/binding/StringExpression
instanceKlass javafx/beans/value/ObservableStringValue
instanceKlass javafx/beans/value/WritableStringValue
instanceKlass com/sun/javafx/stage/StagePeerListener$StageAccessor
instanceKlass com/sun/javafx/stage/StageHelper$StageAccessor
instanceKlass javafx/scene/Node
instanceKlass javafx/css/Styleable
instanceKlass com/sun/javafx/stage/WindowHelper$WindowAccessor
instanceKlass javafx/beans/value/WritableDoubleValue
instanceKlass javafx/beans/value/WritableNumberValue
instanceKlass  @bci com/sun/javafx/application/LauncherImpl launchApplication1 (Ljava/lang/Class;Ljava/lang/Class;[Ljava/lang/String;)V 415 <appendix> member <vmtarget> ; # com/sun/javafx/application/LauncherImpl$$Lambda+0x000001de1408f548
instanceKlass  @bci com/sun/javafx/application/PlatformImpl setApplicationName (Ljava/lang/Class;)V 1 <appendix> member <vmtarget> ; # com/sun/javafx/application/PlatformImpl$$Lambda+0x000001de1408f320
instanceKlass  @bci com/sun/javafx/application/LauncherImpl launchApplication1 (Ljava/lang/Class;Ljava/lang/Class;[Ljava/lang/String;)V 303 <appendix> member <vmtarget> ; # com/sun/javafx/application/LauncherImpl$$Lambda+0x000001de1408f0f8
instanceKlass com/sun/javafx/application/LauncherImpl$1
instanceKlass  @bci com/sun/javafx/application/LauncherImpl launchApplication (Ljava/lang/Class;Ljava/lang/Class;[Ljava/lang/String;)V 109 <appendix> member <vmtarget> ; # com/sun/javafx/application/LauncherImpl$$Lambda+0x000001de1408ec90
instanceKlass  @bci com/sun/javafx/application/LauncherImpl launchApplication (Ljava/lang/Class;[Ljava/lang/String;)V 8 <appendix> argL0 ; # com/sun/javafx/application/LauncherImpl$$Lambda+0x000001de1408ea70
instanceKlass java/lang/StackTraceElement$HashedModules
# instanceKlass java/lang/invoke/LambdaForm$MH+0x000001de14091000
# instanceKlass java/lang/invoke/LambdaForm$MH+0x000001de14090c00
# instanceKlass java/lang/invoke/LambdaForm$MH+0x000001de14090800
instanceKlass javafx/stage/Window
instanceKlass javafx/event/EventTarget
# instanceKlass java/lang/invoke/LambdaForm$MH+0x000001de14090400
# instanceKlass java/lang/invoke/LambdaForm$MH+0x000001de14090000
# instanceKlass java/lang/invoke/LambdaForm$MH+0x000001de1408dc00
instanceKlass java/lang/annotation/Target
# instanceKlass java/lang/invoke/LambdaForm$MH+0x000001de1408d800
instanceKlass java/lang/reflect/Proxy$ProxyBuilder$1
instanceKlass jdk/internal/classfile/impl/TemporaryConstantPool
instanceKlass  @bci jdk/internal/classfile/impl/StackMapDecoder writeTypeInfo (Ljdk/internal/classfile/impl/BufWriterImpl;Ljava/lang/classfile/attribute/StackMapFrameInfo$VerificationTypeInfo;)V 21 <appendix> argL0 member <vmtarget> ; # jdk/internal/classfile/impl/StackMapDecoder$$TypeSwitch+0x000001de140c52e0
instanceKlass java/lang/classfile/attribute/StackMapFrameInfo$UninitializedVerificationTypeInfo
instanceKlass jdk/internal/classfile/impl/StackMapDecoder
instanceKlass jdk/internal/classfile/impl/StackCounter
instanceKlass  @bci java/lang/reflect/ProxyGenerator lambda$generateLookupAccessor$6 (Ljava/lang/classfile/MethodBuilder;)V 30 <appendix> member <vmtarget> ; # java/lang/reflect/ProxyGenerator$$Lambda+0x000001de140c4420
instanceKlass  @bci java/lang/reflect/ProxyGenerator generateLookupAccessor (Ljava/lang/classfile/ClassBuilder;)V 10 <appendix> member <vmtarget> ; # java/lang/reflect/ProxyGenerator$$Lambda+0x000001de140c41e8
instanceKlass java/lang/classfile/constantpool/StringEntry
instanceKlass java/lang/classfile/instruction/StoreInstruction
instanceKlass java/lang/classfile/constantpool/DoubleEntry
instanceKlass java/lang/classfile/constantpool/LongEntry
instanceKlass java/lang/classfile/constantpool/ConstantValueEntry
instanceKlass java/lang/classfile/instruction/ConstantInstruction$LoadConstantInstruction
instanceKlass  @bci java/lang/reflect/ProxyGenerator generateStaticInitializer (Ljava/lang/classfile/ClassBuilder;)V 10 <appendix> member <vmtarget> ; # java/lang/reflect/ProxyGenerator$$Lambda+0x000001de140c2ae0
instanceKlass java/lang/classfile/instruction/ArrayStoreInstruction
instanceKlass java/lang/classfile/instruction/NewReferenceArrayInstruction
instanceKlass java/lang/classfile/attribute/StackMapTableAttribute
instanceKlass java/lang/classfile/attribute/StackMapFrameInfo
instanceKlass java/lang/classfile/instruction/NewObjectInstruction
instanceKlass java/lang/classfile/instruction/ThrowInstruction
instanceKlass java/lang/classfile/instruction/ExceptionCatch
instanceKlass java/lang/classfile/instruction/FieldInstruction
instanceKlass  @bci java/lang/reflect/ProxyGenerator$ProxyMethod lambda$generateMethod$1 (Ljava/util/List;Ljava/lang/classfile/MethodBuilder;)V 31 <appendix> member <vmtarget> ; # java/lang/reflect/ProxyGenerator$ProxyMethod$$Lambda+0x000001de1407fcc0
instanceKlass  @bci com/example/commonlisp_ide/DesignWindow initialize ()V 194 <bsm> form vmentry <vmtarget> ; # java/lang/invoke/LambdaForm$DMH+0x000001de1408d400
instanceKlass java/lang/invoke/MethodHandle$1
instanceKlass java/lang/classfile/attribute/ExceptionsAttribute
instanceKlass  @bci java/lang/reflect/ProxyGenerator$ProxyMethod generateMethod (Ljava/lang/classfile/ClassBuilder;)V 90 <appendix> member <vmtarget> ; # java/lang/reflect/ProxyGenerator$ProxyMethod$$Lambda+0x000001de1407f118
instanceKlass jdk/internal/classfile/impl/TerminalFieldBuilder
instanceKlass  @bci java/lang/classfile/ClassBuilder withField (Ljava/lang/String;Ljava/lang/constant/ClassDesc;I)Ljava/lang/classfile/ClassBuilder; 4 <appendix> member <vmtarget> ; # java/lang/classfile/ClassBuilder$$Lambda+0x000001de1407e9a0
instanceKlass  @cpi java/lang/classfile/ClassBuilder 205 form vmentry <vmtarget> ; # java/lang/invoke/LambdaForm$DMH+0x000001de1408d000
instanceKlass java/lang/classfile/FieldBuilder
instanceKlass  @bci java/lang/reflect/ProxyGenerator generateConstructor (Ljava/lang/classfile/ClassBuilder;)V 8 <appendix> member <vmtarget> ; # java/lang/reflect/ProxyGenerator$$Lambda+0x000001de1407e568
instanceKlass java/lang/classfile/Interfaces
instanceKlass java/lang/classfile/Superclass
instanceKlass  @bci java/lang/reflect/ProxyGenerator generateClassFile ()[B 188 <appendix> member <vmtarget> ; # java/lang/reflect/ProxyGenerator$$Lambda+0x000001de1407da80
instanceKlass  @bci java/lang/reflect/ProxyGenerator addProxyMethod (Ljava/lang/reflect/Method;Ljava/lang/Class;)V 23 <appendix> argL0 ; # java/lang/reflect/ProxyGenerator$$Lambda+0x000001de1407d840
instanceKlass  @bci java/lang/reflect/ProxyGenerator addProxyMethod (Ljava/lang/reflect/ProxyGenerator$ProxyMethod;)V 10 <appendix> argL0 ; # java/lang/reflect/ProxyGenerator$$Lambda+0x000001de1407d600
instanceKlass java/lang/reflect/ProxyGenerator$ProxyMethod
instanceKlass java/lang/classfile/constantpool/InterfaceMethodRefEntry
instanceKlass java/lang/classfile/constantpool/FieldRefEntry
instanceKlass java/lang/classfile/attribute/StackMapFrameInfo$ObjectVerificationTypeInfo
instanceKlass java/lang/classfile/attribute/StackMapFrameInfo$VerificationTypeInfo
instanceKlass  @bci jdk/internal/classfile/impl/StackMapDecoder writeTypeInfo (Ljdk/internal/classfile/impl/BufWriterImpl;Ljava/lang/classfile/attribute/StackMapFrameInfo$VerificationTypeInfo;)V 21 <appendix> form vmentry <vmtarget> ; # java/lang/invoke/LambdaForm$MH+0x000001de1408cc00
# instanceKlass java/lang/invoke/LambdaForm$MH+0x000001de1408c800
instanceKlass java/lang/runtime/SwitchBootstraps$ResolvedEnumLabels
instanceKlass  @bci jdk/internal/classfile/impl/ClassFileImpl withOptions ([Ljava/lang/classfile/ClassFile$Option;)Ljdk/internal/classfile/impl/ClassFileImpl; 99 <appendix> argL0 member <vmtarget> ; # jdk/internal/classfile/impl/ClassFileImpl$$TypeSwitch+0x000001de1407bcb0
instanceKlass jdk/internal/org/objectweb/asm/ClassReader
instanceKlass jdk/internal/classfile/impl/ClassReaderImpl
instanceKlass java/lang/classfile/ClassReader
instanceKlass jdk/internal/classfile/impl/RawBytecodeHelper
instanceKlass java/util/BitSet
instanceKlass jdk/internal/classfile/impl/StackMapGenerator$Frame
instanceKlass jdk/internal/classfile/impl/ClassHierarchyImpl$CachedClassHierarchyResolver$1
instanceKlass java/lang/classfile/ClassHierarchyResolver$ClassHierarchyInfo
instanceKlass jdk/internal/classfile/impl/ClassHierarchyImpl$CachedClassHierarchyResolver
instanceKlass jdk/internal/classfile/impl/StackMapGenerator
instanceKlass jdk/internal/classfile/impl/DirectCodeBuilder$8
instanceKlass jdk/internal/classfile/impl/AbstractAttributeMapper
instanceKlass java/lang/classfile/AttributeMapper
instanceKlass java/lang/classfile/Attributes
instanceKlass java/lang/classfile/Attribute
instanceKlass java/lang/classfile/instruction/TypeCheckInstruction
instanceKlass java/lang/classfile/instruction/TableSwitchInstruction
instanceKlass java/util/ReverseOrderListView
instanceKlass java/lang/classfile/instruction/SwitchCase
instanceKlass java/lang/classfile/instruction/ReturnInstruction
instanceKlass java/lang/classfile/instruction/ConstantInstruction$IntrinsicConstantInstruction
instanceKlass java/lang/classfile/instruction/BranchInstruction
instanceKlass java/lang/classfile/instruction/StackInstruction
instanceKlass java/lang/classfile/instruction/InvokeInstruction
instanceKlass java/lang/classfile/constantpool/MethodRefEntry
instanceKlass java/lang/classfile/constantpool/MemberRefEntry
instanceKlass java/lang/classfile/constantpool/NameAndTypeEntry
instanceKlass java/lang/classfile/instruction/ConstantInstruction$ArgumentConstantInstruction
instanceKlass java/lang/classfile/instruction/ConstantInstruction
instanceKlass java/lang/classfile/CodeBuilder$1
instanceKlass jdk/internal/classfile/impl/BytecodeHelpers$1
instanceKlass jdk/internal/classfile/impl/BytecodeHelpers
instanceKlass java/lang/classfile/instruction/LoadInstruction
instanceKlass java/lang/classfile/Instruction
instanceKlass java/lang/classfile/instruction/LabelTarget
instanceKlass java/lang/classfile/PseudoInstruction
instanceKlass java/lang/classfile/CodeElement
instanceKlass java/lang/classfile/Label
instanceKlass jdk/internal/classfile/impl/BufWriterImpl
instanceKlass java/lang/classfile/BufWriter
instanceKlass jdk/internal/classfile/impl/TerminalCodeBuilder
instanceKlass jdk/internal/classfile/impl/LabelContext
instanceKlass jdk/internal/classfile/impl/MethodInfo
instanceKlass jdk/internal/classfile/impl/TerminalMethodBuilder
instanceKlass  @bci java/lang/classfile/ClassBuilder withMethodBody (Ljava/lang/classfile/constantpool/Utf8Entry;Ljava/lang/classfile/constantpool/Utf8Entry;ILjava/util/function/Consumer;)Ljava/lang/classfile/ClassBuilder; 6 <appendix> member <vmtarget> ; # java/lang/classfile/ClassBuilder$$Lambda+0x800000002
instanceKlass java/lang/classfile/MethodBuilder
instanceKlass  @bci java/lang/runtime/SwitchBootstraps generateTypeSwitchSkeleton (Ljava/lang/Class;[Ljava/lang/Object;Ljava/util/List;Ljava/util/List;)Ljava/util/function/Consumer; 24 <appendix> member <vmtarget> ; # java/lang/runtime/SwitchBootstraps$$Lambda+0x80000000f
instanceKlass java/lang/classfile/CodeBuilder
instanceKlass jdk/internal/classfile/impl/AbstractElement
instanceKlass java/lang/classfile/AccessFlags
instanceKlass java/lang/classfile/FieldElement
instanceKlass java/lang/classfile/MethodElement
instanceKlass java/lang/classfile/ClassElement
instanceKlass jdk/internal/classfile/impl/AttributeHolder
instanceKlass jdk/internal/classfile/impl/AbstractDirectBuilder
instanceKlass java/lang/classfile/constantpool/ClassEntry
instanceKlass java/lang/classfile/constantpool/LoadableConstantEntry
instanceKlass java/lang/classfile/constantpool/Utf8Entry
instanceKlass java/lang/classfile/constantpool/AnnotationConstantValueEntry
instanceKlass jdk/internal/classfile/impl/EntryMap
instanceKlass jdk/internal/classfile/impl/AbstractPoolEntry
instanceKlass jdk/internal/classfile/impl/Util
instanceKlass jdk/internal/classfile/impl/BootstrapMethodEntryImpl
instanceKlass java/lang/classfile/BootstrapMethodEntry
instanceKlass java/lang/classfile/constantpool/PoolEntry
instanceKlass jdk/internal/classfile/impl/SplitConstantPool
instanceKlass java/lang/classfile/constantpool/ConstantPoolBuilder
instanceKlass java/lang/classfile/WritableElement
instanceKlass java/lang/classfile/ClassFileElement
instanceKlass java/lang/classfile/constantpool/ConstantPool
instanceKlass  @bci java/lang/runtime/SwitchBootstraps generateTypeSwitch (Ljava/lang/invoke/MethodHandles$Lookup;Ljava/lang/Class;[Ljava/lang/Object;)Ljava/lang/invoke/MethodHandle; 35 <appendix> member <vmtarget> ; # java/lang/runtime/SwitchBootstraps$$Lambda+0x800000011
instanceKlass java/lang/classfile/ClassBuilder
instanceKlass java/lang/classfile/ClassFileBuilder
instanceKlass java/lang/invoke/DirectMethodHandle$1
instanceKlass java/lang/runtime/SwitchBootstraps
instanceKlass jdk/internal/classfile/impl/ClassFileImpl$1
instanceKlass java/lang/classfile/ClassFile$AttributeMapperOption
instanceKlass jdk/internal/classfile/impl/ClassHierarchyImpl$ClassLoadingClassHierarchyResolver$1
instanceKlass jdk/internal/classfile/impl/ClassHierarchyImpl$ClassLoadingClassHierarchyResolver
instanceKlass jdk/internal/classfile/impl/ClassHierarchyImpl
instanceKlass java/lang/classfile/ClassHierarchyResolver
instanceKlass java/lang/classfile/ClassFile$ClassHierarchyResolverOption
instanceKlass java/lang/classfile/ClassFile
instanceKlass java/lang/classfile/ClassFile$Option
instanceKlass java/lang/reflect/ProxyGenerator
instanceKlass  @bci java/lang/reflect/Proxy getLoader (Ljava/lang/Module;)Ljava/lang/ClassLoader; 6 <appendix> member <vmtarget> ; # java/lang/reflect/Proxy$$Lambda+0x000001de14078848
instanceKlass  @bci java/lang/WeakPairMap computeIfAbsent (Ljava/lang/Object;Ljava/lang/Object;Ljava/util/function/BiFunction;)Ljava/lang/Object; 18 <appendix> member <vmtarget> ; # java/lang/WeakPairMap$$Lambda+0x000001de140783f0
instanceKlass  @bci java/lang/Module implAddExportsOrOpens (Ljava/lang/String;Ljava/lang/Module;ZZ)V 145 <appendix> argL0 ; # java/lang/Module$$Lambda+0x000001de140781c0
instanceKlass  @bci java/lang/reflect/Proxy$ProxyBuilder getDynamicModule (Ljava/lang/ClassLoader;)Ljava/lang/Module; 4 <appendix> argL0 ; # java/lang/reflect/Proxy$ProxyBuilder$$Lambda+0x000001de14077f90
instanceKlass java/lang/PublicMethods
instanceKlass java/util/Collections$1
instanceKlass java/lang/reflect/Proxy$ProxyBuilder
instanceKlass  @bci java/lang/reflect/Proxy getProxyConstructor (Ljava/lang/Class;Ljava/lang/ClassLoader;[Ljava/lang/Class;)Ljava/lang/reflect/Constructor; 35 <appendix> argL0 ; # java/lang/reflect/Proxy$$Lambda+0x000001de14076cc0
instanceKlass java/lang/ClassValue$Version
instanceKlass java/lang/ClassValue$Identity
instanceKlass java/lang/ClassValue
instanceKlass java/lang/reflect/Proxy
instanceKlass sun/reflect/annotation/AnnotationInvocationHandler
instanceKlass java/lang/reflect/InvocationHandler
instanceKlass sun/reflect/annotation/AnnotationParser$1
instanceKlass sun/reflect/annotation/ExceptionProxy
instanceKlass java/lang/annotation/Inherited
instanceKlass java/lang/annotation/Retention
instanceKlass sun/reflect/annotation/AnnotationType$1
instanceKlass sun/reflect/annotation/AnnotationType
instanceKlass java/lang/reflect/GenericArrayType
instanceKlass sun/reflect/generics/visitor/Reifier
instanceKlass sun/reflect/generics/visitor/TypeTreeVisitor
instanceKlass sun/reflect/generics/factory/CoreReflectionFactory
instanceKlass sun/reflect/generics/factory/GenericsFactory
instanceKlass sun/reflect/generics/scope/AbstractScope
instanceKlass sun/reflect/generics/scope/Scope
instanceKlass sun/reflect/generics/tree/ClassTypeSignature
instanceKlass sun/reflect/generics/tree/SimpleClassTypeSignature
instanceKlass sun/reflect/generics/tree/FieldTypeSignature
instanceKlass sun/reflect/generics/tree/BaseType
instanceKlass sun/reflect/generics/tree/TypeSignature
instanceKlass sun/reflect/generics/tree/ReturnType
instanceKlass sun/reflect/generics/tree/TypeArgument
instanceKlass sun/reflect/generics/tree/TypeTree
instanceKlass sun/reflect/generics/tree/Tree
instanceKlass sun/reflect/generics/parser/SignatureParser
instanceKlass  @bci com/sun/javafx/application/PlatformImpl lambda$runLater$11 (Ljava/lang/Runnable;Ljava/security/AccessControlContext;)V 1 <appendix> member <vmtarget> ; # com/sun/javafx/application/PlatformImpl$$Lambda+0x000001de1408e000
instanceKlass com/sun/glass/ui/InvokeLaterDispatcher$Future
instanceKlass java/util/concurrent/LinkedBlockingDeque$Node
instanceKlass com/sun/scenario/animation/AbstractPrimaryTimer$MainLoop
instanceKlass com/sun/scenario/DelayedRunnable
instanceKlass  @bci com/sun/javafx/application/PlatformImpl runLater (Ljava/lang/Runnable;Z)V 68 <appendix> member <vmtarget> ; # com/sun/javafx/application/PlatformImpl$$Lambda+0x000001de1408b748
instanceKlass com/sun/scenario/animation/shared/TimerReceiver
instanceKlass com/sun/scenario/animation/shared/PulseReceiver
instanceKlass  @bci com/sun/javafx/application/PlatformImpl runAndWait (Ljava/lang/Runnable;Z)V 43 <appendix> member <vmtarget> ; # com/sun/javafx/application/PlatformImpl$$Lambda+0x000001de1408ad30
instanceKlass com/sun/javafx/animation/TickCalculation
instanceKlass  @bci com/sun/javafx/application/LauncherImpl launchApplicationWithArgs (Lcom/sun/javafx/application/ModuleAccess;Ljava/lang/String;Ljava/lang/String;[Ljava/lang/String;)V 55 <appendix> form vmentry <vmtarget> ; # java/lang/invoke/LambdaForm$DMH+0x000001de1408c400
instanceKlass  @bci com/sun/scenario/animation/AbstractPrimaryTimer <clinit> ()V 16 <appendix> argL0 ; # com/sun/scenario/animation/AbstractPrimaryTimer$$Lambda+0x000001de1408a908
instanceKlass  @bci com/sun/javafx/application/LauncherImpl launchApplicationWithArgs (Lcom/sun/javafx/application/ModuleAccess;Ljava/lang/String;Ljava/lang/String;[Ljava/lang/String;)V 55 <appendix> member <vmtarget> ; # com/sun/javafx/application/LauncherImpl$$Lambda+0x000001de1408a6e0
instanceKlass com/sun/scenario/Settings
instanceKlass java/util/AbstractList$Itr
instanceKlass javafx/collections/ListChangeBuilder$SubChange
instanceKlass javafx/collections/ListChangeBuilder
instanceKlass javafx/geometry/Rectangle2D
instanceKlass  @bci javafx/stage/Screen <clinit> ()V 29 <appendix> argL0 ; # javafx/stage/Screen$$Lambda+0x000001de140896f8
instanceKlass  @cpi org/reactfx/Guard 47 form vmentry <vmtarget> ; # java/lang/invoke/LambdaForm$DMH+0x000001de1408c000
instanceKlass com/sun/javafx/tk/TKScreenConfigurationListener
instanceKlass javafx/collections/WeakListChangeListener
instanceKlass javafx/beans/WeakListener
instanceKlass  @bci javafx/collections/FXCollections$UnmodifiableObservableListImpl <init> (Ljavafx/collections/ObservableList;)V 11 <appendix> member <vmtarget> ; # javafx/collections/FXCollections$UnmodifiableObservableListImpl$$Lambda+0x000001de140887b0
instanceKlass javafx/collections/ListChangeListener
instanceKlass javafx/collections/ListChangeListener$Change
instanceKlass javafx/util/Callback
instanceKlass com/sun/javafx/collections/SortableList
instanceKlass javafx/collections/FXCollections$EmptyObservableSet$1
instanceKlass javafx/collections/FXCollections$EmptyObservableList$1
instanceKlass javafx/collections/ObservableIntegerArray
instanceKlass javafx/collections/ObservableFloatArray
instanceKlass javafx/collections/ObservableArray
instanceKlass javafx/collections/ObservableSet
instanceKlass javafx/collections/ObservableList
instanceKlass javafx/collections/FXCollections
instanceKlass javafx/stage/Screen
instanceKlass java/util/concurrent/CopyOnWriteArrayList$COWIterator
instanceKlass  @bci com/sun/javafx/application/preferences/PlatformPreferences fireValueChangedEvent (Ljava/util/Map;)V 5 <appendix> member <vmtarget> ; # com/sun/javafx/application/preferences/PlatformPreferences$$Lambda+0x000001de14082e58
instanceKlass  @bci com/sun/javafx/application/preferences/PlatformPreferences update (Ljava/util/Map;)V 36 <appendix> argL0 ; # com/sun/javafx/application/preferences/PlatformPreferences$$Lambda+0x000001de14082c08
instanceKlass com/sun/javafx/binding/ExpressionHelperBase
instanceKlass  @bci com/sun/javafx/application/preferences/PreferenceProperties$ColorSchemeProperty <init> (Lcom/sun/javafx/application/preferences/PreferenceProperties;)V 16 <appendix> member <vmtarget> ; # com/sun/javafx/application/preferences/PreferenceProperties$ColorSchemeProperty$$Lambda+0x000001de1403fcf0
instanceKlass com/sun/javafx/application/preferences/PreferenceProperties
instanceKlass javafx/collections/MapChangeListener$Change
instanceKlass javafx/application/Platform$Preferences
instanceKlass javafx/collections/ObservableMap
instanceKlass  @bci com/sun/javafx/tk/quantum/QuantumToolkit runToolkit ()V 55 <appendix> member <vmtarget> ; # com/sun/javafx/tk/quantum/QuantumToolkit$$Lambda+0x000001de1403ea20
instanceKlass  @bci com/sun/javafx/tk/quantum/QuantumToolkit runToolkit ()V 45 <appendix> member <vmtarget> ; # com/sun/javafx/tk/quantum/QuantumToolkit$$Lambda+0x000001de1403e7f8
instanceKlass com/sun/prism/impl/ps/BaseShaderContext$State
instanceKlass com/sun/javafx/geom/Vec3d
instanceKlass com/sun/prism/impl/VertexBuffer
instanceKlass com/sun/javafx/geom/BaseBounds
instanceKlass com/sun/javafx/geom/transform/GeneralTransform3D
instanceKlass com/sun/javafx/geom/transform/BaseTransform
instanceKlass com/sun/javafx/geom/transform/CanTransformVec3d
instanceKlass com/sun/prism/MaskTextureGraphics
instanceKlass com/sun/prism/ReadbackGraphics
instanceKlass com/sun/prism/ps/ShaderGraphics
instanceKlass com/sun/prism/impl/BaseGraphics
instanceKlass com/sun/prism/RectShadowGraphics
instanceKlass com/sun/prism/Graphics
instanceKlass com/sun/prism/impl/BaseContext
instanceKlass com/sun/prism/ps/Shader
instanceKlass com/sun/prism/PhongMaterial
instanceKlass com/sun/prism/Material
instanceKlass com/sun/prism/impl/TextureResourcePool
instanceKlass com/sun/prism/impl/ResourcePool
instanceKlass com/sun/prism/Mesh
instanceKlass com/sun/prism/MeshView
instanceKlass com/sun/prism/Presentable
instanceKlass com/sun/prism/RTTexture
instanceKlass com/sun/prism/RenderTarget
instanceKlass com/sun/prism/Surface
instanceKlass com/sun/prism/Texture
instanceKlass com/sun/prism/shape/ShapeRep
instanceKlass java/util/concurrent/Executors$RunnableAdapter
instanceKlass java/util/concurrent/FutureTask$WaitNode
instanceKlass  @bci com/sun/javafx/tk/quantum/QuantumRenderer createResourceFactory ()V 16 <appendix> argL0 ; # com/sun/javafx/tk/quantum/QuantumRenderer$$Lambda+0x000001de14037240
instanceKlass  @bci com/sun/javafx/tk/quantum/QuantumRenderer createResourceFactory ()V 10 <appendix> member <vmtarget> ; # com/sun/javafx/tk/quantum/QuantumRenderer$$Lambda+0x000001de14037018
instanceKlass java/util/concurrent/FutureTask
instanceKlass java/util/Arrays$ArrayItr
instanceKlass  @bci com/sun/glass/ui/Screen <clinit> ()V 4 <appendix> argL0 ; # com/sun/glass/ui/Screen$$Lambda+0x000001de140368c8
instanceKlass javafx/scene/paint/Paint$1
instanceKlass com/sun/javafx/tk/Toolkit$PaintAccessor
instanceKlass  @bci com/sun/glass/ui/win/WinApplication lambda$runLoop$4 (ILjava/lang/Runnable;)Ljava/lang/Thread; 7 <appendix> member <vmtarget> ; # com/sun/glass/ui/win/WinApplication$$Lambda+0x000001de14033d50
instanceKlass  @cpi com/sun/glass/ui/win/WinApplication 522 form vmentry <vmtarget> ; # java/lang/invoke/LambdaForm$DMH+0x000001de14034800
instanceKlass  @bci org/reactfx/util/SparseList insertVoid (II)V 62 <adapter> ; # java/lang/invoke/LambdaForm$MH+0x000001de14034400
instanceKlass  @cpi org/reactfx/util/FingerTree 379 form vmentry <vmtarget> ; # java/lang/invoke/LambdaForm$DMH+0x000001de14034000
instanceKlass  @bci org/reactfx/util/SparseList insertVoid (II)V 62 <appendix> form vmentry <vmtarget> ; # java/lang/invoke/LambdaForm$DMH+0x000001de1402a400
instanceKlass  @bci com/sun/glass/ui/win/WinApplication runLoop (Ljava/lang/Runnable;)V 58 <appendix> member <vmtarget> ; # com/sun/glass/ui/win/WinApplication$$Lambda+0x000001de14033b28
instanceKlass  @bci com/sun/glass/ui/win/WinApplication getDesiredAwarenesslevel ()I 8 <appendix> argL0 ; # com/sun/glass/ui/win/WinApplication$$Lambda+0x000001de14033908
instanceKlass  @bci com/sun/glass/ui/win/WinApplication runLoop (Ljava/lang/Runnable;)V 0 <appendix> argL0 ; # com/sun/glass/ui/win/WinApplication$$Lambda+0x000001de140336e8
instanceKlass  @bci com/sun/glass/ui/Application run (Ljava/lang/Runnable;)V 29 <appendix> member <vmtarget> ; # com/sun/glass/ui/Application$$Lambda+0x000001de140334c0
instanceKlass java/util/concurrent/BlockingDeque
instanceKlass  @bci com/sun/glass/ui/win/WinApplication <init> ()V 4 <appendix> argL0 ; # com/sun/glass/ui/win/WinApplication$$Lambda+0x000001de14032f78
instanceKlass java/lang/ProcessEnvironment$CheckedEntry
instanceKlass java/lang/ProcessEnvironment$CheckedEntrySet$1
instanceKlass java/lang/ProcessEnvironment$EntryComparator
instanceKlass java/lang/ProcessEnvironment$NameComparator
instanceKlass com/sun/glass/ui/win/WinApplication$1
instanceKlass com/sun/glass/ui/Pixels
instanceKlass com/sun/glass/ui/Window
instanceKlass com/sun/glass/ui/Cursor
instanceKlass com/sun/glass/ui/Accessible
instanceKlass com/sun/glass/ui/View
instanceKlass com/sun/glass/ui/Timer
instanceKlass com/sun/glass/ui/GlassRobot
instanceKlass com/sun/glass/ui/InvokeLaterDispatcher$InvokeLaterSubmitter
instanceKlass com/sun/glass/ui/delegate/MenuDelegate
instanceKlass com/sun/glass/ui/delegate/ClipboardDelegate
instanceKlass com/sun/glass/ui/delegate/MenuBarDelegate
instanceKlass com/sun/glass/ui/delegate/MenuItemDelegate
instanceKlass  @bci com/sun/glass/ui/Platform determinePlatform ()Ljava/lang/String; 6 <appendix> argL0 ; # com/sun/glass/ui/Platform$$Lambda+0x000001de1402b438
instanceKlass com/sun/glass/ui/Platform
instanceKlass com/sun/glass/ui/PlatformFactory
instanceKlass  @bci com/sun/javafx/tk/quantum/QuantumToolkit startup (Ljava/lang/Runnable;)V 16 <appendix> member <vmtarget> ; # com/sun/javafx/tk/quantum/QuantumToolkit$$Lambda+0x000001de1402fc38
instanceKlass  @bci com/sun/javafx/application/PlatformImpl startup (Ljava/lang/Runnable;Z)V 234 <appendix> member <vmtarget> ; # com/sun/javafx/application/PlatformImpl$$Lambda+0x000001de1402fa10
instanceKlass java/lang/Shutdown$Lock
instanceKlass java/lang/Shutdown
instanceKlass java/lang/ApplicationShutdownHooks$1
instanceKlass java/lang/ApplicationShutdownHooks
instanceKlass  @bci com/sun/javafx/tk/quantum/QuantumToolkit init ()Z 37 <appendix> member <vmtarget> ; # com/sun/javafx/tk/quantum/QuantumToolkit$$Lambda+0x000001de1402f7e8
instanceKlass  @bci com/sun/javafx/tk/quantum/PaintCollector <clinit> ()V 16 <appendix> argL0 ; # com/sun/javafx/tk/quantum/PaintCollector$$Lambda+0x000001de1402f550
instanceKlass  @cpi com/sun/prism/impl/ps/CachingShapeRepState$MaskCache 279 form vmentry <vmtarget> ; # java/lang/invoke/LambdaForm$DMH+0x000001de1402a000
instanceKlass com/sun/javafx/tk/quantum/GlassScene
instanceKlass com/sun/javafx/tk/TKScene
instanceKlass com/sun/javafx/tk/quantum/PaintCollector
instanceKlass com/sun/javafx/tk/CompletionListener
instanceKlass java/util/concurrent/ForkJoinPool$2
instanceKlass jdk/internal/access/JavaUtilConcurrentFJPAccess
instanceKlass java/util/concurrent/ForkJoinPool$DefaultForkJoinWorkerThreadFactory
instanceKlass java/util/concurrent/ForkJoinTask
instanceKlass java/util/concurrent/ForkJoinPool$WorkQueue
instanceKlass java/util/concurrent/ForkJoinPool$ForkJoinWorkerThreadFactory
instanceKlass  @bci com/sun/glass/ui/Application <clinit> ()V 4 <appendix> argL0 ; # com/sun/glass/ui/Application$$Lambda+0x000001de1402e950
instanceKlass com/sun/glass/ui/Application
instanceKlass com/sun/glass/ui/View$Capability
instanceKlass com/sun/glass/ui/Screen
instanceKlass com/sun/prism/impl/BaseResourceFactory
instanceKlass com/sun/prism/ps/ShaderFactory
instanceKlass  @bci com/sun/prism/d3d/D3DPipeline <clinit> ()V 0 <appendix> argL0 ; # com/sun/prism/d3d/D3DPipeline$$Lambda+0x000001de14027d68
instanceKlass com/sun/prism/ResourceFactory
instanceKlass com/sun/prism/GraphicsResource
instanceKlass  @bci org/fxmisc/richtext/model/ReadOnlyStyledDocument$2 getName ()Ljava/lang/String; 18 <appendix> argL2 form vmentry <vmtarget> ; # java/lang/invoke/LambdaForm$MH+0x000001de14029c00
instanceKlass com/sun/javafx/font/FontFactory
instanceKlass com/sun/prism/GraphicsPipeline
instanceKlass  @bci com/sun/javafx/tk/quantum/QuantumRenderer$QuantumThreadFactory lambda$newThread$1 (Lcom/sun/javafx/tk/quantum/QuantumRenderer$PipelineRunnable;)Ljava/lang/Thread; 31 <appendix> argL0 ; # com/sun/javafx/tk/quantum/QuantumRenderer$QuantumThreadFactory$$Lambda+0x000001de14027010
instanceKlass  @bci com/sun/marlin/RendererContext createContext ()Lcom/sun/marlin/RendererContext; 10 <appendix> form vmentry <vmtarget> ; # java/lang/invoke/LambdaForm$MH+0x000001de14029800
instanceKlass  @bci com/sun/marlin/RendererContext createContext ()Lcom/sun/marlin/RendererContext; 10 <appendix> argL3 form vmentry <vmtarget> ; # java/lang/invoke/LambdaForm$MH+0x000001de14029400
# instanceKlass java/lang/invoke/LambdaForm$MH+0x000001de14029000
# instanceKlass java/lang/invoke/LambdaForm$MH+0x000001de14028c00
instanceKlass  @bci com/sun/scenario/effect/impl/Renderer getPeerInstance (Lcom/sun/scenario/effect/FilterContext;Ljava/lang/String;I)Lcom/sun/scenario/effect/impl/EffectPeer; 33 <appendix> argL1 argL1 form vmentry <vmtarget> ; # java/lang/invoke/LambdaForm$MH+0x000001de14028800
# instanceKlass java/lang/invoke/LambdaForm$MH+0x000001de14028400
instanceKlass java/lang/Thread$ThreadNumbering
instanceKlass  @bci com/sun/javafx/tk/quantum/QuantumRenderer$QuantumThreadFactory newThread (Ljava/lang/Runnable;)Ljava/lang/Thread; 19 <appendix> member <vmtarget> ; # com/sun/javafx/tk/quantum/QuantumRenderer$QuantumThreadFactory$$Lambda+0x000001de14026de8
instanceKlass com/sun/javafx/tk/quantum/QuantumRenderer$PipelineRunnable
instanceKlass com/sun/javafx/tk/quantum/QuantumRenderer$QuantumThreadFactory
instanceKlass jdk/internal/vm/ThreadContainers
instanceKlass jdk/internal/vm/StackableScope
instanceKlass java/util/concurrent/Executors$DefaultThreadFactory
instanceKlass java/util/concurrent/Executors
instanceKlass java/util/concurrent/LinkedBlockingQueue$Node
instanceKlass java/util/concurrent/atomic/AtomicReference
instanceKlass  @bci com/sun/javafx/tk/quantum/QuantumRenderer <clinit> ()V 16 <appendix> argL0 ; # com/sun/javafx/tk/quantum/QuantumRenderer$$Lambda+0x000001de14026758
instanceKlass java/util/concurrent/ThreadPoolExecutor$AbortPolicy
instanceKlass java/util/concurrent/RejectedExecutionHandler
instanceKlass java/util/concurrent/RunnableFuture
instanceKlass java/util/concurrent/Future
instanceKlass java/util/concurrent/BlockingQueue
instanceKlass java/util/concurrent/AbstractExecutorService
instanceKlass java/util/concurrent/ExecutorService
instanceKlass java/util/concurrent/Executor
instanceKlass  @bci com/sun/javafx/tk/quantum/GlassSystemMenu <init> ()V 16 <appendix> member <vmtarget> ; # com/sun/javafx/tk/quantum/GlassSystemMenu$$Lambda+0x000001de14026108
instanceKlass  @cpi com/example/commonlisp_ide/DesignWindow 320 form vmentry <vmtarget> ; # java/lang/invoke/LambdaForm$DMH+0x000001de14028000
instanceKlass com/sun/glass/ui/Menu$EventHandler
instanceKlass com/sun/javafx/menu/MenuItemBase
instanceKlass javafx/scene/input/KeyCombination
instanceKlass com/sun/glass/ui/MenuItem$Callback
instanceKlass com/sun/javafx/tk/quantum/GlassSystemMenu
instanceKlass java/util/Collections$SynchronizedMap
instanceKlass  @bci com/sun/prism/impl/PrismSettings <clinit> ()V 0 <appendix> argL0 ; # com/sun/prism/impl/PrismSettings$$Lambda+0x000001de14024b98
instanceKlass com/sun/prism/impl/PrismSettings
instanceKlass com/sun/javafx/tk/quantum/PerformanceTrackerHelper$1
instanceKlass com/sun/javafx/tk/quantum/PerformanceTrackerHelper
instanceKlass com/sun/javafx/tk/quantum/QuantumToolkit$PulseTask
instanceKlass com/sun/javafx/geom/PathConsumer2D
instanceKlass com/sun/javafx/geom/Shape
instanceKlass com/sun/prism/BasicStroke
instanceKlass com/sun/javafx/tk/quantum/QuantumToolkit$3
instanceKlass  @bci com/sun/javafx/tk/quantum/QuantumToolkit <clinit> ()V 149 <appendix> argL0 ; # com/sun/javafx/tk/quantum/QuantumToolkit$$Lambda+0x000001de14022048
instanceKlass  @bci com/sun/javafx/tk/quantum/QuantumToolkit <clinit> ()V 132 <appendix> argL0 ; # com/sun/javafx/tk/quantum/QuantumToolkit$$Lambda+0x000001de14021e28
instanceKlass  @bci com/sun/javafx/tk/quantum/QuantumToolkit <clinit> ()V 115 <appendix> argL0 ; # com/sun/javafx/tk/quantum/QuantumToolkit$$Lambda+0x000001de14021c08
instanceKlass  @bci com/sun/javafx/tk/quantum/QuantumToolkit <clinit> ()V 98 <appendix> argL0 ; # com/sun/javafx/tk/quantum/QuantumToolkit$$Lambda+0x000001de140219e8
instanceKlass  @bci com/sun/javafx/tk/quantum/QuantumToolkit <clinit> ()V 84 <appendix> argL0 ; # com/sun/javafx/tk/quantum/QuantumToolkit$$Lambda+0x000001de140217c8
instanceKlass  @bci com/sun/javafx/tk/quantum/QuantumToolkit <clinit> ()V 67 <appendix> argL0 ; # com/sun/javafx/tk/quantum/QuantumToolkit$$Lambda+0x000001de140215a8
instanceKlass  @bci com/sun/javafx/tk/quantum/QuantumToolkit <clinit> ()V 50 <appendix> argL0 ; # com/sun/javafx/tk/quantum/QuantumToolkit$$Lambda+0x000001de14021388
instanceKlass  @bci com/sun/javafx/tk/quantum/QuantumToolkit <clinit> ()V 33 <appendix> argL0 ; # com/sun/javafx/tk/quantum/QuantumToolkit$$Lambda+0x000001de14021168
instanceKlass  @bci com/sun/javafx/tk/quantum/QuantumToolkit <clinit> ()V 16 <appendix> argL0 ; # com/sun/javafx/tk/quantum/QuantumToolkit$$Lambda+0x000001de14020f48
instanceKlass javafx/scene/shape/PathElement
instanceKlass com/sun/javafx/scene/text/TextLayoutFactory
instanceKlass com/sun/javafx/tk/PlatformImage
instanceKlass com/sun/glass/ui/Screen$EventHandler
instanceKlass com/sun/scenario/animation/AbstractPrimaryTimer
instanceKlass com/sun/scenario/effect/FilterContext
instanceKlass com/sun/javafx/tk/FontLoader
instanceKlass com/sun/javafx/tk/TKSystemMenu
instanceKlass com/sun/scenario/effect/Filterable
instanceKlass com/sun/scenario/effect/LockableResource
instanceKlass com/sun/javafx/tk/TKStage
instanceKlass com/sun/javafx/runtime/async/AbstractAsyncOperation
instanceKlass java/util/concurrent/Callable
instanceKlass com/sun/javafx/runtime/async/AsyncOperation
instanceKlass com/sun/glass/ui/Application$EventHandler
instanceKlass com/sun/javafx/tk/ImageLoader
instanceKlass com/sun/javafx/tk/ScreenConfigurationAccessor
instanceKlass com/sun/javafx/perf/PerformanceTracker
instanceKlass sun/security/provider/ByteArrayAccess
instanceKlass sun/security/provider/ByteArrayAccess$LE
instanceKlass sun/security/util/MessageDigestSpi2
instanceKlass sun/security/jca/GetInstance$Instance
instanceKlass java/util/LinkedHashMap$LinkedHashIterator
instanceKlass sun/security/util/SecurityProviderConstants
instanceKlass java/security/Provider$UString
instanceKlass java/security/Provider$Service
instanceKlass sun/security/provider/NativePRNG$NonBlocking
instanceKlass sun/security/provider/NativePRNG$Blocking
instanceKlass sun/security/provider/NativePRNG
instanceKlass sun/security/provider/SunEntries$1
instanceKlass sun/security/provider/SunEntries
instanceKlass sun/security/util/SecurityConstants
instanceKlass java/security/Security$1
instanceKlass jdk/internal/access/JavaSecurityPropertiesAccess
instanceKlass java/util/concurrent/ConcurrentHashMap$MapEntry
instanceKlass  @bci java/security/Security <clinit> ()V 9 <appendix> argL0 ; # java/security/Security$$Lambda+0x800000012
instanceKlass java/security/Security
instanceKlass sun/security/jca/ProviderList$2
instanceKlass javax/security/auth/login/Configuration$Parameters
instanceKlass java/security/Policy$Parameters
instanceKlass java/security/cert/CertStoreParameters
instanceKlass java/security/SecureRandomParameters
instanceKlass java/security/Provider$EngineDescription
instanceKlass java/security/Provider$ServiceKey
instanceKlass sun/security/jca/ProviderConfig
instanceKlass sun/security/jca/ProviderList
instanceKlass sun/security/jca/Providers
instanceKlass sun/security/jca/GetInstance
instanceKlass java/security/MessageDigestSpi
instanceKlass  @bci com/sun/javafx/font/PrismFontFactory getJDKFontDir ()Ljava/lang/String; 13 <appendix> form vmentry <vmtarget> ; # java/lang/invoke/LambdaForm$MH+0x000001de1401dc00
# instanceKlass java/lang/invoke/LambdaForm$MH+0x000001de1401d800
instanceKlass  @bci com/sun/javafx/font/PrismFontFactory getJDKFontDir ()Ljava/lang/String; 13 <appendix> argL3 form vmentry <vmtarget> ; # java/lang/invoke/LambdaForm$MH+0x000001de1401d400
# instanceKlass java/lang/invoke/LambdaForm$MH+0x000001de1401d000
# instanceKlass java/lang/invoke/LambdaForm$MH+0x000001de1401cc00
# instanceKlass java/lang/invoke/LambdaForm$MH+0x000001de1401c800
# instanceKlass java/lang/invoke/LambdaForm$MH+0x000001de1401c400
instanceKlass  @bci com/sun/javafx/font/PrismFontFactory getJDKFontDir ()Ljava/lang/String; 13 <appendix> argL1 form vmentry <vmtarget> ; # java/lang/invoke/LambdaForm$MH+0x000001de1401c000
# instanceKlass java/lang/invoke/LambdaForm$MH+0x000001de1401bc00
# instanceKlass java/lang/invoke/LambdaForm$MH+0x000001de1401b800
# instanceKlass java/lang/invoke/LambdaForm$MH+0x000001de1401b400
instanceKlass  @bci org/fxmisc/richtext/model/ReadOnlyStyledDocument$2 getName ()Ljava/lang/String; 18 <appendix> form vmentry <vmtarget> ; # java/lang/invoke/LambdaForm$MH+0x000001de1401b000
# instanceKlass java/lang/invoke/LambdaForm$MH+0x000001de1401ac00
instanceKlass  @bci org/fxmisc/richtext/model/ReadOnlyStyledDocument$2 getName ()Ljava/lang/String; 18 <appendix> argL3 form vmentry <vmtarget> ; # java/lang/invoke/LambdaForm$MH+0x000001de1401a800
instanceKlass java/lang/invoke/MethodHandles$1
# instanceKlass java/lang/invoke/LambdaForm$MH+0x000001de1401a400
# instanceKlass java/lang/invoke/LambdaForm$MH+0x000001de1401a000
# instanceKlass java/lang/invoke/LambdaForm$MH+0x000001de14019c00
# instanceKlass java/lang/invoke/LambdaForm$MH+0x000001de14019800
instanceKlass  @bci org/fxmisc/richtext/model/ReadOnlyStyledDocument$2 getName ()Ljava/lang/String; 18 <appendix> argL1 form vmentry <vmtarget> ; # java/lang/invoke/LambdaForm$MH+0x000001de14019400
instanceKlass  @bci org/fxmisc/richtext/model/ReadOnlyStyledDocument$2 getName ()Ljava/lang/String; 18 <appendix> argL1 argL0 form vmentry <vmtarget> ; # java/lang/invoke/LambdaForm$MH+0x000001de14019000
# instanceKlass java/lang/invoke/LambdaForm$MH+0x000001de14018c00
# instanceKlass java/lang/invoke/LambdaForm$MH+0x000001de14018800
# instanceKlass java/lang/invoke/LambdaForm$MH+0x000001de14018400
instanceKlass java/lang/Long$LongCache
# instanceKlass java/lang/invoke/LambdaForm$MH+0x000001de14018000
instanceKlass java/lang/StackStreamFactory$FrameBuffer
instanceKlass java/lang/StackStreamFactory
instanceKlass  @bci com/sun/glass/utils/NativeLibLoader loadLibrary (Ljava/lang/String;)V 10 <appendix> argL0 ; # com/sun/glass/utils/NativeLibLoader$$Lambda+0x000001de14015be8
instanceKlass  @bci com/sun/glass/utils/NativeLibLoader <clinit> ()V 28 <appendix> argL0 ; # com/sun/glass/utils/NativeLibLoader$$Lambda+0x000001de140159c8
instanceKlass com/sun/glass/utils/NativeLibLoader
instanceKlass jdk/internal/math/FloatingDecimal$ASCIIToBinaryBuffer
instanceKlass jdk/internal/math/FloatingDecimal$PreparedASCIIToBinaryBuffer
instanceKlass jdk/internal/math/FloatingDecimal$ASCIIToBinaryConverter
instanceKlass jdk/internal/math/FloatingDecimal$BinaryToASCIIBuffer
instanceKlass jdk/internal/math/FloatingDecimal$ExceptionalBinaryToASCIIBuffer
instanceKlass jdk/internal/math/FloatingDecimal$BinaryToASCIIConverter
instanceKlass jdk/internal/math/FloatingDecimal
instanceKlass  @bci com/sun/javafx/PlatformUtil <clinit> ()V 72 <appendix> argL0 ; # com/sun/javafx/PlatformUtil$$Lambda+0x000001de140155a0
instanceKlass  @bci com/sun/javafx/PlatformUtil <clinit> ()V 56 <appendix> argL0 ; # com/sun/javafx/PlatformUtil$$Lambda+0x000001de14015380
instanceKlass  @bci com/sun/javafx/PlatformUtil <clinit> ()V 37 <appendix> argL0 ; # com/sun/javafx/PlatformUtil$$Lambda+0x000001de14015160
instanceKlass  @bci com/sun/javafx/PlatformUtil <clinit> ()V 18 <appendix> argL0 ; # com/sun/javafx/PlatformUtil$$Lambda+0x000001de14014f40
instanceKlass com/sun/javafx/PlatformUtil
instanceKlass com/sun/javafx/runtime/VersionInfo
instanceKlass  @bci com/sun/javafx/tk/Toolkit getToolkit ()Lcom/sun/javafx/tk/Toolkit; 10 <appendix> argL0 ; # com/sun/javafx/tk/Toolkit$$Lambda+0x000001de14014910
instanceKlass  @bci java/util/regex/Pattern DOT ()Ljava/util/regex/Pattern$CharPredicate; 0 <appendix> argL0 ; # java/util/regex/Pattern$$Lambda+0x000001de1405e370
instanceKlass  @bci java/util/regex/CharPredicates ctype (I)Ljava/util/regex/Pattern$CharPredicate; 1 <appendix> member <vmtarget> ; # java/util/regex/CharPredicates$$Lambda+0x000001de1405e0e0
instanceKlass javafx/scene/image/Image$1
instanceKlass javafx/beans/binding/NumberExpressionBase
instanceKlass javafx/beans/binding/NumberExpression
instanceKlass javafx/beans/value/ObservableDoubleValue
instanceKlass javafx/beans/value/ObservableNumberValue
instanceKlass javafx/scene/image/PixelReader
instanceKlass com/sun/javafx/tk/Toolkit$ImageAccessor
instanceKlass javafx/geometry/Bounds
instanceKlass com/sun/javafx/util/Utils
instanceKlass javafx/scene/image/Image
instanceKlass  @bci com/sun/javafx/tk/Toolkit <clinit> ()V 14 <appendix> argL0 ; # com/sun/javafx/tk/Toolkit$$Lambda+0x000001de14010200
instanceKlass com/sun/javafx/tk/TKClipboard
instanceKlass javafx/animation/Interpolatable
instanceKlass javafx/scene/paint/Paint
instanceKlass com/sun/javafx/tk/Toolkit
instanceKlass com/sun/javafx/application/PlatformImpl$1
instanceKlass  @bci com/sun/javafx/application/PlatformImpl startup (Ljava/lang/Runnable;Z)V 145 <appendix> argL0 ; # com/sun/javafx/application/PlatformImpl$$Lambda+0x000001de1400f020
instanceKlass  @bci com/sun/javafx/application/PlatformImpl <clinit> ()V 176 <appendix> argL0 ; # com/sun/javafx/application/PlatformImpl$$Lambda+0x000001de1400ee00
instanceKlass  @bci com/sun/javafx/application/PlatformImpl <clinit> ()V 159 <appendix> argL0 ; # com/sun/javafx/application/PlatformImpl$$Lambda+0x000001de1400ebe0
instanceKlass javafx/beans/InvalidationListener
instanceKlass javafx/beans/value/WritableObjectValue
instanceKlass javafx/beans/binding/Binding
instanceKlass javafx/beans/binding/ObjectExpression
instanceKlass javafx/beans/value/ObservableObjectValue
instanceKlass com/sun/javafx/tk/TKListener
instanceKlass javafx/beans/binding/BooleanExpression
instanceKlass javafx/beans/value/ObservableBooleanValue
instanceKlass javafx/beans/value/WritableBooleanValue
instanceKlass javafx/beans/property/Property
instanceKlass javafx/beans/value/WritableValue
instanceKlass javafx/beans/property/ReadOnlyProperty
instanceKlass javafx/beans/value/ObservableValue
instanceKlass javafx/beans/Observable
instanceKlass com/sun/javafx/application/PlatformImpl
instanceKlass  @bci com/sun/javafx/application/LauncherImpl startToolkit ()V 21 <appendix> member <vmtarget> ; # com/sun/javafx/application/LauncherImpl$$Lambda+0x000001de14005c78
instanceKlass java/util/concurrent/CountDownLatch
# instanceKlass java/lang/invoke/LambdaForm$MH+0x000001de14007400
# instanceKlass java/lang/invoke/LambdaForm$MH+0x000001de14007000
instanceKlass java/lang/reflect/AnnotatedType
instanceKlass jdk/internal/event/Event
instanceKlass java/lang/reflect/TypeVariable
# instanceKlass java/lang/invoke/LambdaForm$MH+0x000001de14006c00
# instanceKlass java/lang/invoke/LambdaForm$MH+0x000001de14006800
# instanceKlass java/lang/invoke/LambdaForm$MH+0x000001de14006400
instanceKlass sun/net/NetHooks
instanceKlass java/util/TreeMap$PrivateEntryIterator
instanceKlass java/util/TreeMap$Entry
instanceKlass sun/net/spi/DefaultProxySelector$3
instanceKlass java/lang/invoke/LambdaFormEditor$1
instanceKlass sun/net/spi/DefaultProxySelector$NonProxyInfo
# instanceKlass java/lang/invoke/LambdaForm$MH+0x000001de14006000
instanceKlass java/lang/Class$1
instanceKlass java/io/FileInputStream$1
instanceKlass java/util/concurrent/atomic/AtomicBoolean
instanceKlass java/util/Properties$LineReader
instanceKlass  @bci com/sun/javafx/application/LauncherImpl <clinit> ()V 0 <appendix> argL0 ; # com/sun/javafx/application/LauncherImpl$$Lambda+0x000001de14005a58
instanceKlass sun/net/NetProperties$1
instanceKlass sun/net/NetProperties
instanceKlass sun/net/spi/DefaultProxySelector$1
instanceKlass jdk/internal/misc/PreviewFeatures
instanceKlass jdk/internal/misc/MethodFinder
instanceKlass java/net/Proxy
instanceKlass javafx/application/Preloader$PreloaderNotification
instanceKlass com/sun/javafx/application/ModuleAccess
instanceKlass java/net/ProxySelector
instanceKlass java/net/SocksSocketImpl$3
instanceKlass com/sun/javafx/application/PlatformImpl$FinishListener
instanceKlass  @bci sun/nio/ch/NioSocketImpl closerFor (Ljava/io/FileDescriptor;Z)Ljava/lang/Runnable; 5 <appendix> member <vmtarget> ; # sun/nio/ch/NioSocketImpl$$Lambda+0x000001de140584d0
instanceKlass  @cpi org/fxmisc/richtext/SelectionImpl 462 form vmentry <vmtarget> ; # java/lang/invoke/LambdaForm$DMH+0x000001de14004400
instanceKlass javafx/application/Application$Parameters
instanceKlass com/sun/javafx/application/LauncherImpl
instanceKlass sun/net/ext/ExtendedSocketOptions
instanceKlass java/net/Inet6Address$Inet6AddressHolder
instanceKlass sun/nio/ch/Net$1
instanceKlass java/net/ProtocolFamily
instanceKlass sun/launcher/LauncherHelper$FXHelper
instanceKlass sun/nio/ch/Net
instanceKlass javafx/application/Application
instanceKlass java/net/SocksConsts
instanceKlass sun/net/PlatformSocketImpl
instanceKlass java/net/SocketImpl
instanceKlass java/net/SocketOptions
instanceKlass java/net/InetSocketAddress$InetSocketAddressHolder
instanceKlass java/net/InetAddress$PlatformResolver
instanceKlass java/net/spi/InetAddressResolver
instanceKlass java/net/spi/InetAddressResolver$LookupPolicy
instanceKlass java/net/Inet4AddressImpl
instanceKlass java/net/Inet6AddressImpl
instanceKlass java/net/InetAddressImpl
instanceKlass java/util/concurrent/ConcurrentSkipListMap$Node
instanceKlass java/util/concurrent/ConcurrentSkipListMap$Index
instanceKlass java/util/concurrent/ConcurrentNavigableMap
instanceKlass java/util/NavigableMap
instanceKlass java/util/SortedMap
instanceKlass java/util/NavigableSet
instanceKlass java/util/SortedSet
instanceKlass java/net/InetAddress$InetAddressHolder
instanceKlass java/net/InetAddress$1
instanceKlass jdk/internal/access/JavaNetInetAddressAccess
instanceKlass java/util/concurrent/locks/ReentrantReadWriteLock$WriteLock
instanceKlass java/util/concurrent/locks/ReentrantReadWriteLock$ReadLock
instanceKlass java/util/concurrent/locks/ReentrantReadWriteLock
instanceKlass java/util/concurrent/locks/ReadWriteLock
instanceKlass java/net/InetAddress
instanceKlass jdk/internal/module/ModuleReferences$SafeCloseModuleReader
instanceKlass java/net/SocketAddress
instanceKlass jdk/internal/module/Resources
instanceKlass java/net/Socket
instanceKlass jdk/internal/module/ModulePatcher$PatchedModuleReader
instanceKlass jdk/internal/module/ModuleReferences$ExplodedModuleReader
instanceKlass jdk/internal/loader/BuiltinClassLoader$5
instanceKlass sun/launcher/LauncherHelper
instanceKlass java/io/Reader
instanceKlass com/intellij/rt/execution/application/AppMainV2
instanceKlass  @bci jdk/internal/reflect/DirectConstructorHandleAccessor invokeImpl ([Ljava/lang/Object;)Ljava/lang/Object; 88 <adapter> ; # java/lang/invoke/LambdaForm$MH+0x000001de14004000
# instanceKlass java/lang/invoke/LambdaForm$MH+0x000001de14003c00
# instanceKlass java/lang/invoke/LambdaForm$MH+0x000001de14003800
# instanceKlass java/lang/invoke/LambdaForm$MH+0x000001de14003400
instanceKlass  @bci com/sun/marlin/DMarlinRenderingEngine logSettings (Ljava/lang/String;)V 77 <appendix> form vmentry <vmtarget> ; # java/lang/invoke/LambdaForm$MH+0x000001de14003000
# instanceKlass java/lang/invoke/LambdaForm$MH+0x000001de14002400
instanceKlass sun/invoke/util/VerifyAccess$1
instanceKlass com/intellij/rt/execution/application/AppMainV2$Agent
instanceKlass java/security/SecureClassLoader$DebugHolder
instanceKlass java/security/Permission
instanceKlass java/security/Guard
instanceKlass java/security/PermissionCollection
instanceKlass java/security/SecureClassLoader$1
instanceKlass java/util/zip/Checksum$1
instanceKlass java/util/zip/CRC32
instanceKlass java/util/zip/Checksum
instanceKlass sun/nio/ByteBuffered
instanceKlass java/lang/Package$VersionInfo
instanceKlass java/lang/NamedPackage
instanceKlass jdk/internal/loader/Resource
instanceKlass java/nio/charset/CoderResult
instanceKlass java/nio/charset/CharsetDecoder
instanceKlass java/lang/Readable
instanceKlass jdk/internal/loader/FileURLMapper
instanceKlass jdk/internal/loader/URLClassPath$JarLoader$1
instanceKlass jdk/internal/loader/URLClassPath$Loader
instanceKlass jdk/internal/loader/URLClassPath$3
instanceKlass java/security/PrivilegedExceptionAction
instanceKlass sun/net/util/URLUtil
instanceKlass sun/instrument/TransformerManager$TransformerInfo
instanceKlass sun/instrument/TransformerManager
instanceKlass  @bci sun/instrument/InstrumentationImpl <clinit> ()V 16 <appendix> argL0 ; # sun/instrument/InstrumentationImpl$$Lambda+0x000001de14051218
instanceKlass sun/instrument/InstrumentationImpl
instanceKlass java/lang/instrument/Instrumentation
instanceKlass jdk/internal/vm/ContinuationSupport
instanceKlass java/lang/invoke/StringConcatFactory
instanceKlass jdk/internal/module/ModuleBootstrap$SafeModuleFinder
instanceKlass java/lang/ModuleLayer$Controller
instanceKlass java/util/concurrent/CopyOnWriteArrayList
instanceKlass jdk/internal/module/ServicesCatalog$ServiceProvider
instanceKlass jdk/internal/loader/AbstractClassLoaderValue$Memoizer
instanceKlass java/lang/WeakPairMap$Pair$Lookup
instanceKlass java/lang/WeakPairMap$Pair
instanceKlass java/lang/WeakPairMap
instanceKlass java/lang/Module$ReflectionData
instanceKlass jdk/internal/module/ModuleLoaderMap$Mapper
instanceKlass  @bci java/lang/module/Resolver makeGraph (Ljava/lang/module/Configuration;)Ljava/util/Map; 571 <appendix> member <vmtarget> ; # java/lang/module/Resolver$$Lambda+0x000001de14050388
instanceKlass  @cpi org/reactfx/InputHandlerBuilder 70 form vmentry <vmtarget> ; # java/lang/invoke/LambdaForm$DMH+0x000001de14002000
instanceKlass  @bci java/lang/module/Resolver makeGraph (Ljava/lang/module/Configuration;)Ljava/util/Map; 557 <appendix> argL0 ; # java/lang/module/Resolver$$Lambda+0x000001de14050148
instanceKlass  @cpi org/fxmisc/richtext/SelectionImpl 490 form vmentry <vmtarget> ; # java/lang/invoke/LambdaForm$DMH+0x000001de14001c00
instanceKlass  @bci java/lang/module/Resolver makeGraph (Ljava/lang/module/Configuration;)Ljava/util/Map; 547 <appendix> argL0 ; # java/lang/module/Resolver$$Lambda+0x000001de1404ff08
instanceKlass java/util/ArrayList$ArrayListSpliterator
instanceKlass java/lang/module/ResolvedModule
instanceKlass java/util/SequencedSet
instanceKlass java/lang/ModuleLayer
instanceKlass  @bci java/lang/module/Resolver resolve (Ljava/util/Deque;)Ljava/util/Set; 78 <appendix> member <vmtarget> ; # java/lang/module/Resolver$$Lambda+0x000001de1404fac0
instanceKlass  @cpi org/fxmisc/richtext/GenericStyledAreaBehavior 577 form vmentry <vmtarget> ; # java/lang/invoke/LambdaForm$DMH+0x000001de14001800
instanceKlass  @bci java/lang/module/Resolver addFoundAutomaticModules ()Ljava/util/Set; 14 <appendix> member <vmtarget> ; # java/lang/module/Resolver$$Lambda+0x000001de1404f888
instanceKlass java/util/stream/ForEachOps$ForEachOp
instanceKlass java/util/stream/ForEachOps
instanceKlass  @bci java/lang/module/ModuleFinder$2 findAll ()Ljava/util/Set; 50 <appendix> member <vmtarget> ; # java/lang/module/ModuleFinder$2$$Lambda+0x800000008
instanceKlass  @bci java/lang/module/ModuleFinder$2 findAll ()Ljava/util/Set; 38 <appendix> argL0 ; # java/lang/module/ModuleFinder$2$$Lambda+0x800000009
instanceKlass  @bci jdk/internal/module/ModulePath deriveModuleDescriptor (Ljava/util/jar/JarFile;)Ljava/lang/module/ModuleDescriptor; 373 <appendix> argL0 ; # jdk/internal/module/ModulePath$$Lambda+0x000001de1404f648
instanceKlass  @bci jdk/internal/module/ModulePath deriveModuleDescriptor (Ljava/util/jar/JarFile;)Ljava/lang/module/ModuleDescriptor; 363 <appendix> member <vmtarget> ; # jdk/internal/module/ModulePath$$Lambda+0x80000005e
instanceKlass  @bci java/lang/module/ModuleDescriptor$Builder packages (Ljava/util/Set;)Ljava/lang/module/ModuleDescriptor$Builder; 17 <appendix> argL0 ; # java/lang/module/ModuleDescriptor$Builder$$Lambda+0x800000004
instanceKlass  @bci jdk/internal/module/ModulePath deriveModuleDescriptor (Ljava/util/jar/JarFile;)Ljava/lang/module/ModuleDescriptor; 324 <appendix> argL0 ; # jdk/internal/module/ModulePath$$Lambda+0x000001de1404f408
instanceKlass  @bci jdk/internal/module/ModulePath deriveModuleDescriptor (Ljava/util/jar/JarFile;)Ljava/lang/module/ModuleDescriptor; 314 <appendix> member <vmtarget> ; # jdk/internal/module/ModulePath$$Lambda+0x000001de1404f1c0
instanceKlass java/util/HashMap$HashMapSpliterator
instanceKlass  @bci java/util/stream/Collectors partitioningBy (Ljava/util/function/Predicate;Ljava/util/stream/Collector;)Ljava/util/stream/Collector; 33 <appendix> member <vmtarget> ; # java/util/stream/Collectors$$Lambda+0x80000004b
instanceKlass  @bci java/util/stream/Collectors partitioningBy (Ljava/util/function/Predicate;Ljava/util/stream/Collector;)Ljava/util/stream/Collector; 25 <appendix> member <vmtarget> ; # java/util/stream/Collectors$$Lambda+0x800000048
instanceKlass  @bci java/util/stream/Collectors partitioningBy (Ljava/util/function/Predicate;Ljava/util/stream/Collector;)Ljava/util/stream/Collector; 9 <appendix> member <vmtarget> ; # java/util/stream/Collectors$$Lambda+0x800000043
instanceKlass  @bci jdk/internal/module/ModulePath deriveModuleDescriptor (Ljava/util/jar/JarFile;)Ljava/lang/module/ModuleDescriptor; 255 <appendix> argL0 ; # jdk/internal/module/ModulePath$$Lambda+0x800000061
instanceKlass  @bci jdk/internal/module/ModulePath deriveModuleDescriptor (Ljava/util/jar/JarFile;)Ljava/lang/module/ModuleDescriptor; 245 <appendix> argL0 ; # jdk/internal/module/ModulePath$$Lambda+0x800000060
instanceKlass  @bci jdk/internal/module/ModulePath deriveModuleDescriptor (Ljava/util/jar/JarFile;)Ljava/lang/module/ModuleDescriptor; 235 <appendix> argL0 ; # jdk/internal/module/ModulePath$$Lambda+0x000001de1404ef80
instanceKlass  @bci jdk/internal/module/ModulePath deriveModuleDescriptor (Ljava/util/jar/JarFile;)Ljava/lang/module/ModuleDescriptor; 225 <appendix> argL0 ; # jdk/internal/module/ModulePath$$Lambda+0x80000005f
instanceKlass java/util/regex/ASCII
instanceKlass java/util/regex/IntHashSet
instanceKlass java/util/regex/Matcher
instanceKlass java/util/regex/MatchResult
instanceKlass  @bci java/util/regex/Pattern negate (Ljava/util/regex/Pattern$CharPredicate;)Ljava/util/regex/Pattern$CharPredicate; 1 <appendix> member <vmtarget> ; # java/util/regex/Pattern$$Lambda+0x800000038
instanceKlass  @bci java/util/regex/Pattern union (Ljava/util/regex/Pattern$CharPredicate;Ljava/util/regex/Pattern$CharPredicate;Z)Ljava/util/regex/Pattern$CharPredicate; 6 <appendix> member <vmtarget> ; # java/util/regex/Pattern$$Lambda+0x800000039
instanceKlass  @bci java/util/regex/Pattern Range (II)Ljava/util/regex/Pattern$CharPredicate; 23 <appendix> member <vmtarget> ; # java/util/regex/Pattern$$Lambda+0x800000033
instanceKlass java/util/regex/Pattern$BitClass
instanceKlass java/util/regex/Pattern$TreeInfo
instanceKlass  @bci java/util/regex/CharPredicates ASCII_DIGIT ()Ljava/util/regex/Pattern$BmpCharPredicate; 0 <appendix> argL0 ; # java/util/regex/CharPredicates$$Lambda+0x80000002e
instanceKlass java/util/regex/CharPredicates
instanceKlass  @bci java/util/regex/Pattern Single (I)Ljava/util/regex/Pattern$BmpCharPredicate; 1 <appendix> member <vmtarget> ; # java/util/regex/Pattern$$Lambda+0x800000032
instanceKlass java/util/regex/Pattern$BmpCharPredicate
instanceKlass java/util/regex/Pattern$CharPredicate
instanceKlass java/util/regex/Pattern$Node
instanceKlass java/util/regex/Pattern
instanceKlass jdk/internal/module/ModulePath$Patterns
instanceKlass java/util/SequencedMap
instanceKlass java/util/jar/Attributes
instanceKlass java/util/jar/JarVerifier
instanceKlass java/io/RandomAccessFile$1
instanceKlass java/util/WeakHashMap$HashIterator
instanceKlass  @bci jdk/internal/module/ModuleReferences newJarModule (Ljdk/internal/module/ModuleInfo$Attributes;Ljdk/internal/module/ModulePatcher;Ljava/nio/file/Path;)Ljava/lang/module/ModuleReference; 18 <appendix> member <vmtarget> ; # jdk/internal/module/ModuleReferences$$Lambda+0x800000062
instanceKlass  @bci jdk/internal/module/ModuleReferences newJarModule (Ljdk/internal/module/ModuleInfo$Attributes;Ljdk/internal/module/ModulePatcher;Ljava/nio/file/Path;)Ljava/lang/module/ModuleReference; 9 <appendix> member <vmtarget> ; # jdk/internal/module/ModuleReferences$$Lambda+0x800000063
instanceKlass  @bci jdk/internal/module/ModulePath jarPackages (Ljava/util/jar/JarFile;)Ljava/util/Set; 35 <appendix> argL0 ; # jdk/internal/module/ModulePath$$Lambda+0x800000058
instanceKlass  @bci jdk/internal/module/ModulePath jarPackages (Ljava/util/jar/JarFile;)Ljava/util/Set; 25 <appendix> member <vmtarget> ; # jdk/internal/module/ModulePath$$Lambda+0x80000005b
instanceKlass  @bci jdk/internal/module/ModulePath jarPackages (Ljava/util/jar/JarFile;)Ljava/util/Set; 14 <appendix> argL0 ; # jdk/internal/module/ModulePath$$Lambda+0x80000005a
instanceKlass  @bci jdk/internal/module/ModulePath jarPackages (Ljava/util/jar/JarFile;)Ljava/util/Set; 4 <appendix> argL0 ; # jdk/internal/module/ModulePath$$Lambda+0x000001de1404dc90
instanceKlass  @bci java/util/zip/ZipFile jarStream ()Ljava/util/stream/Stream; 25 <appendix> member <vmtarget> ; # java/util/zip/ZipFile$$Lambda+0x800000051
instanceKlass java/util/function/IntFunction
instanceKlass java/util/Spliterators$AbstractSpliterator
instanceKlass  @bci jdk/internal/module/ModulePath readJar (Ljava/nio/file/Path;)Ljava/lang/module/ModuleReference; 99 <appendix> member <vmtarget> ; # jdk/internal/module/ModulePath$$Lambda+0x000001de1404da68
instanceKlass sun/security/action/GetIntegerAction
instanceKlass sun/security/util/Debug
instanceKlass sun/security/util/SignatureFileVerifier
instanceKlass java/util/zip/ZipFile$InflaterCleanupAction
instanceKlass java/util/zip/Inflater$InflaterZStreamRef
instanceKlass java/util/zip/Inflater
instanceKlass java/util/zip/ZipEntry
instanceKlass java/util/zip/ZipFile$2
instanceKlass jdk/internal/perf/PerfCounter$CoreCounters
instanceKlass java/util/Locale$1
instanceKlass sun/util/locale/LocaleUtils
instanceKlass sun/util/locale/BaseLocale$1
instanceKlass java/util/function/UnaryOperator
instanceKlass jdk/internal/util/ReferencedKeyMap$1
instanceKlass sun/util/locale/BaseLocale
instanceKlass java/util/Locale
instanceKlass java/nio/file/attribute/FileTime
instanceKlass java/lang/StringCoding
instanceKlass java/util/zip/ZipUtils
instanceKlass java/util/zip/ZipFile$Source$End
instanceKlass java/io/RandomAccessFile$2
instanceKlass jdk/internal/access/JavaIORandomAccessFileAccess
instanceKlass java/io/RandomAccessFile
instanceKlass java/io/DataOutput
instanceKlass java/util/zip/ZipFile$Source$Key
instanceKlass java/util/zip/ZipFile$Source
instanceKlass java/util/zip/ZipCoder
instanceKlass java/util/zip/ZipFile$CleanableResource
instanceKlass  @bci java/lang/module/ModuleFinder$2 find (Ljava/lang/String;)Ljava/util/Optional; 62 <appendix> member <vmtarget> ; # java/lang/module/ModuleFinder$2$$Lambda+0x800000007
instanceKlass java/net/URI$Parser
instanceKlass sun/nio/fs/WindowsUriSupport
instanceKlass  @bci jdk/internal/module/ModuleReferences newExplodedModule (Ljdk/internal/module/ModuleInfo$Attributes;Ljdk/internal/module/ModulePatcher;Ljava/nio/file/Path;)Ljava/lang/module/ModuleReference; 1 <appendix> member <vmtarget> ; # jdk/internal/module/ModuleReferences$$Lambda+0x000001de1404d450
instanceKlass java/lang/module/ModuleReader
instanceKlass jdk/internal/module/ModuleReferences
instanceKlass jdk/internal/module/ModuleInfo$Attributes
instanceKlass java/util/Collections$UnmodifiableCollection$1
instanceKlass java/util/stream/Streams
instanceKlass java/util/stream/Stream$Builder
instanceKlass java/util/stream/Streams$AbstractStreamBuilderImpl
instanceKlass jdk/internal/module/Checks
instanceKlass java/util/StringJoiner
instanceKlass sun/nio/fs/BasicFileAttributesHolder
instanceKlass java/util/stream/ReduceOps$AccumulatingSink
instanceKlass java/util/stream/ReduceOps$Box
instanceKlass java/util/stream/ReduceOps$ReduceOp
instanceKlass java/util/stream/ReduceOps
instanceKlass  @bci java/util/stream/Collectors castingIdentity ()Ljava/util/function/Function; 0 <appendix> argL0 ; # java/util/stream/Collectors$$Lambda+0x800000046
instanceKlass  @bci java/util/stream/Collectors toSet ()Ljava/util/stream/Collector; 14 <appendix> argL0 ; # java/util/stream/Collectors$$Lambda+0x800000044
instanceKlass java/util/function/BinaryOperator
instanceKlass  @bci java/util/stream/Collectors toSet ()Ljava/util/stream/Collector; 9 <appendix> argL0 ; # java/util/stream/Collectors$$Lambda+0x80000003f
instanceKlass java/util/function/BiConsumer
instanceKlass  @bci java/util/stream/Collectors toSet ()Ljava/util/stream/Collector; 4 <appendix> argL0 ; # java/util/stream/Collectors$$Lambda+0x800000049
instanceKlass java/util/stream/Collector
instanceKlass java/util/Collections$UnmodifiableCollection
instanceKlass java/util/stream/Collectors
instanceKlass  @bci jdk/internal/module/ModulePath explodedPackages (Ljava/nio/file/Path;)Ljava/util/Set; 57 <appendix> argL0 ; # jdk/internal/module/ModulePath$$Lambda+0x800000059
instanceKlass  @bci jdk/internal/module/ModulePath explodedPackages (Ljava/nio/file/Path;)Ljava/util/Set; 47 <appendix> member <vmtarget> ; # jdk/internal/module/ModulePath$$Lambda+0x000001de1404c8c0
instanceKlass  @bci jdk/internal/module/ModulePath explodedPackages (Ljava/nio/file/Path;)Ljava/util/Set; 35 <appendix> member <vmtarget> ; # jdk/internal/module/ModulePath$$Lambda+0x000001de1404c678
instanceKlass  @cpi org/fxmisc/flowless/SizeTracker 291 form vmentry <vmtarget> ; # java/lang/invoke/LambdaForm$DMH+0x000001de14001400
instanceKlass  @bci java/nio/file/Files find (Ljava/nio/file/Path;ILjava/util/function/BiPredicate;[Ljava/nio/file/FileVisitOption;)Ljava/util/stream/Stream; 57 <appendix> argL0 ; # java/nio/file/Files$$Lambda+0x000001de1404c438
instanceKlass  @bci java/nio/file/Files find (Ljava/nio/file/Path;ILjava/util/function/BiPredicate;[Ljava/nio/file/FileVisitOption;)Ljava/util/stream/Stream; 47 <appendix> member <vmtarget> ; # java/nio/file/Files$$Lambda+0x000001de1404c1e0
instanceKlass  @bci java/nio/file/Files find (Ljava/nio/file/Path;ILjava/util/function/BiPredicate;[Ljava/nio/file/FileVisitOption;)Ljava/util/stream/Stream; 33 <appendix> member <vmtarget> ; # java/nio/file/Files$$Lambda+0x000001de1404bfb8
instanceKlass  @cpi javafx/animation/Animation 692 form vmentry <vmtarget> ; # java/lang/invoke/LambdaForm$DMH+0x000001de14001000
instanceKlass java/util/Spliterators$IteratorSpliterator
instanceKlass java/nio/file/FileTreeWalker$Event
instanceKlass sun/nio/fs/WindowsDirectoryStream$WindowsDirectoryIterator
instanceKlass java/nio/file/FileTreeWalker$DirectoryNode
instanceKlass sun/nio/fs/WindowsDirectoryStream
instanceKlass java/nio/file/DirectoryStream
instanceKlass java/nio/file/Files$AcceptAllFilter
instanceKlass java/nio/file/DirectoryStream$Filter
instanceKlass java/nio/file/FileTreeWalker
instanceKlass java/nio/file/FileTreeIterator
instanceKlass  @bci jdk/internal/module/ModulePath explodedPackages (Ljava/nio/file/Path;)Ljava/util/Set; 15 <appendix> member <vmtarget> ; # jdk/internal/module/ModulePath$$Lambda+0x000001de1404a020
instanceKlass  @cpi jdk/internal/module/ModulePath 982 form vmentry <vmtarget> ; # java/lang/invoke/LambdaForm$DMH+0x000001de14000c00
instanceKlass java/util/function/BiPredicate
instanceKlass java/lang/module/ModuleDescriptor$Builder
instanceKlass jdk/internal/module/ModuleInfo$ConstantPool$Entry
instanceKlass jdk/internal/module/ModuleInfo$ConstantPool
instanceKlass java/lang/invoke/VarHandle$AccessDescriptor
instanceKlass java/lang/invoke/VarForm
instanceKlass java/lang/invoke/VarHandleGuards
instanceKlass java/lang/invoke/VarHandles
instanceKlass jdk/internal/util/ByteArray
instanceKlass sun/nio/ch/IOStatus
instanceKlass sun/nio/ch/Util$BufferCache
instanceKlass sun/nio/ch/Util
instanceKlass jdk/internal/misc/Blocker
instanceKlass sun/nio/ch/NativeThread
instanceKlass jdk/internal/module/ModuleInfo$CountingDataInput
instanceKlass java/io/DataInput
instanceKlass jdk/internal/module/ModuleInfo
instanceKlass  @bci jdk/internal/module/ModulePath readExplodedModule (Ljava/nio/file/Path;)Ljava/lang/module/ModuleReference; 30 <appendix> member <vmtarget> ; # jdk/internal/module/ModulePath$$Lambda+0x000001de14047b90
instanceKlass java/nio/channels/NetworkChannel
instanceKlass sun/nio/ch/SelChImpl
instanceKlass sun/nio/ch/Streams
instanceKlass java/nio/channels/Channels
instanceKlass sun/nio/ch/FileChannelImpl$Closer
instanceKlass sun/nio/ch/NativeThreadSet
instanceKlass java/nio/channels/spi/AbstractInterruptibleChannel$1
instanceKlass sun/nio/ch/Interruptible
instanceKlass sun/nio/ch/IOUtil
instanceKlass sun/nio/ch/NativeDispatcher
instanceKlass java/nio/channels/spi/AbstractInterruptibleChannel
instanceKlass java/nio/channels/InterruptibleChannel
instanceKlass java/nio/channels/ScatteringByteChannel
instanceKlass java/nio/channels/GatheringByteChannel
instanceKlass java/nio/channels/SeekableByteChannel
instanceKlass java/nio/channels/ByteChannel
instanceKlass java/nio/channels/WritableByteChannel
instanceKlass java/nio/channels/ReadableByteChannel
instanceKlass java/nio/channels/Channel
instanceKlass java/util/Collections$EmptyIterator
instanceKlass sun/nio/fs/WindowsChannelFactory$Flags
instanceKlass sun/nio/fs/WindowsChannelFactory$1
instanceKlass sun/nio/fs/WindowsChannelFactory
instanceKlass sun/nio/fs/WindowsSecurityDescriptor
instanceKlass java/nio/file/attribute/FileAttribute
instanceKlass sun/nio/fs/WindowsPath$1
instanceKlass sun/nio/fs/WindowsNativeDispatcher$CompletionStatus
instanceKlass sun/nio/fs/WindowsNativeDispatcher$AclInformation
instanceKlass sun/nio/fs/WindowsNativeDispatcher$Account
instanceKlass sun/nio/fs/WindowsNativeDispatcher$DiskFreeSpace
instanceKlass sun/nio/fs/WindowsNativeDispatcher$VolumeInformation
instanceKlass sun/nio/fs/WindowsNativeDispatcher$FirstStream
instanceKlass sun/nio/fs/WindowsNativeDispatcher$FirstFile
instanceKlass java/util/Enumeration
instanceKlass java/util/concurrent/ConcurrentHashMap$Traverser
instanceKlass jdk/internal/loader/NativeLibraries$3
instanceKlass jdk/internal/loader/NativeLibrary
instanceKlass java/util/ArrayDeque$DeqIterator
instanceKlass jdk/internal/loader/NativeLibraries$NativeLibraryContext$1
instanceKlass jdk/internal/loader/NativeLibraries$NativeLibraryContext
instanceKlass jdk/internal/loader/NativeLibraries$2
instanceKlass jdk/internal/loader/NativeLibraries$1
instanceKlass jdk/internal/loader/NativeLibraries$LibraryPaths
instanceKlass sun/nio/fs/WindowsNativeDispatcher
instanceKlass sun/nio/fs/NativeBuffer$Deallocator
instanceKlass sun/nio/fs/NativeBuffer
instanceKlass java/lang/ThreadLocal$ThreadLocalMap
instanceKlass java/lang/ThreadLocal
instanceKlass sun/nio/fs/NativeBuffers
instanceKlass sun/nio/fs/WindowsFileAttributes
instanceKlass java/nio/file/attribute/DosFileAttributes
instanceKlass sun/nio/fs/AbstractBasicFileAttributeView
instanceKlass sun/nio/fs/DynamicFileAttributeView
instanceKlass sun/nio/fs/WindowsFileAttributeViews
instanceKlass sun/nio/fs/Util
instanceKlass java/nio/file/attribute/BasicFileAttributeView
instanceKlass java/nio/file/attribute/FileAttributeView
instanceKlass java/nio/file/attribute/AttributeView
instanceKlass java/nio/file/Files
instanceKlass java/nio/file/CopyOption
instanceKlass java/nio/file/attribute/BasicFileAttributes
instanceKlass  @bci java/util/stream/MatchOps makeRef (Ljava/util/function/Predicate;Ljava/util/stream/MatchOps$MatchKind;)Ljava/util/stream/TerminalOp; 20 <appendix> member <vmtarget> ; # java/util/stream/MatchOps$$Lambda+0x800000050
instanceKlass java/util/stream/MatchOps$BooleanTerminalSink
instanceKlass java/util/stream/MatchOps$MatchOp
instanceKlass java/util/stream/MatchOps
instanceKlass java/util/Spliterator$OfDouble
instanceKlass java/util/Spliterator$OfLong
instanceKlass java/util/Spliterator$OfInt
instanceKlass java/util/Spliterator$OfPrimitive
instanceKlass java/util/Spliterators$EmptySpliterator
instanceKlass java/util/Spliterators
instanceKlass java/util/stream/Sink$ChainedReference
instanceKlass java/util/stream/ReferencePipeline$7$1FlatMap
instanceKlass  @bci java/util/stream/FindOps$FindSink$OfRef <clinit> ()V 43 <appendix> argL0 ; # java/util/stream/FindOps$FindSink$OfRef$$Lambda+0x80000004c
instanceKlass  @bci java/util/stream/FindOps$FindSink$OfRef <clinit> ()V 38 <appendix> argL0 ; # java/util/stream/FindOps$FindSink$OfRef$$Lambda+0x80000004e
instanceKlass  @bci java/util/stream/FindOps$FindSink$OfRef <clinit> ()V 16 <appendix> argL0 ; # java/util/stream/FindOps$FindSink$OfRef$$Lambda+0x80000004d
instanceKlass  @bci java/util/stream/FindOps$FindSink$OfRef <clinit> ()V 11 <appendix> argL0 ; # java/util/stream/FindOps$FindSink$OfRef$$Lambda+0x80000004f
instanceKlass java/util/function/Predicate
instanceKlass java/util/stream/FindOps$FindOp
instanceKlass java/util/stream/TerminalOp
instanceKlass java/util/stream/FindOps$FindSink
instanceKlass java/util/stream/TerminalSink
instanceKlass java/util/stream/Sink
instanceKlass java/util/function/Consumer
instanceKlass java/util/stream/FindOps
instanceKlass  @bci com/sun/prism/impl/ps/CachingShapeRepState$MaskCache <clinit> ()V 0 <appendix> form vmentry <vmtarget> ; # java/lang/invoke/LambdaForm$MH+0x000001de14000800
instanceKlass  @bci java/lang/module/ModuleFinder$2 find (Ljava/lang/String;)Ljava/util/Optional; 43 <appendix> argL0 ; # java/lang/module/ModuleFinder$2$$Lambda+0x80000000a
instanceKlass java/util/concurrent/ForkJoinPool$ManagedBlocker
instanceKlass java/util/concurrent/locks/AbstractQueuedSynchronizer$Node
instanceKlass java/lang/ref/Cleaner$Cleanable
instanceKlass jdk/internal/ref/CleanerImpl
instanceKlass java/lang/ref/Cleaner$1
instanceKlass java/lang/ref/Cleaner
instanceKlass jdk/internal/ref/CleanerFactory$1
instanceKlass java/util/concurrent/ThreadFactory
instanceKlass jdk/internal/ref/CleanerFactory
instanceKlass  @bci java/lang/module/ModuleFinder$2 find (Ljava/lang/String;)Ljava/util/Optional; 33 <appendix> member <vmtarget> ; # java/lang/module/ModuleFinder$2$$Lambda+0x80000000b
instanceKlass java/lang/invoke/LambdaProxyClassArchive
instanceKlass java/lang/invoke/InfoFromMemberName
instanceKlass java/lang/invoke/MethodHandleInfo
instanceKlass jdk/internal/org/objectweb/asm/ConstantDynamic
instanceKlass jdk/internal/org/objectweb/asm/Handle
instanceKlass sun/security/action/GetBooleanAction
instanceKlass java/lang/invoke/AbstractValidatingLambdaMetafactory
instanceKlass java/lang/invoke/BootstrapMethodInvoker
instanceKlass java/lang/invoke/LambdaMetafactory
# instanceKlass java/lang/invoke/LambdaForm$MH+0x000001de14000400
instanceKlass java/lang/invoke/MethodHandles$Lookup$ClassDefiner
instanceKlass java/lang/invoke/MethodHandles$Lookup$ClassFile
instanceKlass jdk/internal/org/objectweb/asm/Handler
instanceKlass jdk/internal/org/objectweb/asm/Attribute
instanceKlass jdk/internal/org/objectweb/asm/FieldVisitor
instanceKlass java/util/ArrayList$Itr
instanceKlass sun/invoke/empty/Empty
instanceKlass sun/invoke/util/VerifyType
instanceKlass java/lang/invoke/InvokerBytecodeGenerator$ClassData
instanceKlass jdk/internal/org/objectweb/asm/AnnotationVisitor
instanceKlass jdk/internal/org/objectweb/asm/Frame
instanceKlass jdk/internal/org/objectweb/asm/Label
instanceKlass jdk/internal/org/objectweb/asm/Type
instanceKlass jdk/internal/org/objectweb/asm/MethodVisitor
instanceKlass sun/invoke/util/BytecodeDescriptor
instanceKlass jdk/internal/org/objectweb/asm/ByteVector
instanceKlass jdk/internal/org/objectweb/asm/Symbol
instanceKlass jdk/internal/org/objectweb/asm/SymbolTable
instanceKlass jdk/internal/org/objectweb/asm/ClassVisitor
instanceKlass java/lang/invoke/LambdaFormBuffer
instanceKlass java/lang/invoke/LambdaFormEditor$TransformKey
instanceKlass java/lang/invoke/LambdaFormEditor
instanceKlass java/lang/invoke/Invokers$Holder
instanceKlass java/lang/invoke/DelegatingMethodHandle$Holder
instanceKlass java/lang/invoke/DirectMethodHandle$2
instanceKlass java/lang/invoke/ClassSpecializer$Factory
instanceKlass java/lang/invoke/ClassSpecializer$SpeciesData
instanceKlass java/lang/invoke/ClassSpecializer$1
instanceKlass java/lang/invoke/ClassSpecializer
instanceKlass java/lang/invoke/InvokerBytecodeGenerator$1
instanceKlass java/lang/invoke/InvokerBytecodeGenerator
instanceKlass java/lang/invoke/LambdaForm$Holder
instanceKlass java/lang/invoke/LambdaForm$Name
instanceKlass java/lang/invoke/Invokers
instanceKlass sun/invoke/util/ValueConversions
instanceKlass java/lang/invoke/DirectMethodHandle$Holder
instanceKlass java/lang/Void
instanceKlass java/lang/constant/DynamicConstantDesc
instanceKlass jdk/internal/constant/DirectMethodHandleDescImpl$1
instanceKlass jdk/internal/constant/ConstantUtils
instanceKlass jdk/internal/constant/DirectMethodHandleDescImpl
instanceKlass java/lang/constant/DirectMethodHandleDesc
instanceKlass java/lang/constant/MethodHandleDesc$1
instanceKlass java/lang/constant/MethodHandleDesc
instanceKlass jdk/internal/constant/MethodTypeDescImpl
instanceKlass java/lang/constant/MethodTypeDesc
instanceKlass jdk/internal/constant/ReferenceClassDescImpl
instanceKlass java/lang/constant/ClassDesc
instanceKlass java/lang/constant/ConstantDescs
instanceKlass sun/invoke/util/Wrapper$Format
instanceKlass java/lang/invoke/MethodHandleImpl$1
instanceKlass jdk/internal/access/JavaLangInvokeAccess
instanceKlass java/lang/invoke/LambdaForm$NamedFunction
instanceKlass java/lang/invoke/MethodHandleImpl
instanceKlass jdk/internal/reflect/MethodHandleAccessorFactory$LazyStaticHolder
instanceKlass java/lang/invoke/MethodTypeForm
instanceKlass jdk/internal/util/StrongReferenceKey
instanceKlass jdk/internal/util/ReferenceKey
instanceKlass jdk/internal/util/ReferencedKeyMap
instanceKlass java/lang/invoke/MethodType$1
instanceKlass jdk/internal/reflect/MethodHandleAccessorFactory
instanceKlass sun/reflect/annotation/AnnotationParser
instanceKlass java/lang/Class$3
instanceKlass java/lang/PublicMethods$Key
instanceKlass java/lang/PublicMethods$MethodList
instanceKlass java/lang/Class$Atomic
instanceKlass java/lang/Class$ReflectionData
instanceKlass java/util/EnumMap$1
instanceKlass java/util/stream/StreamOpFlag$MaskBuilder
instanceKlass java/util/stream/Stream
instanceKlass java/util/stream/BaseStream
instanceKlass java/util/stream/PipelineHelper
instanceKlass java/util/stream/StreamSupport
instanceKlass java/util/AbstractList$RandomAccessSpliterator
instanceKlass java/util/Spliterator
instanceKlass java/util/ImmutableCollections$ListItr
instanceKlass java/util/ListIterator
instanceKlass java/lang/module/ModuleFinder$1
instanceKlass java/lang/module/Resolver
instanceKlass java/lang/module/Configuration
instanceKlass java/lang/module/ModuleFinder$2
instanceKlass jdk/internal/loader/BuiltinClassLoader$LoadedModule
instanceKlass jdk/internal/loader/AbstractClassLoaderValue
instanceKlass jdk/internal/module/ServicesCatalog
instanceKlass java/util/Deque
instanceKlass java/util/Queue
instanceKlass sun/net/util/IPAddressUtil$MASKS
instanceKlass sun/net/util/IPAddressUtil
instanceKlass java/net/URLStreamHandler
instanceKlass java/lang/StringUTF16
instanceKlass sun/net/www/ParseUtil
instanceKlass java/net/URL$3
instanceKlass jdk/internal/access/JavaNetURLAccess
instanceKlass java/net/URL$DefaultFactory
instanceKlass java/net/URLStreamHandlerFactory
instanceKlass jdk/internal/loader/URLClassPath
instanceKlass java/security/Principal
instanceKlass java/security/ProtectionDomain$Key
instanceKlass java/security/ProtectionDomain$JavaSecurityAccessImpl
instanceKlass jdk/internal/access/JavaSecurityAccess
instanceKlass java/lang/ClassLoader$ParallelLoaders
instanceKlass java/security/cert/Certificate
instanceKlass jdk/internal/loader/ArchivedClassLoaders
instanceKlass java/util/concurrent/ConcurrentHashMap$CollectionView
instanceKlass jdk/internal/loader/ClassLoaderHelper
instanceKlass jdk/internal/loader/NativeLibraries
instanceKlass java/lang/Module$EnableNativeAccess
instanceKlass jdk/internal/loader/BootLoader
instanceKlass jdk/internal/module/SystemModuleFinders$SystemModuleFinder
instanceKlass jdk/internal/module/SystemModuleFinders$3
instanceKlass jdk/internal/module/ModuleHashes$HashSupplier
instanceKlass jdk/internal/module/SystemModuleFinders$2
instanceKlass java/util/function/Supplier
instanceKlass java/lang/module/ModuleReference
instanceKlass jdk/internal/module/ModuleResolution
instanceKlass java/util/Collections$UnmodifiableMap
instanceKlass jdk/internal/module/ModuleHashes$Builder
instanceKlass jdk/internal/module/ModuleHashes
instanceKlass jdk/internal/module/ModuleTarget
instanceKlass java/util/ImmutableCollections$Set12$1
instanceKlass java/lang/reflect/AccessFlag$18
instanceKlass java/lang/reflect/AccessFlag$17
instanceKlass java/lang/reflect/AccessFlag$16
instanceKlass java/lang/reflect/AccessFlag$15
instanceKlass java/lang/reflect/AccessFlag$14
instanceKlass java/lang/reflect/AccessFlag$13
instanceKlass java/lang/reflect/AccessFlag$12
instanceKlass java/lang/reflect/AccessFlag$11
instanceKlass java/lang/reflect/AccessFlag$10
instanceKlass java/lang/reflect/AccessFlag$9
instanceKlass java/lang/reflect/AccessFlag$8
instanceKlass java/lang/reflect/AccessFlag$7
instanceKlass java/lang/reflect/AccessFlag$6
instanceKlass java/lang/reflect/AccessFlag$5
instanceKlass java/lang/reflect/AccessFlag$4
instanceKlass java/lang/reflect/AccessFlag$3
instanceKlass java/lang/reflect/AccessFlag$2
instanceKlass java/lang/reflect/AccessFlag$1
instanceKlass java/lang/module/ModuleDescriptor$Version
instanceKlass java/lang/module/ModuleDescriptor$Provides
instanceKlass java/lang/module/ModuleDescriptor$Opens
instanceKlass java/util/ImmutableCollections$SetN$SetNIterator
instanceKlass java/lang/module/ModuleDescriptor$Exports
instanceKlass java/lang/module/ModuleDescriptor$Requires
instanceKlass jdk/internal/module/Builder
instanceKlass jdk/internal/module/SystemModules$all
instanceKlass jdk/internal/module/SystemModules
instanceKlass jdk/internal/module/SystemModulesMap
instanceKlass java/net/URI$1
instanceKlass jdk/internal/access/JavaNetUriAccess
instanceKlass java/net/URI
instanceKlass jdk/internal/module/SystemModuleFinders
instanceKlass jdk/internal/module/ArchivedModuleGraph
instanceKlass jdk/internal/util/DecimalDigits
instanceKlass java/util/Optional
instanceKlass java/lang/Runtime$Version
instanceKlass java/util/jar/JavaUtilJarAccessImpl
instanceKlass jdk/internal/access/JavaUtilJarAccess
instanceKlass java/util/zip/ZipFile$1
instanceKlass jdk/internal/access/JavaUtilZipFileAccess
instanceKlass java/util/zip/ZipFile
instanceKlass java/util/zip/ZipConstants
instanceKlass java/nio/Bits$1
instanceKlass jdk/internal/misc/VM$BufferPool
instanceKlass java/nio/Bits
instanceKlass sun/nio/ch/DirectBuffer
instanceKlass jdk/internal/perf/Perf
instanceKlass jdk/internal/perf/Perf$GetPerfAction
instanceKlass jdk/internal/perf/PerfCounter
instanceKlass java/lang/reflect/Array
instanceKlass java/util/jar/Attributes$Name
instanceKlass jdk/internal/module/ModulePath
instanceKlass java/lang/module/ModuleFinder
instanceKlass sun/nio/fs/WindowsPath
instanceKlass sun/nio/fs/WindowsPathParser$Result
instanceKlass sun/nio/fs/WindowsPathParser
instanceKlass java/nio/file/FileSystem
instanceKlass java/nio/file/OpenOption
instanceKlass java/nio/file/spi/FileSystemProvider
instanceKlass sun/nio/fs/DefaultFileSystemProvider
instanceKlass java/nio/file/FileSystems
instanceKlass java/nio/file/Path
instanceKlass java/nio/file/Watchable
instanceKlass jdk/internal/module/ArchivedBootLayer
instanceKlass jdk/internal/module/ModuleBootstrap$Counters
instanceKlass jdk/internal/module/ModuleLoaderMap$Modules
instanceKlass jdk/internal/module/ModuleLoaderMap
instanceKlass jdk/internal/module/ModulePatcher
instanceKlass java/io/FileSystem
instanceKlass java/io/DefaultFileSystem
instanceKlass java/io/File
instanceKlass java/lang/module/ModuleDescriptor$1
instanceKlass jdk/internal/access/JavaLangModuleAccess
instanceKlass java/lang/reflect/Modifier
instanceKlass sun/invoke/util/VerifyAccess
instanceKlass java/util/KeyValueHolder
instanceKlass java/util/ImmutableCollections$MapN$MapNIterator
instanceKlass java/lang/StrictMath
instanceKlass java/lang/invoke/MethodHandles$Lookup
instanceKlass java/lang/invoke/MemberName$Factory
instanceKlass java/lang/invoke/MethodHandles
instanceKlass java/lang/module/ModuleDescriptor
instanceKlass jdk/internal/module/ModuleBootstrap
instanceKlass java/lang/Character$CharacterCache
instanceKlass java/util/HexFormat
instanceKlass jdk/internal/util/ClassFileDumper
instanceKlass sun/security/action/GetPropertyAction
instanceKlass java/lang/invoke/MethodHandleStatics
instanceKlass java/util/concurrent/locks/AbstractQueuedSynchronizer$ConditionObject
instanceKlass java/util/concurrent/locks/Condition
instanceKlass java/util/Collections
instanceKlass java/lang/Thread$ThreadIdentifiers
instanceKlass sun/io/Win32ErrorMode
instanceKlass jdk/internal/misc/OSEnvironment
instanceKlass java/lang/Integer$IntegerCache
instanceKlass jdk/internal/misc/Signal$NativeHandler
instanceKlass java/util/Hashtable$Entry
instanceKlass jdk/internal/misc/Signal
instanceKlass java/lang/Terminator$1
instanceKlass jdk/internal/misc/Signal$Handler
instanceKlass java/lang/Terminator
instanceKlass java/nio/ByteOrder
instanceKlass java/nio/Buffer$2
instanceKlass jdk/internal/access/JavaNioAccess
instanceKlass java/nio/Buffer$1
instanceKlass jdk/internal/misc/ScopedMemoryAccess
instanceKlass java/nio/charset/CodingErrorAction
instanceKlass java/nio/charset/CharsetEncoder
instanceKlass java/io/Writer
instanceKlass java/io/PrintStream$1
instanceKlass jdk/internal/access/JavaIOPrintStreamAccess
instanceKlass jdk/internal/misc/InternalLock
instanceKlass java/io/OutputStream
instanceKlass java/io/Flushable
instanceKlass java/io/FileDescriptor$1
instanceKlass jdk/internal/access/JavaIOFileDescriptorAccess
instanceKlass java/io/FileDescriptor
instanceKlass jdk/internal/util/StaticProperty
instanceKlass java/util/HashMap$HashIterator
instanceKlass java/util/concurrent/locks/LockSupport
instanceKlass java/util/concurrent/ConcurrentHashMap$Node
instanceKlass java/util/concurrent/ConcurrentHashMap$CounterCell
instanceKlass java/util/concurrent/locks/ReentrantLock
instanceKlass java/util/concurrent/locks/Lock
instanceKlass java/lang/CharacterData
instanceKlass java/util/Arrays
instanceKlass jdk/internal/util/Preconditions$3
instanceKlass jdk/internal/util/Preconditions$2
instanceKlass jdk/internal/util/Preconditions$4
instanceKlass java/util/function/BiFunction
instanceKlass jdk/internal/util/Preconditions$1
instanceKlass java/util/function/Function
instanceKlass jdk/internal/util/Preconditions
instanceKlass java/lang/Runtime
instanceKlass java/lang/VersionProps
instanceKlass java/lang/StringConcatHelper
instanceKlass java/util/HashMap$Node
instanceKlass java/util/Map$Entry
instanceKlass jdk/internal/util/ArraysSupport
instanceKlass sun/nio/cs/HistoricallyNamedCharset
instanceKlass java/nio/charset/spi/CharsetProvider
instanceKlass java/nio/charset/Charset
instanceKlass jdk/internal/util/SystemProps$Raw
instanceKlass jdk/internal/util/SystemProps
instanceKlass java/lang/System$2
instanceKlass jdk/internal/access/JavaLangAccess
instanceKlass java/lang/ref/NativeReferenceQueue$Lock
instanceKlass java/lang/ref/ReferenceQueue
instanceKlass java/lang/ref/Reference$1
instanceKlass jdk/internal/access/JavaLangRefAccess
instanceKlass jdk/internal/reflect/ReflectionFactory
instanceKlass java/lang/Math
instanceKlass java/lang/StringLatin1
instanceKlass jdk/internal/reflect/Reflection
instanceKlass jdk/internal/reflect/ReflectionFactory$GetReflectionFactoryAction
instanceKlass java/security/PrivilegedAction
instanceKlass jdk/internal/access/SharedSecrets
instanceKlass java/lang/reflect/ReflectAccess
instanceKlass jdk/internal/access/JavaLangReflectAccess
instanceKlass java/util/ImmutableCollections
instanceKlass java/util/Objects
instanceKlass java/util/Set
instanceKlass jdk/internal/misc/CDS
instanceKlass java/lang/Module$ArchivedData
instanceKlass jdk/internal/misc/VM
instanceKlass java/lang/String$CaseInsensitiveComparator
instanceKlass java/util/Comparator
instanceKlass java/io/ObjectStreamField
instanceKlass jdk/internal/vm/FillerObject
instanceKlass jdk/internal/vm/vector/VectorSupport$VectorPayload
instanceKlass jdk/internal/vm/vector/VectorSupport
instanceKlass java/lang/reflect/RecordComponent
instanceKlass java/util/Iterator
instanceKlass java/lang/Number
instanceKlass java/lang/Character
instanceKlass java/lang/Boolean
instanceKlass java/util/concurrent/locks/AbstractOwnableSynchronizer
instanceKlass java/lang/LiveStackFrame
instanceKlass java/lang/ClassFrameInfo
instanceKlass java/lang/StackWalker$StackFrame
instanceKlass java/lang/StackStreamFactory$AbstractStackWalker
instanceKlass java/lang/StackWalker
instanceKlass java/nio/Buffer
instanceKlass java/lang/StackTraceElement
instanceKlass java/util/RandomAccess
instanceKlass java/util/List
instanceKlass java/util/SequencedCollection
instanceKlass java/util/AbstractCollection
instanceKlass java/util/Collection
instanceKlass java/lang/Iterable
instanceKlass java/util/concurrent/ConcurrentMap
instanceKlass java/util/AbstractMap
instanceKlass java/security/CodeSource
instanceKlass jdk/internal/loader/ClassLoaders
instanceKlass java/util/jar/Manifest
instanceKlass java/lang/Enum
instanceKlass java/net/URL
instanceKlass java/io/InputStream
instanceKlass java/io/Closeable
instanceKlass java/lang/AutoCloseable
instanceKlass jdk/internal/module/Modules
instanceKlass jdk/internal/misc/Unsafe
instanceKlass jdk/internal/misc/UnsafeConstants
instanceKlass java/lang/AbstractStringBuilder
instanceKlass java/lang/Appendable
instanceKlass java/lang/AssertionStatusDirectives
instanceKlass java/lang/invoke/MethodHandleNatives$CallSiteContext
instanceKlass jdk/internal/foreign/abi/ABIDescriptor
instanceKlass jdk/internal/foreign/abi/NativeEntryPoint
instanceKlass java/lang/invoke/CallSite
instanceKlass java/lang/invoke/MethodType
instanceKlass java/lang/invoke/TypeDescriptor$OfMethod
instanceKlass java/lang/invoke/LambdaForm
instanceKlass java/lang/invoke/MethodHandleNatives
instanceKlass java/lang/invoke/ResolvedMethodName
instanceKlass java/lang/invoke/MemberName
instanceKlass java/lang/invoke/VarHandle
instanceKlass java/lang/invoke/MethodHandle
instanceKlass jdk/internal/reflect/ConstructorAccessor
instanceKlass jdk/internal/reflect/CallerSensitive
instanceKlass java/lang/annotation/Annotation
instanceKlass jdk/internal/reflect/ConstantPool
instanceKlass jdk/internal/reflect/MethodAccessor
instanceKlass jdk/internal/reflect/MagicAccessorImpl
instanceKlass jdk/internal/vm/StackChunk
instanceKlass jdk/internal/vm/Continuation
instanceKlass jdk/internal/vm/ContinuationScope
instanceKlass java/lang/reflect/Parameter
instanceKlass java/lang/reflect/Member
instanceKlass java/lang/reflect/AccessibleObject
instanceKlass java/lang/Module
instanceKlass java/util/Map
instanceKlass java/util/Dictionary
instanceKlass java/lang/ThreadGroup
instanceKlass java/lang/Thread$UncaughtExceptionHandler
instanceKlass java/lang/Thread$Constants
instanceKlass java/lang/Thread$FieldHolder
instanceKlass java/lang/Thread
instanceKlass java/lang/Runnable
instanceKlass java/lang/ref/Reference
instanceKlass java/lang/Record
instanceKlass java/security/AccessController
instanceKlass java/security/AccessControlContext
instanceKlass java/security/ProtectionDomain
instanceKlass java/lang/SecurityManager
instanceKlass java/lang/Throwable
instanceKlass java/lang/System
instanceKlass java/lang/ClassLoader
instanceKlass java/lang/Cloneable
instanceKlass java/lang/Class
instanceKlass java/lang/invoke/TypeDescriptor$OfField
instanceKlass java/lang/invoke/TypeDescriptor
instanceKlass java/lang/reflect/Type
instanceKlass java/lang/reflect/GenericDeclaration
instanceKlass java/lang/reflect/AnnotatedElement
instanceKlass java/lang/String
instanceKlass java/lang/constant/ConstantDesc
instanceKlass java/lang/constant/Constable
instanceKlass java/lang/CharSequence
instanceKlass java/lang/Comparable
instanceKlass java/io/Serializable
ciInstanceKlass java/lang/Object 1 1 123 7 1 10 12 1 1 10 7 12 1 1 1 10 7 12 1 1 1 10 12 1 1 8 1 10 12 1 1 10 7 12 1 1 1 10 12 1 10 12 1 1 10 7 12 1 1 1 10 12 1 1 10 12 1 10 100 12 1 1 10 12 1 1 7 1 10 12 1 100 1 8 1 10 12 1 3 8 1 7 1 5 0 1 1 1 1 1 1 1 1 1 1 1 1 1 1 1 1 100 1 1 1 1 1 1 1 1 1 7 1 1 1 1 1 1 1 1 1 1 3 1 1
ciMethod java/lang/Object equals (Ljava/lang/Object;)Z 906 0 21876 0 -1
ciMethod java/lang/Object hashCode ()I 256 0 128 0 -1
ciInstanceKlass java/io/Serializable 1 0 7 100 1 100 1 1 1
ciInstanceKlass java/lang/System 1 1 836 10 7 12 1 1 1 9 7 12 1 1 1 10 12 1 10 12 1 1 10 12 1 1 10 12 1 9 12 1 1 10 7 12 1 1 1 11 100 12 1 1 1 10 100 12 1 1 1 10 12 1 1 10 12 1 1 100 1 8 1 10 12 1 10 7 12 1 1 1 10 7 12 1 1 1 18 12 1 1 10 7 12 1 1 1 7 1 10 12 1 1 10 7 12 1 1 1 10 12 1 10 7 12 1 1 1 9 100 12 1 1 1 10 7 12 1 1 1 11 7 12 1 1 1 10 12 1 1 10 7 12 1 1 1 7 1 10 10 12 1 1 8 1 10 12 1 8 1 10 12 1 9 12 1 1 8 1 10 7 12 1 1 1 10 12 1 1 100 1 8 1 10 9 12 1 1 8 1 10 12 1 1 10 100 12 1 1 1 8 1 10 12 1 7 1 10 12 1 8 1 10 12 1 10 12 1 1 100 1 10 12 10 12 1 9 12 1 1 9 12 1 1 10 7 12 1 1 1 10 7 12 1 1 1 10 12 1 1 10 12 1 10 12 1 10 7 12 1 1 1 10 12 1 100 1 100 1 8 1 10 12 1 10 12 1 1 7 1 10 12 1 100 1 8 1 10 10 12 1 100 1 8 1 10 8 1 10 7 12 1 1 8 1 10 12 100 1 8 1 10 10 12 1 1 10 7 12 1 1 1 100 1 18 12 1 100 1 9 100 12 1 1 1 10 12 1 100 1 10 12 1 1 10 12 1 1 10 7 12 1 1 1 10 12 1 1 10 12 1 10 12 1 10 12 1 1 10 12 1 7 1 10 12 1 9 7 12 1 1 1 10 7 12 1 1 1 10 12 1 10 12 1 10 7 12 1 1 1 7 1 8 1 10 9 12 1 9 12 1 10 12 1 10 7 12 1 1 10 12 1 10 12 1 1 8 1 10 12 1 1 8 1 11 12 1 10 12 11 12 1 1 11 7 12 1 1 1 11 7 12 1 1 11 12 1 1 7 1 11 12 1 10 12 1 8 1 10 12 1 1 8 1 8 1 8 1 8 1 11 12 1 10 12 1 10 12 1 10 12 1 8 1 10 12 1 1 8 1 9 12 1 8 1 10 7 12 1 1 8 1 7 1 9 7 12 1 1 1 10 12 1 7 1 9 12 10 9 12 7 1 10 12 9 12 1 1 8 1 10 12 1 1 8 1 10 7 12 1 1 10 12 1 10 12 1 1 11 7 12 1 1 10 12 10 7 12 1 1 1 9 12 1 1 7 1 8 1 10 12 1 1 10 7 12 1 1 1 7 1 10 12 1 1 10 12 1 8 1 8 1 10 8 1 8 1 8 1 8 1 10 10 7 12 1 1 10 12 1 10 12 1 1 10 12 1 1 10 12 1 10 100 12 1 1 1 10 7 1 8 1 10 10 10 12 1 1 10 12 1 1 8 1 10 12 1 8 1 8 1 10 12 1 10 7 12 1 1 1 10 12 1 1 7 1 10 10 12 1 10 12 1 9 12 1 1 1 1 3 1 3 1 1 1 1 1 1 1 1 1 1 100 1 1 100 1 1 1 1 1 1 1 1 1 1 1 100 1 7 1 1 1 1 1 1 1 1 1 1 1 1 1 1 1 1 1 1 1 1 1 1 1 1 1 1 1 1 1 1 1 1 1 1 1 1 1 1 1 1 1 1 1 1 1 1 1 1 1 1 1 1 1 1 1 1 1 1 100 1 1 1 1 1 1 1 1 1 1 1 1 1 1 1 1 1 1 1 1 1 1 1 1 1 1 1 1 1 1 1 1 1 100 1 1 16 15 10 12 1 1 16 15 10 12 16 1 15 10 100 12 1 1 1 1 1 1 1 1 1 1 1 100 1 100 1 1
staticfield java/lang/System in Ljava/io/InputStream; java/io/BufferedInputStream
staticfield java/lang/System out Ljava/io/PrintStream; java/io/PrintStream
staticfield java/lang/System err Ljava/io/PrintStream; java/io/PrintStream
ciInstanceKlass java/lang/SecurityManager 0 0 576 10 7 12 1 1 1 9 7 12 1 1 1 10 7 12 1 1 1 100 1 8 1 10 12 1 10 12 1 1 10 7 12 1 1 1 10 7 1 10 100 1 10 9 100 12 1 1 1 10 7 12 1 1 1 10 12 1 1 10 7 12 1 1 100 1 8 1 10 9 12 1 1 9 12 1 8 1 9 12 1 7 1 10 8 1 10 12 1 1 10 12 1 10 12 1 1 100 1 10 10 12 1 1 100 1 8 1 10 12 1 8 1 8 1 8 1 8 1 8 1 8 1 10 12 1 8 1 8 1 8 1 8 1 8 1 10 7 12 1 1 1 10 12 1 1 8 1 100 1 8 1 10 8 1 8 1 8 1 8 1 8 1 10 100 12 1 1 8 1 100 1 8 1 8 1 10 8 1 10 12 1 100 1 8 1 10 10 12 1 1 10 12 1 10 12 1 10 12 1 10 100 12 1 1 1 10 12 1 10 100 12 1 1 11 100 12 1 1 1 18 12 1 1 11 100 12 1 1 1 18 12 1 1 11 12 1 1 18 18 11 12 1 18 12 1 11 12 1 1 9 12 1 1 9 12 1 9 12 1 9 12 1 100 1 10 100 12 1 1 10 12 1 10 12 1 18 12 1 18 10 100 12 1 1 1 18 12 1 10 12 1 18 18 8 1 10 12 1 9 12 1 1 11 7 12 1 1 1 8 1 100 1 10 12 1 10 12 1 1 10 12 1 1 9 12 1 1 10 12 1 10 12 1 1 8 1 100 1 10 9 12 1 8 1 10 12 1 8 1 100 1 10 10 100 12 1 1 10 100 1 9 7 12 1 1 1 11 12 1 1 10 12 1 11 12 1 10 12 1 7 1 10 10 12 1 1 10 12 1 1 1 1 1 1 1 1 1 1 1 7 1 1 1 1 1 1 1 1 1 1 1 1 1 1 1 1 1 1 1 1 1 1 1 1 1 1 1 1 1 1 1 1 1 1 1 1 1 1 1 1 1 1 1 1 1 1 1 1 1 1 1 1 1 1 1 1 3 1 1 1 1 1 1 1 1 1 1 100 1 1 1 1 1 1 1 1 1 1 1 1 1 1 1 1 1 1 1 1 1 1 1 1 1 1 1 1 1 1 1 1 1 1 1 1 1 1 16 15 10 7 12 1 1 1 16 1 16 15 10 12 16 1 15 10 12 16 15 11 7 1 16 1 16 1 15 10 12 16 15 10 12 16 15 10 12 1 16 1 15 11 12 1 15 10 12 16 15 10 16 1 15 10 100 12 1 1 1 1 1 1 100 1 100 1 1
ciInstanceKlass java/security/AccessController 1 1 295 10 7 12 1 1 1 10 7 12 1 1 1 10 7 12 1 1 1 10 12 1 1 10 12 1 1 10 7 12 1 1 1 10 12 1 1 10 12 1 10 12 1 1 10 12 1 100 1 8 1 10 12 1 10 12 1 10 12 1 1 10 12 1 7 1 7 1 10 12 1 1 10 12 1 10 12 1 10 12 1 1 10 7 12 1 1 1 10 12 1 1 9 100 12 1 1 1 10 7 12 1 1 1 10 12 1 10 12 1 9 100 12 1 1 1 10 12 1 10 12 1 1 9 12 1 1 10 100 1 10 11 7 12 1 1 1 10 7 12 1 1 11 7 1 100 1 10 12 1 10 12 1 10 12 1 8 1 10 12 1 1 8 1 10 100 12 1 1 1 8 1 7 1 10 10 12 1 1 10 12 1 10 7 12 1 1 1 10 12 1 8 1 10 7 12 1 1 8 1 8 1 10 12 1 8 1 10 12 1 10 12 1 1 10 12 1 1 1 1 1 1 1 1 1 1 1 1 1 1 1 1 1 1 1 1 1 1 1 1 1 1 1 1 100 1 1 1 1 1 1 1 1 1 1 1 1 1 1 1 1 1 1 1 1 1 1 1 1 1 1 1 1 1 1 1 1 1 1 100 1 100 1 1 1 1 1 1 1 1 1 3 1 1 1
staticfield java/security/AccessController $assertionsDisabled Z 1
ciInstanceKlass java/security/ProtectionDomain 1 1 348 10 7 12 1 1 1 9 7 12 1 1 1 7 1 10 9 12 1 1 9 12 1 1 9 12 1 1 10 7 12 1 1 7 1 9 12 1 9 12 1 1 7 1 9 12 1 1 9 12 1 10 100 12 1 1 10 100 12 1 1 1 10 12 1 1 10 12 1 9 12 1 9 100 12 1 1 10 12 1 1 10 100 1 10 12 1 1 8 1 7 1 8 1 10 12 1 10 11 10 7 12 1 1 1 10 12 1 1 8 1 11 8 1 10 12 1 8 1 8 1 10 12 1 1 10 12 1 10 12 1 1 10 12 1 8 1 10 12 1 8 1 8 1 10 7 12 1 1 1 9 100 12 1 1 1 10 12 1 1 9 100 12 1 1 1 10 7 12 1 1 1 100 1 18 12 1 1 10 7 12 1 1 1 10 7 1 10 12 1 10 12 1 1 11 100 12 1 1 11 12 1 100 1 11 7 12 1 1 1 10 12 1 10 11 12 1 1 11 12 1 1 10 12 1 10 7 12 1 1 10 100 12 1 1 11 12 1 10 12 10 12 1 8 1 8 1 10 7 12 1 1 1 7 1 10 10 7 12 1 1 1 1 1 1 1 1 1 1 7 1 1 7 1 1 1 1 1 1 1 1 1 1 1 1 1 1 1 1 1 1 1 1 1 1 1 1 1 1 1 1 1 1 1 1 1 1 1 1 1 1 1 1 1 1 1 1 7 1 1 1 1 1 1 100 1 1 16 15 10 12 16 15 10 100 12 1 1 1 1 1 1 1 100 1 100 1 1
staticfield java/security/ProtectionDomain filePermCompatInPD Z 0
ciInstanceKlass java/security/CodeSource 1 1 399 10 7 12 1 1 1 9 7 12 1 1 1 9 12 1 1 9 12 1 1 9 12 1 1 10 7 12 1 1 1 9 12 1 1 10 100 12 1 1 10 100 10 100 12 1 1 1 10 12 1 1 10 12 1 1 7 1 10 10 100 12 1 1 1 10 100 12 1 1 1 10 12 1 1 100 1 10 12 1 1 10 12 1 1 10 12 1 1 10 12 1 10 10 7 1 10 12 1 1 10 7 12 1 1 1 10 12 1 1 10 12 1 10 12 1 8 1 10 12 1 10 12 1 10 12 1 1 10 12 1 8 1 10 12 1 1 10 7 1 10 10 12 1 1 8 1 10 12 1 10 12 1 10 12 1 8 1 8 1 9 12 1 1 100 1 8 1 10 12 1 10 12 1 1 8 1 10 12 1 8 1 8 1 8 1 10 100 12 1 1 10 12 1 1 10 12 1 10 12 1 1 10 12 1 1 10 12 1 1 100 1 100 1 10 12 1 10 12 10 12 1 1 10 100 12 1 1 10 12 1 7 1 10 12 10 100 12 1 1 1 10 8 1 10 12 1 10 12 1 10 12 1 1 100 1 10 12 1 1 100 1 7 1 8 1 8 1 10 10 12 1 1 10 100 12 1 1 1 7 1 10 12 10 12 1 1 11 7 12 1 1 10 10 12 1 11 10 12 1 8 1 100 1 10 12 1 10 12 1 1 10 12 1 11 12 1 1 7 1 1 1 1 5 0 1 1 1 1 1 1 1 1 1 1 1 1 1 1 1 1 1 1 1 1 1 1 1 1 1 1 1 1 1 1 1 1 1 1 1 1 1 1 1 1 1 1 1 1 1 1 1 1 1 1 1 1 1 1 1 1 1 1 1 1 1 1 1 1 1 1 100 1 1 1 1 1 1 1
ciInstanceKlass java/lang/Boolean 1 1 152 10 7 12 1 1 1 9 7 12 1 1 1 10 12 1 1 10 12 1 8 1 10 7 12 1 1 9 12 1 1 9 12 1 10 12 1 1 10 12 1 1 10 12 1 1 10 7 12 1 1 1 100 1 100 1 10 12 1 1 9 100 12 1 1 9 12 10 100 12 1 1 1 10 12 1 1 8 1 10 7 12 1 1 1 9 12 1 1 7 1 7 1 7 1 1 1 1 1 1 5 0 1 1 1 1 1 1 1 1 1 1 3 1 1 1 1 1 1 1 1 1 1 1 1 1 1 1 1 1 1 7 1 1 1 1 1 1 1 1 1 1 100 1 1 1 1 1 1 1 1 1
staticfield java/lang/Boolean TRUE Ljava/lang/Boolean; java/lang/Boolean
staticfield java/lang/Boolean FALSE Ljava/lang/Boolean; java/lang/Boolean
staticfield java/lang/Boolean TYPE Ljava/lang/Class; java/lang/Class
ciInstanceKlass java/lang/Comparable 1 0 12 100 1 100 1 1 1 1 1 1 1 1
ciInstanceKlass java/lang/constant/Constable 1 0 11 100 1 100 1 1 1 1 1 1 1
ciInstanceKlass java/util/Map 1 1 263 11 7 12 1 1 1 11 12 1 1 10 7 12 1 1 11 12 1 1 11 7 12 1 1 1 11 100 12 1 1 1 11 12 1 1 7 1 11 12 1 11 12 1 100 1 100 1 10 12 1 1 11 100 12 1 1 1 11 100 12 1 1 1 11 12 1 11 12 1 10 12 1 1 11 12 1 11 7 12 1 9 7 12 1 1 1 7 1 10 12 7 1 7 1 10 12 1 7 1 10 7 1 11 12 1 11 12 1 1 11 12 1 1 7 1 11 12 1 1 1 1 1 1 1 1 1 1 1 1 1 1 1 1 1 1 1 1 1 1 1 1 1 1 1 1 1 1 1 1 1 1 1 1 1 1 1 1 1 1 1 1 1 1 1 1 1 1 1 1 1 1 1 1 1 1 1 1 1 1 1 1 1 1 1 1 1 1 1 1 1 1 1 1 1 1 1 1 1 1 1 1 1 1 1 1 1 1 1 1 1 1 1 1 1 1 1 1 1 1 1 1 1 1 1 1 1 1 1 1 1 1 1 1 1 1 1 1 1 1 1 1 1 1 100 1 1 1 1 1 1 1 1 1 1 1 1 1 1 1 1 1 1
ciInstanceKlass java/lang/Class 1 1 1747 10 7 12 1 1 1 9 7 12 1 1 1 9 12 1 1 10 12 1 1 8 1 10 12 1 8 1 8 1 10 12 1 1 10 7 12 1 1 1 10 12 1 7 1 10 10 12 1 10 12 1 1 10 12 1 1 10 12 1 1 10 7 12 1 1 10 12 1 10 12 1 10 12 1 1 10 12 1 8 1 10 12 1 8 1 10 12 1 8 1 8 1 10 12 1 1 10 7 12 1 1 1 18 12 1 1 11 7 12 1 1 1 8 1 8 1 8 1 10 7 12 1 1 1 11 12 1 1 8 1 10 12 1 10 10 12 1 1 10 12 1 8 1 10 12 1 1 8 1 10 12 1 10 12 1 1 11 100 12 1 1 1 11 7 12 1 1 1 11 8 1 18 8 1 10 12 1 10 7 12 1 1 10 12 1 1 10 7 12 1 1 1 10 12 1 1 10 12 1 1 10 7 12 1 1 1 10 12 9 100 12 1 1 1 10 7 12 1 1 1 10 12 1 10 7 12 1 1 1 10 12 1 1 18 12 1 1 10 7 12 1 1 1 10 7 12 1 10 12 1 1 10 7 1 10 12 1 8 1 10 8 1 8 1 8 1 8 1 8 1 8 1 8 1 8 1 9 7 12 1 1 9 7 1 9 7 1 9 7 1 9 7 1 9 7 1 9 7 1 9 7 1 9 100 1 7 1 10 12 1 1 9 12 1 1 7 1 8 1 10 12 1 10 12 1 1 10 12 1 1 10 7 12 1 1 1 7 1 10 12 1 7 1 7 1 10 10 12 1 1 10 12 1 1 100 1 10 7 12 1 1 1 10 12 1 1 10 12 1 1 9 12 1 1 10 12 1 10 12 1 1 9 12 1 1 9 12 1 1 10 12 1 1 10 7 1 10 12 1 10 12 1 1 10 9 12 1 10 12 1 8 1 10 12 1 1 10 12 1 1 10 12 1 10 12 1 10 12 1 1 10 12 1 9 7 12 1 1 1 10 7 12 1 1 10 12 1 10 12 1 10 12 1 10 12 1 9 100 12 1 1 1 9 12 1 10 12 1 10 100 12 1 1 1 10 12 1 1 10 100 12 1 1 10 12 1 10 12 1 1 10 100 12 1 1 1 10 12 1 10 12 1 1 10 12 1 10 12 1 10 12 1 1 10 7 1 10 10 12 1 1 10 12 1 1 10 12 10 10 12 1 1 7 1 8 1 10 10 12 1 1 10 12 1 100 1 11 12 1 10 12 1 10 12 1 10 100 12 1 1 10 10 12 1 1 8 1 10 12 1 10 12 1 1 8 1 9 12 1 10 12 1 10 12 1 10 12 1 10 12 7 1 9 12 1 10 12 1 9 12 1 10 12 1 10 12 1 10 12 1 10 10 12 1 10 12 1 10 12 1 10 12 1 10 12 1 10 12 1 100 1 10 12 1 10 12 1 1 10 12 1 1 10 12 1 1 10 12 1 1 10 12 1 1 10 12 1 1 7 1 10 10 12 1 1 10 12 1 1 10 12 1 1 10 10 12 1 10 12 1 1 10 12 1 1 10 12 1 1 10 12 1 1 7 1 10 10 12 11 7 12 1 1 10 12 1 1 10 7 12 1 1 1 10 12 1 10 12 1 10 7 12 1 1 1 10 12 1 1 10 10 12 1 1 7 1 10 10 12 1 1 10 7 12 1 1 1 100 1 7 1 10 12 1 1 10 12 1 10 10 12 1 1 10 12 1 10 12 1 10 12 1 10 100 12 1 1 1 11 7 12 1 1 10 12 1 10 12 1 9 12 1 10 12 1 1 10 12 1 9 12 1 1 100 1 10 9 12 1 1 10 12 7 1 10 12 1 9 12 1 10 100 12 1 1 1 10 12 1 10 12 1 10 100 12 1 1 10 12 1 10 12 10 12 1 1 100 1 10 8 1 10 12 1 11 11 12 1 1 11 7 12 1 1 11 12 1 8 1 10 12 1 10 12 1 1 9 12 1 9 12 1 1 10 7 12 1 1 9 12 1 10 12 1 1 10 10 12 1 10 7 12 1 1 1 10 7 12 1 1 10 7 12 1 1 9 12 1 1 10 12 1 9 12 1 10 12 1 10 12 1 1 9 12 1 1 9 12 1 10 12 1 10 12 1 1 9 12 1 100 1 10 10 12 1 1 7 1 10 12 1 1 100 11 7 1 9 12 1 1 9 12 1 7 1 10 12 1 9 12 1 1 9 12 1 10 12 1 10 12 1 1 9 12 1 7 1 10 10 12 1 1 10 10 12 1 10 12 10 10 12 1 9 12 1 10 12 1 1 10 12 1 8 10 7 8 1 18 8 1 8 1 10 12 1 9 12 1 9 12 1 1 10 12 1 7 1 7 1 10 12 1 9 12 1 1 7 1 10 10 12 1 10 7 1 9 12 1 8 1 10 12 1 7 1 10 12 1 10 12 1 1 100 1 7 1 9 12 1 100 1 8 1 10 10 7 12 1 1 1 10 12 11 7 12 1 1 1 10 12 1 10 12 1 1 10 8 1 10 12 1 8 1 10 12 1 1 9 7 12 1 1 11 12 7 1 11 7 12 1 1 9 12 1 10 100 12 1 1 1 10 7 12 1 1 10 12 1 1 9 12 1 9 10 12 1 1 10 12 1 1 10 12 1 1 10 12 1 1 10 12 1 1 11 12 1 7 1 11 12 1 10 7 12 1 1 1 10 12 1 11 12 1 10 7 12 1 1 1 10 12 1 10 7 12 1 1 1 11 12 1 11 12 1 1 10 12 1 10 12 1 1 9 12 1 1 10 12 1 10 100 12 1 1 1 10 12 1 1 10 12 1 10 12 1 10 12 1 10 7 12 1 1 1 10 12 1 8 1 10 12 1 10 12 1 10 12 1 10 100 12 1 1 100 1 10 12 10 7 12 1 1 1 11 7 12 1 1 1 10 12 1 1 10 12 1 18 12 1 1 11 12 1 1 18 11 12 1 18 12 1 11 12 1 10 12 1 1 10 12 1 10 12 1 10 12 1 10 12 10 12 1 8 1 10 12 1 7 1 9 12 1 1 7 1 7 1 7 1 7 1 1 1 3 1 3 1 3 1 1 1 1 1 1 1 1 1 5 0 1 1 1 1 1 1 1 1 1 1 1 1 1 1 1 1 1 1 1 1 1 1 1 1 100 1 1 1 1 1 1 1 1 1 1 1 100 1 1 1 1 1 7 1 1 1 1 1 1 1 1 1 1 1 1 1 1 1 1 1 1 1 1 1 1 1 1 1 1 1 1 1 1 1 1 1 1 1 1 1 1 1 1 1 1 1 100 1 1 1 1 1 1 1 1 1 1 1 1 1 1 1 1 1 1 1 1 1 1 1 1 1 1 1 1 1 1 1 100 1 1 1 1 1 1 1 1 1 1 1 1 1 1 1 1 1 1 1 1 1 1 1 1 1 1 1 1 1 1 1 1 1 1 1 1 1 1 1 1 1 1 1 1 1 1 1 1 1 1 1 1 1 1 1 1 1 1 1 1 7 1 7 1 1 1 1 1 1 1 1 1 1 1 1 1 1 1 1 1 1 1 1 1 1 1 1 1 1 1 1 1 1 1 1 1 1 1 1 1 1 1 1 1 1 1 1 1 1 1 1 1 1 1 1 1 1 1 1 1 1 1 1 1 1 1 1 1 1 1 1 1 1 1 1 1 1 1 1 1 1 1 1 1 1 1 1 1 1 1 1 1 1 1 1 1 1 1 1 1 1 1 1 1 1 1 1 1 1 1 1 1 1 1 1 1 1 1 1 1 1 1 1 1 1 1 1 1 1 1 16 15 10 12 16 15 11 12 16 1 16 15 16 15 10 12 16 16 15 10 12 16 15 16 1 15 10 12 16 15 10 7 12 1 1 1 1 1 1 1 1 1 1 1 1 7 1 1 100 1 100 1 1 100 1 100 1 1
staticfield java/lang/Class EMPTY_CLASS_ARRAY [Ljava/lang/Class; 0 [Ljava/lang/Class;
staticfield java/lang/Class serialPersistentFields [Ljava/io/ObjectStreamField; 0 [Ljava/io/ObjectStreamField;
ciInstanceKlass java/lang/reflect/AnnotatedElement 1 1 165 11 7 12 1 1 1 11 12 1 1 7 1 10 100 12 1 1 1 10 12 1 1 10 12 1 1 10 12 1 10 100 12 1 1 1 11 12 1 1 11 7 12 1 1 10 7 12 1 1 1 10 12 1 10 100 12 1 1 1 18 12 1 1 11 100 12 1 1 18 12 1 18 12 1 1 10 100 12 1 1 1 11 100 12 1 1 1 7 1 10 100 12 1 1 1 1 1 1 1 1 1 1 1 1 1 1 1 1 1 1 1 1 1 1 1 1 1 1 100 1 1 1 1 1 1 1 1 1 1 1 16 15 16 1 16 1 15 11 12 16 16 1 15 10 100 12 1 1 1 16 1 15 10 100 12 1 1 1 1 100 1 100 1 1
ciInstanceKlass java/lang/invoke/TypeDescriptor 1 0 17 100 1 100 1 1 1 1 1 1 100 1 100 1 1 1 1
ciInstanceKlass java/lang/reflect/GenericDeclaration 1 0 30 7 1 7 1 7 1 1 1 1 1 1 1 1 100 1 8 1 1 12 10 1 1 1 8 1 1 1 8 1
ciInstanceKlass java/lang/reflect/Type 1 1 17 11 100 12 1 1 1 100 1 1 1 1 1 1 1 1 1
ciInstanceKlass java/lang/invoke/TypeDescriptor$OfField 1 0 21 100 1 100 1 100 1 1 1 1 1 1 1 1 1 1 1 1 1 1 1
ciInstanceKlass java/lang/StringBuilder 1 1 425 10 7 12 1 1 1 10 12 1 10 12 1 10 12 1 1 10 7 12 1 1 1 10 7 12 1 1 1 10 12 1 10 12 1 10 12 1 10 12 1 10 12 1 10 12 1 10 12 1 10 12 1 10 12 1 10 12 1 10 12 1 10 12 1 10 12 1 10 12 1 1 10 12 1 10 12 1 1 10 12 1 1 10 12 1 10 12 1 10 12 1 10 12 1 10 12 1 10 12 1 10 12 1 10 12 10 12 1 10 12 1 10 12 1 10 12 1 1 10 12 1 10 12 1 10 12 10 12 1 1 10 12 1 10 12 1 10 12 1 1 8 1 10 12 1 10 100 12 1 1 1 9 12 1 1 10 12 1 10 12 1 10 12 1 1 9 12 1 1 10 100 12 1 1 1 10 100 1 10 12 1 1 10 100 12 1 1 10 12 1 10 12 1 1 100 1 100 1 8 1 10 10 12 1 1 10 12 1 10 12 1 10 12 1 1 10 12 1 10 12 1 10 12 1 10 12 1 10 12 1 10 12 10 12 1 10 12 1 10 12 1 10 12 1 10 12 1 10 12 1 10 12 1 10 12 1 10 12 1 1 10 12 1 1 10 12 1 10 12 1 10 12 1 10 12 10 12 10 12 1 10 12 1 10 12 1 10 12 10 12 1 10 12 1 10 12 1 10 12 1 10 12 1 10 12 1 10 12 1 10 12 1 10 12 1 1 10 12 1 10 12 1 1 10 12 1 10 12 1 1 10 12 1 10 12 1 1 10 12 1 10 12 1 10 12 1 10 10 10 12 1 7 1 7 1 7 1 7 1 1 1 1 5 0 1 1 1 1 1 1 1 1 1 1 1 1 1 1 1 1 1 1 1 1 1 1 1 1 1 1 1 1 1 1 1 1 1 1 1 1 1 1 1 1 1 1 1 1 100 1 1 1 7 1 1 1 1 1 1 1 1 1 1 1
instanceKlass java/lang/StringBuilder
instanceKlass java/lang/StringBuffer
ciInstanceKlass java/lang/AbstractStringBuilder 1 1 613 7 1 10 7 12 1 1 1 9 7 12 1 1 1 9 12 1 9 12 1 1 9 12 1 1 10 7 12 1 1 1 10 12 1 1 7 1 3 3 10 12 1 10 12 1 1 11 7 1 100 1 7 1 10 8 1 10 12 1 10 12 1 10 12 1 1 10 12 1 10 12 1 9 12 1 10 12 1 9 12 1 1 10 12 1 1 10 7 12 1 1 1 10 10 12 1 10 12 1 10 12 1 1 10 12 1 1 10 7 12 1 1 1 10 7 12 1 1 1 7 1 8 1 10 10 12 1 1 100 1 10 12 10 12 1 1 10 10 12 1 1 10 12 1 1 10 12 1 1 10 12 1 1 10 10 7 12 1 1 1 10 12 1 100 1 10 10 7 12 1 1 1 9 12 1 1 9 12 1 10 12 1 1 10 10 12 1 1 10 12 10 12 1 10 12 1 1 10 12 1 1 10 12 1 1 10 12 1 10 12 1 1 10 12 1 1 10 12 1 10 12 1 1 8 1 10 12 1 1 10 12 1 10 12 1 10 12 1 10 12 1 10 12 1 10 12 1 10 7 12 1 1 10 12 1 10 12 1 10 100 12 1 1 1 100 1 100 1 10 12 1 10 100 12 1 1 10 12 1 10 12 1 1 10 12 1 10 12 1 1 10 12 1 10 12 1 1 10 12 1 1 10 10 7 12 1 1 1 10 12 1 10 12 1 10 12 1 1 10 12 1 10 12 1 10 12 1 10 12 1 10 12 1 10 12 1 10 12 1 10 12 1 10 12 1 1 10 12 1 10 12 1 10 12 10 12 1 1 18 12 1 1 100 1 10 100 12 1 1 1 18 10 12 1 1 10 12 1 1 10 12 1 10 12 1 1 11 12 1 1 10 12 1 10 12 1 10 12 10 12 1 10 10 10 12 1 10 5 0 10 10 12 1 1 100 1 8 1 10 10 12 1 1 10 100 12 1 1 1 10 12 1 10 12 1 1 100 1 10 12 100 1 10 100 1 10 7 1 1 1 1 1 1 1 1 1 1 1 100 1 1 1 1 1 1 1 1 1 1 1 1 1 1 1 1 1 1 1 1 1 1 1 1 1 1 1 1 1 1 1 1 1 1 1 1 1 1 1 1 1 1 1 1 1 1 1 1 1 1 1 1 1 1 1 1 1 1 1 1 1 1 1 1 1 1 1 1 1 1 1 1 1 1 1 1 1 1 1 1 1 1 1 1 1 1 1 1 1 1 1 1 1 1 1 1 1 1 1 1 100 1 1 1 1 1 1 1 1 1 1 1 1 1 1 1 1 1 100 1 1 1 1 1 1 7 1 1 16 1 15 10 12 16 15 10 12 15 10 100 12 1 1 1 1 1 1 1 100 1 100 1 1
staticfield java/lang/AbstractStringBuilder EMPTYVALUE [B 0
ciInstanceKlass java/lang/Appendable 1 0 14 100 1 100 1 1 1 1 100 1 1 1 1 1
ciInstanceKlass java/lang/CharSequence 1 1 131 11 7 12 1 1 1 18 12 1 1 100 1 10 100 12 1 1 1 18 10 100 12 1 1 1 11 12 1 1 11 7 1 11 12 1 1 10 100 12 1 1 1 11 12 1 1 100 1 10 12 1 1 10 100 12 1 1 1 100 1 10 10 12 1 1 7 1 1 1 1 1 1 1 1 1 1 1 1 1 1 1 1 1 1 1 1 1 1 1 1 1 1 1 1 1 1 1 1 1 16 1 15 11 12 16 15 11 12 15 10 100 12 1 1 1 1 1 100 1 100 1 1 100 1 1 100 1 100 1 1
ciInstanceKlass java/lang/AutoCloseable 1 0 12 100 1 100 1 1 1 1 100 1 1 1
ciInstanceKlass java/io/Closeable 1 0 14 100 1 100 1 100 1 1 1 1 100 1 1 1
instanceKlass javafx/scene/transform/NonInvertibleTransformException
instanceKlass javafx/css/CssParser$ParseException
instanceKlass java/lang/CloneNotSupportedException
instanceKlass java/security/PrivilegedActionException
instanceKlass java/net/URISyntaxException
instanceKlass sun/nio/fs/WindowsException
instanceKlass javax/xml/stream/XMLStreamException
instanceKlass com/sun/javafx/geom/transform/NoninvertibleTransformException
instanceKlass java/util/concurrent/ExecutionException
instanceKlass java/security/GeneralSecurityException
instanceKlass java/io/IOException
instanceKlass java/lang/InterruptedException
instanceKlass java/lang/ReflectiveOperationException
instanceKlass java/lang/RuntimeException
ciInstanceKlass java/lang/Exception 1 1 40 10 7 12 1 1 1 10 12 1 10 12 1 10 12 1 10 12 1 100 1 1 1 1 5 0 1 1 1 1 1 1 1 1 1 1 1 1 1 1
instanceKlass java/lang/Exception
instanceKlass java/lang/Error
ciInstanceKlass java/lang/Throwable 1 1 413 10 7 12 1 1 1 9 7 12 1 1 1 9 12 1 1 9 12 1 9 12 1 1 9 12 1 10 12 1 1 9 12 1 1 10 12 1 1 10 100 12 1 1 1 9 12 1 1 10 12 1 1 10 12 1 100 1 7 1 10 8 1 10 12 1 1 8 1 10 100 12 1 1 10 10 12 1 100 1 8 1 10 10 7 12 1 1 10 12 1 8 1 9 7 12 1 1 1 10 12 1 1 100 1 10 12 10 12 1 10 100 12 1 1 1 100 1 10 12 10 12 1 10 12 1 100 1 10 10 7 12 1 1 1 11 100 12 1 1 1 10 12 1 1 10 12 1 1 8 1 10 12 1 10 12 1 1 8 1 8 1 10 12 1 1 10 12 1 8 1 8 1 9 12 1 10 12 1 1 100 1 10 11 12 1 8 1 8 1 10 7 12 1 1 8 1 10 12 1 8 1 100 1 10 12 1 9 12 1 1 10 12 1 10 7 12 1 9 12 1 1 10 12 1 1 100 1 8 1 10 12 1 10 100 12 1 1 10 12 1 1 7 1 10 100 12 1 1 1 10 12 1 11 7 12 1 1 1 11 7 12 1 1 11 12 1 8 1 10 12 1 1 8 1 10 10 9 100 12 1 1 1 8 1 10 12 1 1 11 10 100 1 8 1 10 11 12 1 1 8 1 9 12 1 10 100 12 1 1 11 9 12 1 1 11 12 1 1 100 10 12 1 10 12 1 1 7 1 1 1 1 5 0 1 1 1 1 1 1 1 1 1 1 1 1 7 1 1 1 1 1 1 1 1 1 1 1 1 1 1 1 1 1 1 1 1 1 1 1 1 1 1 1 1 1 1 1 1 1 1 1 1 1 1 1 1 1 1 1 1 1 100 1 7 1 1 1 1 1 1 1 1 1 1 1 1 1 1 1 1 1 1
staticfield java/lang/Throwable UNASSIGNED_STACK [Ljava/lang/StackTraceElement; 0 [Ljava/lang/StackTraceElement;
staticfield java/lang/Throwable SUPPRESSED_SENTINEL Ljava/util/List; java/util/Collections$EmptyList
staticfield java/lang/Throwable EMPTY_THROWABLE_ARRAY [Ljava/lang/Throwable; 0 [Ljava/lang/Throwable;
staticfield java/lang/Throwable $assertionsDisabled Z 1
ciMethod java/lang/Throwable getMessage ()Ljava/lang/String; 0 0 1 0 -1
instanceKlass java/security/Provider
ciInstanceKlass java/util/Properties 1 1 690 10 7 12 1 1 1 100 1 10 7 12 1 1 7 1 10 12 1 9 12 1 1 9 12 1 1 9 12 1 1 10 7 12 1 1 1 10 12 1 1 8 1 10 7 12 1 1 1 7 1 10 12 1 10 12 1 1 8 1 10 12 1 7 1 10 12 10 12 1 1 9 12 1 1 10 12 1 1 7 1 10 12 1 10 12 1 10 12 1 1 100 1 8 1 10 12 1 10 12 1 10 12 1 1 10 12 1 7 1 3 10 10 7 12 1 1 1 10 12 1 10 12 1 1 8 1 10 12 1 10 12 1 1 8 1 10 7 12 1 1 10 12 1 1 10 12 1 10 12 1 1 100 1 10 12 1 10 12 1 1 7 1 9 7 12 1 1 1 10 12 1 10 12 1 1 10 12 1 1 10 12 1 1 7 1 9 12 1 1 7 1 7 1 10 12 1 7 1 11 7 12 1 1 1 11 12 1 1 11 7 12 1 1 1 11 7 12 1 1 1 11 12 1 1 11 12 1 11 12 1 10 12 1 1 8 1 10 12 1 10 7 12 1 1 10 12 1 7 1 10 10 12 1 10 12 1 100 1 10 10 12 1 1 10 7 12 1 1 9 100 12 1 1 10 12 1 1 10 100 12 1 1 1 100 1 100 1 100 1 10 8 1 8 1 10 12 1 10 12 1 10 12 1 1 10 10 12 1 1 10 12 1 1 100 1 10 10 12 1 11 7 12 1 1 10 7 12 1 1 1 8 1 10 100 12 1 1 11 11 7 1 8 1 10 100 1 11 10 12 1 10 10 12 1 10 12 1 1 10 12 1 1 10 12 1 1 10 12 1 10 12 1 10 10 12 1 10 12 1 10 12 1 10 10 12 1 1 10 12 1 1 10 10 12 1 10 12 1 10 12 1 10 12 1 10 12 1 1 10 12 1 1 10 12 1 10 12 1 10 12 1 1 10 12 10 12 1 1 10 12 1 1 10 12 1 10 12 1 1 10 12 1 1 10 12 10 11 12 1 4 11 10 12 1 1 10 100 12 1 1 11 12 1 10 12 1 1 10 100 12 1 1 10 12 1 100 1 8 1 10 12 1 10 10 100 12 1 1 1 100 1 6 0 10 12 1 1 11 100 12 1 1 1 10 12 1 10 12 1 1 1 1 1 5 0 1 1 1 1 1 1 1 1 1 1 1 1 1 1 1 1 1 1 1 1 1 1 1 1 1 1 1 1 1 1 1 1 1 1 1 1 1 1 1 100 1 1 1 1 1 1 1 1 1 1 1 1 1 1 1 1 1 1 1 1 100 1 1 1 1 1 1 1 1 1 1 1 1 7 1 7 1 1 1 1 1 100 1 1 1 1 1 1 1 1 1 1 1 1 1 1 1 1 1 1 1 1 1 1 1 1 1 1 1 1 1 1 1 1 1 1 1 1 1 1 1 1 1 1 1 1 1 1 1 1 1 1 1 1 1 1 1 1 1 1 1 1 1 1 1 1 1 1 1 1 1 1 1 1 1 1 1 1 1 7 1 1 1 1 1 1 1 1 1 1 1 100 1 1
staticfield java/util/Properties UNSAFE Ljdk/internal/misc/Unsafe; jdk/internal/misc/Unsafe
instanceKlass java/util/Hashtable
ciInstanceKlass java/util/Dictionary 1 1 36 10 7 12 1 1 1 100 1 1 1 1 1 1 1 1 1 1 1 1 1 1 1 1 1 1 1 1 1 1 1 1 1 1 1 1
instanceKlass java/util/Properties
ciInstanceKlass java/util/Hashtable 1 1 516 7 1 10 7 12 1 1 1 9 7 12 1 1 1 100 1 7 1 10 8 1 10 12 1 1 10 12 1 10 12 1 1 10 12 1 10 7 12 1 1 1 8 1 10 12 1 9 12 1 1 7 1 9 12 1 1 4 10 7 12 1 1 1 9 12 1 4 10 12 1 11 7 12 1 1 1 10 12 1 1 10 12 1 1 9 12 1 10 12 1 1 100 1 10 9 12 1 1 10 7 12 1 1 1 9 12 1 1 10 12 1 10 12 1 3 9 12 1 9 12 1 3 10 12 1 10 12 1 10 12 1 1 11 12 1 1 11 100 12 1 1 1 11 7 12 1 1 1 11 12 1 100 1 11 12 1 11 12 1 10 12 1 1 10 12 1 1 10 12 1 9 12 1 1 9 12 9 12 1 1 10 100 1 7 1 10 12 1 10 8 1 10 10 12 1 8 1 10 8 1 10 100 12 1 1 1 7 1 10 12 1 10 12 1 100 1 10 12 1 10 12 1 1 100 1 10 100 1 10 10 12 1 1 11 12 1 1 11 12 1 7 1 10 10 10 100 12 1 1 11 100 12 1 1 1 100 1 10 11 100 12 1 1 11 100 12 1 10 12 1 10 12 1 1 10 100 12 1 1 10 12 1 1 10 12 1 1 10 12 1 1 10 100 12 1 1 1 8 10 100 12 1 1 100 1 8 1 10 4 4 10 12 1 1 10 12 1 8 1 4 10 12 10 100 12 1 1 1 100 1 11 100 12 1 1 1 10 100 12 1 1 1 10 12 1 10 12 1 1 10 7 1 7 1 1 1 1 1 1 5 0 1 1 1 1 1 3 1 3 1 3 1 1 1 1 1 1 1 1 1 1 1 1 1 1 1 1 1 1 1 1 1 1 1 1 1 100 1 1 1 1 1 1 1 1 1 1 1 1 1 1 1 1 1 1 1 1 1 1 1 1 1 1 1 1 1 7 1 1 1 1 1 1 1 1 1 1 1 1 1 1 7 1 1 1 1 1 1 1 1 1 1 1 1 1 1 1 1 1 1 1 1 1 1 1 1 1 1 1 1 1 1 1 1 1 1 1 1 1 1 1 1 1 1 1 1 100 1 1 1 7 1 1 1 1 1 7 1 1 1 1 1 1 1 1 1 1 1 1 1 1 1 1 1 1
ciInstanceKlass java/lang/String 1 1 1488 10 7 12 1 1 1 8 1 9 7 12 1 1 1 9 12 1 1 9 12 1 1 9 12 1 1 10 12 1 10 12 1 1 10 12 1 1 9 12 1 10 7 12 1 1 1 10 12 1 1 10 12 1 10 7 12 1 1 1 10 12 1 1 10 12 1 1 10 12 1 10 12 1 1 10 12 1 10 7 12 1 1 1 7 1 9 7 12 1 1 1 10 7 12 1 1 1 10 12 1 1 10 12 1 1 10 7 12 1 1 1 10 12 1 1 9 7 12 1 1 10 12 9 7 12 1 1 10 12 1 1 3 10 12 1 1 7 1 11 12 1 1 11 12 1 11 12 1 1 10 7 12 1 1 1 10 12 1 1 9 7 12 1 1 1 10 12 1 1 10 12 1 11 12 1 1 10 12 1 10 12 10 12 1 1 10 7 12 1 1 1 10 7 12 1 1 1 10 12 1 1 7 1 7 1 10 12 1 10 12 1 10 12 1 1 10 12 1 1 100 1 10 12 1 1 100 1 10 12 1 1 10 12 1 1 10 12 1 10 10 12 1 100 1 100 1 7 1 10 12 1 10 12 1 1 10 12 1 1 10 12 1 10 12 1 1 10 12 1 1 10 100 12 1 1 100 1 11 10 7 12 1 1 11 12 1 11 12 1 10 12 1 1 10 12 1 10 12 10 12 1 1 10 10 7 12 1 1 1 10 7 12 1 1 10 12 1 1 10 7 12 1 1 10 12 1 10 12 1 1 10 12 1 1 10 12 1 10 12 1 10 12 1 1 100 1 10 12 1 1 10 12 10 12 1 10 12 1 1 10 12 1 1 10 7 12 1 1 1 10 12 1 10 12 1 1 10 12 1 10 12 1 3 3 10 12 1 1 10 12 1 10 12 1 1 10 12 1 1 10 12 1 1 10 12 1 10 12 1 1 10 12 1 1 10 12 1 10 12 1 10 12 1 10 12 1 1 10 12 1 10 12 1 10 12 1 10 12 1 10 12 1 10 12 1 10 7 1 10 8 1 10 12 1 1 10 12 1 8 1 10 12 1 1 10 12 10 12 1 8 1 10 10 12 1 1 10 12 1 1 7 1 5 0 7 1 8 1 10 10 12 1 1 5 0 5 0 5 0 10 12 1 1 10 7 1 10 10 12 1 10 12 1 10 12 1 10 10 12 1 10 12 1 10 12 1 10 12 1 10 12 1 10 12 1 10 12 1 1 10 12 1 1 10 12 1 1 10 10 12 1 1 10 10 12 1 100 1 10 9 100 12 1 1 1 11 100 12 1 1 1 10 12 1 1 10 12 1 1 10 7 1 10 12 1 10 12 1 10 7 12 1 1 1 10 12 1 10 12 1 1 10 12 1 11 7 1 11 12 10 12 1 10 12 1 1 10 12 1 1 10 10 12 1 10 12 1 9 12 1 1 11 7 12 1 1 1 10 12 10 10 12 1 10 12 1 1 10 10 12 1 10 12 1 10 12 1 1 10 12 1 1 10 10 12 1 1 10 10 7 12 1 1 1 10 12 1 10 12 1 10 12 10 10 12 10 10 12 1 10 12 1 10 10 12 10 12 1 1 10 12 10 10 12 10 12 1 10 12 10 12 10 10 12 1 10 12 1 1 10 12 1 1 10 10 12 1 10 7 12 1 1 1 10 12 1 1 10 10 7 12 1 1 1 11 10 12 1 10 12 1 1 10 12 1 1 10 7 12 1 1 1 10 12 1 10 12 1 10 12 1 10 12 1 10 12 1 10 12 1 100 1 10 10 12 1 10 12 1 1 8 1 10 12 1 3 3 10 12 1 10 12 1 1 10 12 7 1 10 10 12 1 1 10 12 10 12 1 10 12 1 10 12 1 1 10 12 1 1 11 7 12 1 1 1 7 1 10 12 1 10 12 1 1 8 1 10 12 1 1 10 12 1 11 7 12 1 1 1 11 7 12 1 1 11 12 1 10 12 1 10 12 1 1 10 10 7 12 1 1 1 10 12 1 10 12 1 10 10 12 10 12 1 1 10 10 12 1 10 10 12 1 10 10 12 1 10 10 12 1 10 12 1 1 10 10 12 1 8 1 10 12 1 1 18 12 1 1 11 100 12 1 1 1 3 18 12 1 18 12 1 8 1 10 100 12 1 1 1 11 12 1 1 10 12 10 10 12 1 10 11 12 1 1 10 12 1 1 11 12 1 18 3 11 10 11 11 10 12 1 10 12 1 1 8 1 10 12 1 10 12 1 10 12 1 1 10 10 12 1 11 100 12 1 100 1 100 1 10 12 100 1 10 10 100 12 1 1 1 100 1 10 7 1 10 10 12 1 10 10 12 1 8 1 10 10 12 1 8 1 8 1 10 12 1 10 12 1 10 10 12 10 7 12 1 1 10 7 12 1 1 10 7 12 1 1 8 1 10 12 1 10 12 1 10 9 12 1 10 12 9 7 12 1 1 1 10 12 1 10 12 1 10 12 1 10 12 10 12 1 10 12 1 8 1 10 100 12 1 1 1 10 12 10 12 1 1 10 12 10 12 10 12 7 1 9 12 1 1 7 1 10 7 1 7 1 7 1 7 1 1 1 1 1 1 5 0 1 1 1 1 1 3 1 3 1 1 1 1 1 1 1 1 1 1 1 1 1 1 1 100 1 1 1 1 1 1 1 1 1 1 1 1 1 1 1 1 1 1 1 1 1 1 1 1 1 1 1 1 1 1 1 100 1 1 1 1 1 1 1 1 1 1 1 1 7 1 1 1 1 1 1 1 1 1 1 1 1 1 1 1 1 1 1 1 1 1 1 1 1 1 1 1 1 1 1 1 1 1 1 1 1 1 1 1 1 1 1 1 1 1 1 1 1 1 1 1 1 1 1 1 1 1 1 1 1 1 1 1 1 1 1 1 1 1 1 1 1 1 1 1 1 1 1 1 1 1 1 1 1 1 1 1 1 1 1 1 1 1 1 1 1 1 1 1 1 1 1 1 1 1 1 1 1 1 1 1 1 1 1 1 1 1 1 1 1 1 1 1 1 1 1 1 1 1 1 1 1 1 1 1 1 1 1 1 1 1 1 1 1 1 1 1 1 1 1 1 1 1 1 1 1 1 1 1 1 1 1 1 1 1 1 1 1 1 1 1 1 1 1 1 1 1 1 1 1 1 100 1 1 1 1 1 1 1 1 1 1 1 1 1 1 1 1 1 1 1 1 1 1 1 100 1 1 1 1 1 1 1 1 1 1 1 1 1 1 1 7 1 1 1 1 1 1 1 1 1 1 1 1 1 1 1 16 15 10 12 16 15 10 12 15 10 12 15 10 12 15 10 100 12 1 1 1 1 100 1 1 1 1 1 100 1 100 1 1 1
staticfield java/lang/String COMPACT_STRINGS Z 1
staticfield java/lang/String serialPersistentFields [Ljava/io/ObjectStreamField; 0 [Ljava/io/ObjectStreamField;
staticfield java/lang/String CASE_INSENSITIVE_ORDER Ljava/util/Comparator; java/lang/String$CaseInsensitiveComparator
ciMethod java/lang/String equals (Ljava/lang/Object;)Z 830 0 22010 0 376
ciMethod java/lang/String hashCode ()I 840 0 22046 0 728
ciInstanceKlass java/lang/constant/ConstantDesc 1 0 37 100 1 100 1 1 1 1 100 1 1 1 1 100 1 100 1 100 1 100 1 100 1 100 1 100 1 100 1 100 1 1 100 1 100 1 1
ciInstanceKlass java/lang/InternalError 1 1 34 10 7 12 1 1 1 10 12 1 10 12 1 10 12 1 100 1 1 1 1 5 0 1 1 1 1 1 1 1 1 1 1 1
instanceKlass java/lang/AssertionError
instanceKlass java/lang/VirtualMachineError
instanceKlass java/lang/LinkageError
ciInstanceKlass java/lang/Error 1 1 58 10 7 12 1 1 1 9 12 1 1 10 100 12 1 1 1 10 100 12 1 1 1 10 12 1 10 12 1 10 12 1 10 12 1 100 1 1 1 1 5 0 1 1 1 1 1 1 1 1 100 1 1 1 1 1 1 1
instanceKlass java/lang/StackOverflowError
instanceKlass java/lang/OutOfMemoryError
instanceKlass java/lang/InternalError
ciInstanceKlass java/lang/VirtualMachineError 1 1 34 10 7 12 1 1 1 10 12 1 10 12 1 10 12 1 100 1 1 1 1 5 0 1 1 1 1 1 1 1 1 1 1 1
ciInstanceKlass java/util/Set 1 1 144 100 1 10 7 12 1 1 1 9 7 12 1 1 1 7 1 10 12 1 1 10 12 1 7 1 7 1 10 12 1 7 1 7 1 11 7 12 1 1 1 11 12 1 1 7 1 10 12 1 10 12 1 1 11 12 1 1 1 1 1 1 1 1 1 1 1 1 1 1 1 1 1 1 1 1 1 1 1 1 1 1 1 1 1 1 1 1 1 1 1 1 1 1 1 1 1 1 1 1 1 1 1 1 1 1 1 1 1 1 1 1 1 1 1 1 1 1 1 1 1 1 1 1 1 1 1 1 1 1 1 1 1 1 1 1 1 1 1 1 1 1 1 1
ciMethod java/util/Set equals (Ljava/lang/Object;)Z 0 0 1 0 -1
ciMethod java/util/Set hashCode ()I 0 0 1 0 -1
ciInstanceKlass java/util/Iterator 1 1 53 100 1 8 1 10 12 1 1 10 7 12 1 1 1 11 7 12 1 1 1 11 12 1 1 11 7 12 1 1 1 7 1 1 1 1 1 1 1 1 1 1 1 1 1 1 1 1 1 1 1 1 1
ciInstanceKlass java/util/Map$Entry 1 1 178 18 12 1 1 7 1 7 1 18 10 100 12 1 1 1 18 12 1 18 100 1 11 7 12 1 1 1 11 12 1 11 7 12 1 1 1 10 100 12 1 1 1 10 7 12 1 1 1 8 1 10 12 1 1 8 1 8 1 8 1 10 12 1 10 12 1 8 10 7 1 10 12 1 8 10 12 1 8 1 10 12 1 8 10 12 1 8 1 10 12 1 1 8 1 100 1 8 1 10 12 1 1 11 12 7 1 11 12 1 1 1 1 1 1 1 1 1 1 1 1 1 1 1 1 1 1 1 1 1 1 1 1 1 1 1 1 1 1 1 1 1 1 1 1 1 1 1 16 15 11 12 16 3 3 15 11 12 15 11 12 15 11 12 15 10 7 12 1 1 1 1 1 100 1 100 1 1
instanceKlass com/sun/javafx/iio/png/PNGIDATChunkInputStream
instanceKlass java/io/SequenceInputStream
instanceKlass com/sun/org/apache/xerces/internal/impl/XMLEntityManager$RewindableInputStream
instanceKlass sun/nio/ch/NioSocketImpl$1
instanceKlass java/net/Socket$SocketInputStream
instanceKlass java/util/zip/ZipFile$ZipFileInputStream
instanceKlass sun/nio/ch/ChannelInputStream
instanceKlass java/io/FilterInputStream
instanceKlass java/io/FileInputStream
instanceKlass java/io/ByteArrayInputStream
ciInstanceKlass java/io/InputStream 1 1 195 7 1 10 7 12 1 1 1 100 1 10 10 7 12 1 1 1 10 7 12 1 1 1 10 12 1 100 1 3 10 12 1 1 100 1 8 1 10 12 1 10 7 12 1 1 1 3 7 1 8 1 10 10 7 12 1 1 1 7 1 10 11 7 12 1 1 1 10 12 1 1 11 12 1 1 11 7 12 1 1 1 11 12 1 1 7 1 10 7 12 1 1 1 5 0 10 12 1 10 12 1 1 100 1 10 8 1 10 8 1 8 1 10 12 1 1 10 100 12 1 1 1 7 1 5 0 10 12 1 100 1 7 1 1 1 1 3 1 3 1 1 1 1 1 1 1 1 1 1 1 1 1 1 1 1 1 1 1 1 1 1 1 1 1 1 1 1 1 1 1 1 1 1 1 1 1 1 1 1 1 1 1 1 1 1 1 1 1 1 1 1 1 1 1
ciInstanceKlass jdk/internal/misc/Unsafe 1 1 1242 10 7 12 1 1 1 9 7 12 1 1 1 9 12 1 1 10 12 1 1 10 7 12 1 1 1 10 12 1 1 10 12 1 1 10 12 1 1 10 12 1 1 10 12 1 1 10 12 1 1 10 12 1 1 10 12 1 1 10 12 1 1 10 12 1 1 10 12 1 1 10 12 1 1 10 12 1 1 10 12 1 10 12 1 100 1 10 10 12 1 1 10 12 1 1 5 0 10 12 1 1 10 12 1 1 10 7 12 1 1 1 10 12 1 1 10 12 1 10 12 1 10 12 1 1 10 12 1 1 10 12 1 10 12 1 7 1 7 1 10 8 1 10 12 1 1 10 12 1 8 1 10 12 1 1 10 12 1 10 12 1 10 12 1 1 10 12 1 10 12 1 1 10 12 1 1 10 12 1 10 12 1 10 12 1 10 12 1 1 10 12 1 10 12 1 10 12 1 1 10 12 1 5 0 5 0 5 0 10 12 1 10 12 1 10 12 1 10 12 1 10 12 1 10 12 1 10 12 1 10 12 1 10 12 1 1 10 12 1 10 12 1 7 1 8 1 10 100 1 10 10 12 1 1 10 12 1 1 10 12 1 10 12 1 1 10 12 1 1 10 12 1 10 12 1 1 10 12 1 9 7 12 1 1 9 12 1 100 1 10 10 12 1 1 8 1 10 8 1 8 1 10 12 1 1 9 7 12 1 1 1 9 7 1 9 7 1 9 7 1 9 9 7 1 9 7 1 9 7 1 10 12 1 1 10 12 1 1 10 12 1 1 10 12 1 1 5 0 5 0 9 12 1 1 10 12 1 10 12 1 10 12 1 1 10 12 1 1 10 12 1 8 1 3 10 12 1 1 10 12 1 1 10 12 1 10 12 1 1 10 12 1 1 10 12 1 10 12 1 10 12 1 10 12 1 10 12 1 10 12 1 1 10 12 1 1 10 12 1 10 12 1 10 12 1 10 12 1 10 12 1 10 12 1 1 10 12 1 1 10 12 1 10 12 1 10 12 1 10 12 1 10 12 1 10 12 1 1 10 12 1 1 10 12 1 1 10 12 1 1 10 12 1 10 12 1 10 12 1 10 12 1 10 12 1 10 12 1 10 12 1 1 10 12 1 1 10 12 1 10 12 1 10 12 1 10 12 1 10 12 1 10 12 1 10 12 1 1 10 12 1 1 10 12 1 10 12 1 10 12 1 10 12 1 10 12 1 10 12 1 10 12 1 10 12 1 1 10 12 1 10 12 1 10 12 1 10 12 1 10 12 1 1 10 12 1 10 12 1 10 12 1 10 12 1 10 12 1 10 12 1 10 12 1 10 12 1 1 10 12 1 10 12 1 10 12 1 10 12 1 10 12 1 10 12 1 1 10 12 1 10 12 1 10 12 1 1 10 12 1 10 12 1 10 12 1 10 12 1 10 12 1 10 12 1 10 12 1 10 12 1 10 12 1 10 12 1 10 12 1 10 12 1 10 12 1 10 12 1 10 12 1 10 12 1 10 12 1 10 12 1 10 12 1 10 12 1 10 12 1 10 12 1 10 12 1 100 1 10 100 1 10 9 12 1 5 0 10 12 1 1 5 0 10 12 1 5 0 10 12 1 10 12 1 10 12 1 1 10 12 1 1 10 12 1 10 12 1 10 12 1 10 12 1 1 10 12 1 10 12 1 10 12 1 10 12 1 10 12 1 1 10 12 1 10 12 1 10 12 1 10 12 1 1 10 12 1 10 12 1 10 12 1 1 10 12 1 10 12 1 10 12 1 10 12 1 1 10 12 1 10 10 12 1 1 10 12 1 10 12 1 1 10 12 1 10 12 5 0 5 0 5 0 10 12 1 1 10 12 1 10 12 1 10 12 10 100 12 1 1 8 1 100 1 11 12 1 1 8 1 11 12 1 1 10 100 12 1 1 10 12 1 10 7 1 10 12 1 9 12 1 7 1 9 12 1 7 1 9 12 1 7 1 9 12 1 7 1 9 12 1 7 1 9 12 1 7 1 9 12 1 7 1 9 12 1 7 1 9 12 1 10 12 1 9 12 1 9 12 1 9 12 1 9 12 1 9 12 1 9 12 1 9 12 1 9 12 1 9 12 1 9 12 1 1 1 3 1 1 1 1 1 1 1 1 1 1 1 1 1 1 1 1 1 1 1 1 1 1 1 1 1 1 1 1 1 1 1 1 1 1 1 1 1 1 1 1 1 1 1 1 1 1 1 1 1 1 1 1 1 1 1 1 1 1 1 1 1 1 1 1 1 1 1 1 1 1 1 1 1 1 1 1 1 1 1 1 1 1 1 1 1 1 1 1 1 1 100 1 1 1 1 1 1 1 1 1 1 1 1 1 1 1 1 1 1 1 1 1 1 1 1 1 1 1 1 1 1 1 1 1 1 1 1 1 1 1 1 1 1 1 1 1 1 1 1 1 1 1 1 1 1 1 1 1 1 1 1 1 1 1 1 1 1 1 1 1 1 1 1 1 1 1 1 1 1 1 1 1 1 1 1 1 1 1 1 1 1 1 1 1 1 1 1 1 1 1 1 1 1 1 1 1 1 1 1 1 1 1 1 1 1 1 1 1 1 1 1 1 1 1 1 1 1 1 1 1 1 1 1 1 1 1 1 1 1 1 1 1 1 1 1 1 1 1 1 1 1 1 1 1 1 1 1 1 1 1 1 1 1 1 1 1 1 1 1 1 1 1 1 1 1 1 1 1 1 1 1 1 1 1 1 1 1 1 1 1 1 1 1 1 1 1 1 1 1 1 1 1 1 1 1 1 1 1 1 1 1 1 1 1
staticfield jdk/internal/misc/Unsafe theUnsafe Ljdk/internal/misc/Unsafe; jdk/internal/misc/Unsafe
staticfield jdk/internal/misc/Unsafe ARRAY_BOOLEAN_BASE_OFFSET I 16
staticfield jdk/internal/misc/Unsafe ARRAY_BYTE_BASE_OFFSET I 16
staticfield jdk/internal/misc/Unsafe ARRAY_SHORT_BASE_OFFSET I 16
staticfield jdk/internal/misc/Unsafe ARRAY_CHAR_BASE_OFFSET I 16
staticfield jdk/internal/misc/Unsafe ARRAY_INT_BASE_OFFSET I 16
staticfield jdk/internal/misc/Unsafe ARRAY_LONG_BASE_OFFSET I 16
staticfield jdk/internal/misc/Unsafe ARRAY_FLOAT_BASE_OFFSET I 16
staticfield jdk/internal/misc/Unsafe ARRAY_DOUBLE_BASE_OFFSET I 16
staticfield jdk/internal/misc/Unsafe ARRAY_OBJECT_BASE_OFFSET I 16
staticfield jdk/internal/misc/Unsafe ARRAY_BOOLEAN_INDEX_SCALE I 1
staticfield jdk/internal/misc/Unsafe ARRAY_BYTE_INDEX_SCALE I 1
staticfield jdk/internal/misc/Unsafe ARRAY_SHORT_INDEX_SCALE I 2
staticfield jdk/internal/misc/Unsafe ARRAY_CHAR_INDEX_SCALE I 2
staticfield jdk/internal/misc/Unsafe ARRAY_INT_INDEX_SCALE I 4
staticfield jdk/internal/misc/Unsafe ARRAY_LONG_INDEX_SCALE I 8
staticfield jdk/internal/misc/Unsafe ARRAY_FLOAT_INDEX_SCALE I 4
staticfield jdk/internal/misc/Unsafe ARRAY_DOUBLE_INDEX_SCALE I 8
staticfield jdk/internal/misc/Unsafe ARRAY_OBJECT_INDEX_SCALE I 4
staticfield jdk/internal/misc/Unsafe ADDRESS_SIZE I 8
instanceKlass jdk/internal/reflect/DelegatingClassLoader
instanceKlass java/security/SecureClassLoader
ciInstanceKlass java/lang/ClassLoader 1 1 1108 9 7 12 1 1 1 10 7 12 1 1 1 9 12 1 1 10 7 12 1 1 1 7 1 10 12 1 1 10 12 1 1 9 12 1 1 10 12 1 1 100 1 10 12 1 10 12 1 1 10 7 12 1 1 1 100 1 8 1 10 12 1 10 7 12 1 1 1 10 7 12 1 10 7 1 10 7 1 7 1 7 1 10 12 1 10 12 1 9 12 1 1 10 10 7 12 1 1 1 9 12 1 1 9 12 1 9 12 1 1 9 12 1 9 12 1 1 9 12 1 1 7 1 10 12 1 9 12 1 1 10 12 1 1 10 7 12 1 1 1 9 12 1 9 12 1 1 9 12 1 10 12 1 1 9 12 10 12 1 1 7 1 10 8 1 10 12 1 1 10 12 1 10 7 1 7 1 10 12 1 1 10 7 12 1 1 1 8 1 10 12 1 10 12 1 10 12 1 1 10 12 1 1 10 12 1 1 10 12 1 1 10 12 1 1 10 12 1 7 1 10 12 1 10 100 12 1 1 1 10 12 1 1 10 12 1 10 12 1 10 12 1 10 12 1 10 12 1 1 10 10 12 1 10 12 1 10 100 12 1 1 10 12 1 1 10 12 1 1 10 12 1 100 1 10 12 1 7 1 10 12 1 10 7 12 1 1 1 10 10 12 1 1 10 12 1 1 7 1 8 1 10 8 1 10 12 1 10 12 1 100 1 8 1 10 12 1 1 10 12 1 1 10 10 12 1 1 10 12 1 1 10 12 1 1 10 7 1 10 12 1 1 10 12 1 1 10 12 1 1 10 12 1 1 10 12 1 1 10 12 1 1 10 12 1 10 7 12 1 1 1 10 12 1 10 12 1 10 12 1 1 10 12 1 10 12 1 10 12 1 10 12 1 1 10 12 1 10 12 1 1 8 1 9 12 1 10 12 1 1 8 1 8 1 10 7 12 1 1 100 1 10 10 12 10 12 1 10 12 1 10 12 1 10 12 1 1 10 7 12 1 1 10 12 1 10 7 1 7 1 10 12 1 1 10 12 1 10 7 1 10 12 1 100 1 18 12 1 10 100 12 1 1 1 10 100 12 1 1 1 10 7 12 1 1 10 12 1 10 12 1 100 1 10 12 1 8 1 10 10 12 1 1 10 12 1 10 12 1 1 100 1 10 12 1 10 12 1 1 10 7 12 1 1 10 12 1 8 1 100 1 10 10 12 1 9 12 1 10 7 12 1 1 10 12 1 7 1 8 1 10 12 1 10 8 1 8 1 10 12 1 1 10 12 1 1 10 12 1 1 10 7 12 1 1 7 1 100 1 10 12 1 1 7 1 7 1 10 7 12 1 1 10 12 1 10 12 1 1 10 12 1 10 12 1 1 10 12 1 1 9 100 12 1 1 1 10 12 1 1 10 12 1 10 12 1 10 12 1 1 10 12 1 8 1 7 1 18 12 1 1 10 12 1 1 10 12 1 10 12 1 10 12 1 8 1 10 12 1 10 12 1 18 12 1 11 100 12 1 1 1 100 1 10 12 1 1 10 12 1 10 11 12 1 1 10 18 10 12 1 1 11 7 12 1 18 12 1 11 12 1 1 10 12 10 12 1 1 10 12 1 1 7 1 8 1 10 10 12 1 8 1 8 1 10 100 12 1 1 10 12 1 100 1 10 10 12 1 8 1 8 1 8 1 10 12 1 10 12 1 1 10 12 1 10 7 12 1 1 1 11 7 12 1 1 100 1 10 11 10 12 1 10 12 1 10 12 1 1 9 7 12 1 1 9 12 1 1 9 12 9 12 1 9 12 1 9 12 1 8 10 12 1 1 10 7 12 1 1 1 10 12 1 1 10 12 1 1 10 12 1 10 10 12 1 11 12 1 1 10 100 12 1 1 1 100 1 10 12 1 10 12 1 10 12 1 1 1 1 1 1 1 1 1 1 1 1 1 1 1 1 1 1 1 1 1 1 1 1 1 1 1 1 100 1 1 1 1 1 1 1 1 1 1 1 1 1 1 1 1 1 1 1 1 1 100 1 1 1 1 1 1 1 1 1 1 100 1 1 1 1 1 1 1 1 1 1 1 1 1 1 1 1 1 1 1 1 1 1 1 1 1 1 1 1 1 1 1 1 1 1 1 1 1 1 1 1 1 100 1 1 1 1 1 1 1 1 1 1 1 1 1 1 1 1 1 1 1 7 1 1 1 1 1 1 1 1 1 1 1 1 1 1 1 1 1 1 1 1 1 1 1 1 1 1 1 1 1 1 1 1 1 1 1 1 1 1 1 1 1 1 1 1 1 1 1 1 1 1 100 1 1 1 1 1 1 1 1 1 1 1 1 1 1 1 1 1 1 1 1 1 1 1 1 1 1 1 1 1 1 1 1 1 1 1 1 1 1 1 1 1 1 1 1 1 1 16 1 15 10 12 16 1 16 15 10 12 16 1 16 1 15 10 12 16 15 10 12 16 15 10 12 16 15 10 7 12 1 1 1 1 1 100 1 100 1 1
staticfield java/lang/ClassLoader nocerts [Ljava/security/cert/Certificate; 0 [Ljava/security/cert/Certificate;
staticfield java/lang/ClassLoader $assertionsDisabled Z 1
ciInstanceKlass java/lang/reflect/Constructor 1 1 439 10 100 12 1 1 1 10 100 12 1 1 9 7 12 1 1 1 10 12 1 1 10 12 1 1 10 100 12 1 1 9 12 1 1 10 7 12 1 1 1 9 12 1 1 9 12 1 1 9 12 1 9 12 1 1 9 12 1 9 12 1 1 9 12 1 1 9 12 1 100 1 8 1 10 12 1 10 12 1 9 12 1 1 10 7 12 1 1 10 7 12 1 1 1 10 12 1 1 10 12 1 1 10 12 1 7 1 100 1 8 1 10 10 12 1 10 12 1 10 12 1 1 10 12 1 1 9 100 12 1 1 1 10 7 12 1 1 10 12 1 1 10 12 1 10 12 1 1 10 7 12 1 1 1 10 100 12 1 1 10 12 1 1 10 12 1 10 7 12 1 1 1 8 1 10 10 12 1 100 1 8 1 10 12 1 10 12 1 1 10 12 1 1 10 12 1 10 12 1 10 12 1 1 10 12 1 1 9 12 1 1 10 12 1 1 10 12 1 1 10 12 1 1 11 7 12 1 1 1 10 12 1 1 10 12 1 10 12 1 10 12 1 8 1 9 12 1 1 10 7 12 1 1 1 10 7 12 1 1 10 12 1 1 10 12 1 1 10 12 1 1 10 12 1 1 10 12 1 9 7 12 1 1 10 12 1 10 12 1 10 12 1 100 1 8 1 10 10 12 1 1 10 12 1 10 10 12 1 1 10 12 1 1 10 100 12 1 1 1 11 100 12 1 1 1 10 12 1 1 9 100 12 1 1 1 10 100 12 1 1 1 10 12 1 1 1 1 1 1 1 1 1 1 1 1 1 1 1 1 1 1 1 1 1 1 1 1 1 1 1 1 1 1 1 1 1 1 1 1 1 1 1 1 1 1 1 1 1 1 1 1 1 1 1 1 100 1 100 1 100 1 100 1 1 1 1 1 1 1 1 1 1 1 1 1 1 1 1 1 1 1 1 1 1 1 1 1 1 1 1 1 1 1 1 1 100 1 1
instanceKlass java/lang/reflect/Executable
instanceKlass java/lang/reflect/Field
ciInstanceKlass java/lang/reflect/AccessibleObject 1 1 402 10 7 12 1 1 1 9 100 12 1 1 1 10 7 12 1 1 1 10 7 12 1 1 10 7 12 1 1 1 10 100 12 1 1 1 10 12 1 1 10 12 1 1 9 12 1 1 7 1 10 7 12 1 1 1 11 12 1 7 1 10 12 1 7 1 100 1 10 12 1 10 12 1 1 10 12 1 1 10 12 1 1 10 12 1 1 7 1 10 7 12 1 1 1 10 12 1 1 11 10 7 12 1 1 1 10 12 1 1 10 12 1 10 12 1 10 12 1 1 10 12 1 8 1 7 1 7 1 10 10 12 1 1 8 1 10 12 1 10 12 1 8 1 8 1 8 1 8 1 8 1 8 1 8 1 8 1 8 1 100 1 10 12 1 10 12 1 9 12 1 1 10 12 1 1 10 12 1 10 7 1 100 1 8 1 10 8 1 10 12 1 8 1 10 12 1 10 12 1 1 10 100 1 8 1 10 11 7 12 1 1 1 10 12 1 1 10 12 1 1 10 12 1 1 9 12 1 1 100 1 10 12 1 7 1 10 12 1 10 12 1 1 10 100 1 10 12 1 10 12 10 12 1 10 12 1 10 12 1 1 10 12 1 9 12 1 10 100 12 1 1 8 1 10 100 12 1 1 1 8 1 10 7 12 1 1 1 9 12 1 7 1 10 7 1 10 10 7 12 1 1 1 7 1 10 10 7 12 1 1 1 7 1 9 12 1 1 1 1 1 1 1 1 1 1 1 1 1 1 1 1 1 1 1 1 1 1 1 1 1 1 1 1 1 1 1 1 1 1 1 1 1 1 1 1 1 1 1 1 1 1 1 1 1 1 1 1 1 1 1 1 1 1 1 1 1 1 1 1 1 1 1 1 1 1 1 1 1 1 1 1 1 1 1 1 1 1 1 1 1 1
staticfield java/lang/reflect/AccessibleObject reflectionFactory Ljdk/internal/reflect/ReflectionFactory; jdk/internal/reflect/ReflectionFactory
instanceKlass java/lang/reflect/Constructor
instanceKlass java/lang/reflect/Method
ciInstanceKlass java/lang/reflect/Executable 1 1 581 10 7 12 1 1 1 10 7 12 1 1 1 10 7 12 1 1 1 11 7 12 1 1 1 10 7 12 1 1 1 10 12 1 1 10 7 12 1 1 1 10 7 12 1 1 1 10 12 1 8 1 10 10 12 1 1 10 12 1 1 10 100 12 1 1 1 18 12 1 1 11 100 12 1 1 1 8 1 8 1 8 1 10 100 12 1 1 1 11 12 1 1 7 1 8 1 8 1 10 12 1 7 1 8 1 10 12 1 8 1 11 100 12 1 1 1 7 1 11 7 12 1 1 1 11 12 1 8 1 18 8 1 10 12 1 10 12 1 1 18 8 1 10 12 1 100 1 10 12 1 10 12 1 11 12 1 10 12 1 1 8 1 8 1 10 12 1 1 10 12 1 1 10 10 12 1 9 100 12 1 1 1 10 100 12 1 1 1 10 12 1 10 12 1 1 10 100 12 1 1 10 12 1 10 12 1 10 12 1 10 7 12 1 1 7 1 10 100 12 1 1 1 10 12 1 1 10 7 12 1 1 10 12 1 10 12 1 1 9 100 12 1 1 1 10 100 10 12 1 8 1 10 12 1 10 12 1 3 100 1 8 1 10 12 1 10 12 1 10 10 12 1 10 12 1 1 8 1 8 1 8 1 9 12 1 1 9 12 1 10 12 1 100 1 8 1 10 12 1 10 12 1 10 12 1 1 10 12 1 1 10 12 1 10 12 10 12 1 7 1 10 12 1 10 12 1 1 100 1 10 7 12 1 1 1 7 1 10 7 12 1 1 1 10 12 1 1 11 7 12 1 1 10 12 1 10 100 12 1 1 1 10 12 1 1 9 12 1 10 12 1 1 10 12 1 10 12 1 1 9 100 12 1 1 1 10 100 12 1 1 1 10 12 1 10 12 1 1 9 12 1 10 10 10 10 100 12 1 1 1 10 12 1 9 12 1 10 12 1 1 9 12 1 7 1 7 1 1 1 1 1 1 1 1 1 1 1 1 1 1 1 1 1 1 1 1 1 1 1 1 1 1 1 1 1 1 1 1 1 1 1 1 100 1 1 1 1 1 1 1 1 1 1 1 1 1 1 1 1 1 1 1 100 1 1 1 1 1 1 1 1 1 1 1 1 1 1 1 1 1 1 1 1 1 1 1 1 1 1 1 1 1 1 1 1 1 1 1 1 1 1 1 1 1 1 1 7 1 1 1 1 1 1 1 1 1 1 1 1 1 1 1 1 1 1 1 1 1 1 7 1 1 16 15 16 1 16 1 15 10 12 16 15 10 100 12 1 1 1 1 1 1 100 1 1 100 1 100 1 1
ciInstanceKlass java/lang/reflect/Member 1 1 37 100 1 10 12 1 1 100 1 100 1 1 1 1 3 1 3 1 1 1 1 1 1 1 1 1 1 1 1 1 1 1 1 1 1 1 1
instanceKlass com/sun/scenario/effect/ImageData$1
instanceKlass com/sun/scenario/effect/impl/ImagePool$1
instanceKlass com/sun/prism/impl/PrismTrace$1
instanceKlass java/util/logging/LogManager$Cleaner
instanceKlass com/sun/glass/ui/InvokeLaterDispatcher
instanceKlass java/util/concurrent/ForkJoinWorkerThread
instanceKlass com/sun/javafx/tk/quantum/PerformanceTrackerHelper$1$1
instanceKlass com/sun/javafx/tk/quantum/QuantumToolkit$1
instanceKlass com/intellij/rt/execution/application/AppMainV2$1
instanceKlass jdk/internal/misc/InnocuousThread
instanceKlass java/lang/ref/Finalizer$FinalizerThread
instanceKlass java/lang/ref/Reference$ReferenceHandler
instanceKlass java/lang/BaseVirtualThread
ciInstanceKlass java/lang/Thread 1 1 872 10 7 12 1 1 1 9 12 1 1 10 7 12 1 1 10 12 1 10 100 12 1 1 100 1 8 1 10 12 1 1 9 12 1 1 9 12 1 9 12 1 1 7 1 10 12 1 1 10 12 1 10 100 12 1 1 1 10 12 9 12 1 1 10 12 1 7 1 10 12 1 10 12 1 1 10 12 1 1 10 12 1 10 12 1 1 100 1 8 1 10 9 100 12 1 1 1 10 12 1 1 10 3 8 1 7 1 5 0 10 7 12 1 1 1 9 12 1 10 12 1 1 10 7 12 1 1 1 10 7 12 1 1 1 10 12 1 1 10 12 1 1 9 12 1 1 10 7 1 8 1 10 7 1 10 12 1 9 12 1 1 10 7 12 1 1 1 10 10 12 1 1 9 100 12 1 1 1 10 12 1 1 10 12 1 1 10 7 12 1 1 10 12 1 10 12 1 10 7 12 1 1 9 12 1 10 7 12 1 1 1 10 12 1 1 9 12 1 1 9 12 1 1 10 7 12 1 1 1 9 12 1 1 10 100 12 1 1 10 100 12 1 1 1 10 12 1 10 12 1 10 7 12 1 1 9 12 1 8 1 9 7 12 1 1 9 12 1 1 5 0 100 1 10 100 1 10 100 1 10 7 1 10 8 1 10 12 1 1 10 7 12 1 10 12 1 10 12 1 100 1 8 1 10 10 12 1 10 12 1 1 10 100 12 1 1 1 10 100 12 1 1 1 10 12 1 7 1 9 12 1 1 100 1 10 10 12 1 9 12 1 1 10 12 1 1 10 12 1 1 10 12 1 10 12 1 9 12 1 1 10 10 12 1 1 10 12 1 1 11 7 12 1 1 10 7 12 1 1 9 12 1 9 12 1 1 9 12 1 1 10 100 12 1 1 10 12 1 1 9 100 12 1 1 1 10 100 12 1 1 10 12 1 10 12 1 100 1 10 10 12 9 12 1 1 10 12 1 11 100 12 1 1 11 12 1 10 12 1 10 12 1 10 12 1 9 12 1 10 10 12 1 10 12 1 1 9 12 1 9 12 10 12 1 8 1 10 12 1 10 12 1 10 12 1 10 12 1 10 12 1 1 10 12 1 10 12 1 1 10 12 1 10 12 1 10 12 1 10 12 1 10 12 1 1 9 7 12 1 1 1 8 1 10 9 12 1 10 12 1 7 1 8 1 10 10 12 1 8 1 10 12 1 1 9 12 10 12 8 1 10 10 12 1 10 12 1 8 1 10 12 1 10 8 1 10 100 12 1 1 10 12 1 1 100 1 8 1 10 9 12 1 9 12 1 1 10 12 1 1 10 10 12 1 10 12 1 100 10 7 12 1 1 1 9 12 1 10 12 1 1 10 12 1 1 10 100 12 1 1 1 11 7 12 1 1 1 9 100 12 1 1 1 10 100 12 1 1 1 7 1 10 12 1 100 1 10 12 1 10 12 1 1 10 12 1 1 8 1 9 12 1 10 12 1 10 12 1 1 11 7 12 1 1 1 10 12 1 1 1 1 3 1 3 1 3 1 3 1 1 1 1 1 1 1 1 1 1 1 1 1 1 1 1 1 1 1 1 1 7 1 1 1 1 1 1 1 1 1 1 1 1 1 1 1 1 1 1 1 1 100 1 1 1 1 1 1 1 1 1 1 1 1 1 1 1 1 1 1 7 1 7 1 1 1 1 1 1 1 1 1 1 1 1 1 1 1 1 1 1 1 1 1 1 1 1 1 1 1 1 1 1 1 1 1 1 1 1 1 1 1 1 1 1 1 1 1 1 1 1 1 1 1 1 1 1 1 1 1 1 1 1 1 1 1 1 1 1 1 1 1 1 1 1 1 1 100 100 1 1 1 1 1 1 1 1 1 1 1 1 1 1 1 1 1 1 1 1 1 1 1 1 1 1 100 1 100 1 100 1 100 1 100 1 1 100 1 1 1 1 1 1 1 1 1 1 1 1 1 1 1
staticfield java/lang/Thread NEW_THREAD_BINDINGS Ljava/lang/Object; java/lang/Class
staticfield java/lang/Thread EMPTY_STACK_TRACE [Ljava/lang/StackTraceElement; 0 [Ljava/lang/StackTraceElement;
ciInstanceKlass java/lang/Runnable 1 1 11 100 1 100 1 1 1 1 1 1 1
ciInstanceKlass java/net/URL 1 1 771 10 7 12 1 1 1 10 12 1 10 7 12 1 1 9 12 1 1 9 12 1 10 7 12 1 1 1 10 12 1 1 10 12 1 1 9 12 1 1 10 7 12 1 1 1 8 1 10 12 1 1 7 1 10 10 12 1 1 8 1 10 12 1 1 9 12 1 7 1 8 1 10 12 1 10 12 1 8 1 9 12 1 10 12 1 1 9 12 1 10 12 1 10 12 1 9 12 1 9 12 1 8 1 9 12 1 10 12 1 1 8 1 9 12 1 1 10 12 1 1 10 7 12 1 1 1 8 1 10 12 1 7 1 10 12 1 10 12 1 10 12 1 10 12 1 1 10 12 1 1 8 1 10 12 1 1 10 12 1 8 1 9 12 1 8 1 10 12 1 10 7 12 1 1 1 7 1 10 12 1 10 12 1 1 10 7 12 1 1 1 100 1 8 1 10 10 12 1 8 1 10 12 1 1 10 12 1 10 12 1 10 12 1 10 12 1 10 12 1 10 12 1 8 1 10 12 1 8 1 10 10 100 1 10 10 12 1 8 1 10 7 12 1 1 1 10 12 1 9 100 12 1 1 1 10 7 12 1 1 1 9 12 1 1 10 12 1 10 100 12 1 1 1 100 1 100 1 10 12 1 10 12 1 10 12 1 10 12 1 10 12 1 10 12 10 10 12 1 10 12 1 10 12 1 1 8 1 9 100 12 1 1 1 10 100 12 1 1 1 10 12 1 1 9 100 12 1 1 1 10 12 1 1 100 1 10 12 1 10 12 1 10 10 12 1 1 10 12 1 1 10 12 1 10 12 1 10 12 1 10 7 12 1 1 1 10 12 1 1 10 12 1 9 12 1 1 9 12 1 1 7 1 8 1 10 10 12 1 9 12 1 1 10 7 12 1 1 8 1 10 7 12 1 1 8 1 10 12 1 1 10 12 1 8 1 8 1 10 7 12 1 1 1 7 1 10 7 12 1 1 1 10 12 1 10 12 1 100 1 10 9 100 12 1 1 1 10 100 12 1 1 10 12 1 1 10 12 1 8 1 100 1 10 10 7 12 1 1 1 10 12 1 8 9 100 12 1 1 1 10 12 1 1 10 12 1 10 12 1 1 10 7 12 1 1 11 7 12 1 1 10 12 1 10 12 1 9 12 1 10 12 1 1 10 100 12 1 1 10 100 12 1 1 1 8 10 100 12 1 1 100 1 10 8 8 10 12 1 8 8 8 100 1 10 12 1 9 12 1 1 10 12 1 10 12 1 1 10 12 1 10 12 10 12 1 1 10 12 1 1 10 10 10 12 1 10 12 1 10 12 1 10 12 1 10 12 1 10 10 12 1 100 1 8 1 10 10 10 12 1 1 10 12 1 10 12 1 1 8 1 7 1 10 10 7 1 10 12 1 9 7 12 1 1 1 9 12 1 1 7 1 10 10 7 12 1 1 1 7 1 1 1 1 1 5 0 1 1 1 1 1 1 1 1 1 1 1 1 1 1 1 1 1 1 1 1 1 1 1 1 1 1 1 1 1 1 1 1 1 1 1 1 1 1 1 1 1 1 1 1 1 1 1 1 7 1 1 1 1 1 1 1 1 1 1 1 1 1 1 1 1 1 1 1 1 1 1 1 1 1 1 1 1 1 1 1 1 1 1 1 1 1 100 1 1 1 1 1 1 1 1 1 1 1 1 1 1 1 1 1 100 1 1 1 1 1 1 1 1 1 1 1 1 1 1 1 1 1 1 1
staticfield java/net/URL defaultFactory Ljava/net/URLStreamHandlerFactory; java/net/URL$DefaultFactory
staticfield java/net/URL handlers Ljava/util/Hashtable; java/util/Hashtable
staticfield java/net/URL streamHandlerLock Ljava/lang/Object; java/lang/Object
staticfield java/net/URL serialPersistentFields [Ljava/io/ObjectStreamField; 7 [Ljava/io/ObjectStreamField;
ciMethod java/lang/System arraycopy (Ljava/lang/Object;ILjava/lang/Object;II)V 256 0 128 0 -1
ciInstanceKlass java/lang/Module 1 1 1066 10 7 12 1 1 1 9 7 12 1 1 1 10 7 12 1 1 1 9 12 1 9 12 1 1 9 12 1 1 10 12 1 1 10 12 1 10 12 1 1 10 7 12 1 1 1 7 1 10 7 12 1 1 1 10 12 1 1 11 7 12 1 1 1 10 12 1 1 10 7 12 1 1 1 9 100 12 1 1 1 10 7 12 1 1 1 10 12 1 8 1 10 7 12 1 1 1 10 7 12 1 1 1 10 7 12 1 1 1 10 12 1 1 10 12 1 9 12 1 1 10 100 12 1 1 100 1 7 1 10 8 1 10 12 1 1 10 12 1 10 12 10 12 1 10 7 12 1 1 8 1 8 1 10 8 1 8 1 8 1 9 12 1 1 8 1 10 100 12 1 1 1 10 12 1 9 12 1 1 11 12 1 9 7 12 1 1 10 7 12 1 1 1 10 7 12 1 1 1 10 12 1 1 8 1 10 12 1 1 10 12 1 10 12 1 1 9 7 12 1 1 1 10 12 1 1 10 12 1 1 9 12 1 10 12 1 10 12 1 9 12 1 1 11 7 12 1 1 10 12 1 1 9 12 1 9 12 1 10 12 1 10 12 1 100 1 8 1 10 10 12 1 1 10 12 1 8 1 10 12 1 1 8 1 8 1 10 12 1 1 10 12 1 10 12 1 1 18 12 1 1 10 12 1 1 11 12 1 9 12 1 11 12 10 100 12 1 1 100 1 8 1 10 11 12 1 1 10 7 12 1 1 1 10 12 1 10 12 1 1 11 12 1 1 11 7 12 1 1 11 12 1 1 9 12 1 11 12 1 10 12 1 1 10 12 1 1 9 12 1 10 12 10 7 12 1 1 10 7 1 18 12 1 1 11 100 12 1 1 1 18 12 1 11 12 1 1 10 100 12 1 1 1 11 12 1 1 10 7 12 1 1 7 1 11 12 1 7 1 7 1 10 12 1 10 7 12 1 1 1 10 7 12 1 1 1 10 11 7 12 1 8 1 10 10 12 1 1 10 7 12 1 1 10 12 1 10 12 1 7 1 10 12 1 10 11 12 1 1 10 12 10 12 1 1 9 12 1 1 100 1 10 10 12 1 1 11 7 1 10 12 1 1 11 12 1 10 10 12 1 11 10 12 1 1 10 12 1 1 10 12 1 1 10 7 12 1 1 10 12 1 10 12 1 1 10 10 12 1 1 10 12 1 18 12 1 11 12 1 18 12 1 10 12 1 10 12 1 10 12 7 1 10 12 1 10 12 1 10 12 1 9 12 1 7 1 10 10 10 10 12 1 10 12 1 10 12 1 10 12 1 1 10 12 1 1 10 12 1 9 12 1 18 12 1 1 10 7 12 1 1 1 100 1 8 1 10 12 1 1 10 12 1 1 10 7 12 1 1 7 1 10 12 1 1 7 1 8 1 100 1 9 100 12 1 1 1 11 100 12 1 1 10 12 1 1 11 12 1 1 18 12 1 1 11 12 1 1 100 1 10 12 1 10 12 1 1 7 1 7 1 10 12 8 1 10 12 1 1 10 12 1 1 10 7 12 1 1 10 12 1 1 10 12 1 10 12 10 12 1 1 7 1 10 10 12 1 1 10 7 12 1 1 1 100 1 10 12 1 1 10 7 12 1 1 8 1 18 12 1 1 100 1 100 1 9 12 1 1 9 12 1 9 12 1 11 100 12 1 1 1 100 1 11 12 1 1 100 1 10 12 1 8 1 10 12 1 10 12 10 12 1 8 1 10 10 100 12 1 1 7 1 10 10 12 1 10 7 12 1 1 9 12 1 9 12 1 9 12 1 9 12 1 10 12 11 12 1 10 12 1 7 1 1 1 1 1 1 1 1 1 1 1 1 1 1 1 1 1 1 1 1 1 1 1 1 1 1 1 1 1 1 1 1 1 1 1 1 1 1 1 1 1 1 1 1 1 1 1 1 1 1 1 1 1 1 1 1 1 1 1 1 1 1 1 1 1 1 1 1 1 1 1 1 1 1 1 1 1 1 1 1 1 1 1 1 1 1 1 1 1 1 1 1 1 1 1 1 1 1 1 1 1 1 1 1 1 1 1 1 1 1 1 100 100 1 1 1 1 1 1 1 1 1 1 1 1 1 1 1 1 1 1 1 1 1 1 1 1 1 1 1 1 1 100 1 7 1 1 1 1 1 1 1 1 1 1 1 1 1 1 1 1 1 1 1 1 100 1 1 1 1 1 1 1 1 1 1 1 1 1 1 1 1 1 1 1 1 1 1 1 16 15 10 12 16 16 15 10 12 16 16 15 10 16 1 15 10 12 16 1 15 10 12 16 1 16 15 10 12 16 16 1 15 10 12 16 15 10 7 12 1 1 1 15 10 100 12 1 1 1 1 1 1 1 1 1 1 1 1 100 1 100 1 1
staticfield java/lang/Module ALL_UNNAMED_MODULE Ljava/lang/Module; java/lang/Module
staticfield java/lang/Module ALL_UNNAMED_MODULE_SET Ljava/util/Set; java/util/ImmutableCollections$Set12
staticfield java/lang/Module EVERYONE_MODULE Ljava/lang/Module; java/lang/Module
staticfield java/lang/Module EVERYONE_SET Ljava/util/Set; java/util/ImmutableCollections$Set12
staticfield java/lang/Module $assertionsDisabled Z 1
ciInstanceKlass java/lang/StringLatin1 1 1 420 7 1 10 7 12 1 1 1 10 12 1 1 10 7 12 1 1 1 10 7 12 1 1 1 10 12 1 10 12 1 1 7 1 5 0 5 0 10 7 12 1 1 1 10 7 12 1 1 1 10 12 1 1 10 7 12 1 1 1 10 7 12 1 1 1 10 12 1 1 10 12 1 1 10 10 12 1 10 12 1 10 9 7 12 1 1 1 10 12 1 1 10 7 12 1 1 1 10 12 10 12 1 1 10 12 1 1 10 12 1 10 12 1 1 10 12 1 10 7 12 1 1 1 10 12 1 10 12 1 9 12 1 1 100 1 10 10 12 1 1 10 7 12 1 1 1 10 12 1 10 12 1 100 1 7 1 8 1 10 12 1 8 1 10 12 1 1 100 1 10 10 12 1 10 7 12 1 1 1 8 1 8 1 8 1 10 12 1 1 10 12 10 100 12 1 1 10 12 1 10 12 1 1 10 12 1 1 10 12 1 1 10 12 1 10 12 10 12 10 12 1 10 12 10 10 12 1 10 12 1 10 12 1 10 100 12 1 1 1 10 100 12 1 1 1 10 12 1 1 10 12 1 1 10 10 7 12 1 1 1 1 1 1 1 1 1 1 1 1 1 1 1 1 1 1 1 1 1 1 1 1 1 1 1 1 1 1 1 1 1 1 1 1 1 1 1 1 1 1 1 1 1 1 1 1 1 1 1 1 1 1 1 1 1 1 1 1 1 1 1 100 1 1 1 1 1 1 1 1 1 1 1 1 1 1 1 1 1 1 1 1 1 1 1 1 1 1 1 1 1 1 1 1 1 1 1 1 1 1 1 1 1 100 1 1 1 1 1 1 1 1 1 1 1 1 1 1 1 1 1 1 1 1 1 1 1 100 1 1 1 1 1 1 1 1 1 1 1 1 1 1 1 1 1 1 1 1 1 1 1 1 1 1 1 100 1 1 1 1
staticfield java/lang/StringLatin1 $assertionsDisabled Z 1
ciInstanceKlass java/lang/Integer 1 1 442 7 1 7 1 7 1 7 1 10 12 1 1 9 12 1 1 9 12 1 1 10 7 12 1 1 1 10 12 1 1 10 100 12 1 1 1 10 10 12 1 1 10 7 12 1 1 1 10 12 1 10 12 1 1 10 7 12 1 1 1 10 12 1 1 10 12 1 1 10 12 1 10 12 1 10 12 1 1 10 10 12 1 7 1 8 1 10 12 1 8 1 7 1 10 12 1 1 10 12 1 1 8 1 10 12 1 1 8 1 10 12 1 1 10 12 1 1 10 12 1 1 3 3 10 7 12 1 1 1 11 7 1 10 12 1 1 11 10 12 1 1 10 12 1 1 8 1 10 12 1 10 12 1 8 1 7 1 10 12 1 8 1 10 12 1 1 10 12 1 8 1 10 12 1 10 12 1 7 1 9 12 1 1 9 12 1 1 10 12 1 10 7 1 9 12 1 10 12 1 10 12 1 10 12 1 1 10 7 12 1 1 1 100 1 100 1 10 12 1 1 10 12 1 1 8 1 8 1 10 12 1 1 8 1 8 1 8 1 8 1 8 1 8 1 10 12 1 10 12 1 10 12 1 5 0 3 3 3 3 10 12 1 10 12 1 3 10 12 1 10 100 12 1 1 1 10 12 1 1 10 12 1 1 8 1 10 7 12 1 1 1 9 12 1 1 7 1 7 1 7 1 1 1 1 3 1 1 1 3 1 3 1 1 5 0 1 1 1 1 1 1 1 1 1 1 100 1 1 1 1 1 1 1 1 1 1 1 1 1 1 1 1 1 1 1 1 1 1 1 1 1 1 1 1 1 1 1 1 1 1 1 1 1 3 1 1 1 1 1 1 1 1 1 1 1 1 1 1 1 1 7 1 1 1 1 1 1 1 1 1 1 1 1 1 1 1 1 1 1 1 1 1 1 1 1 1 1 1 1 1 1 1 1 1 1 1 1 1 1 1 1 1 1 1 1 1 7 1 1 1 1 1 1 1 1 1 100 1 100 1 1
staticfield java/lang/Integer TYPE Ljava/lang/Class; java/lang/Class
staticfield java/lang/Integer digits [C 36
instanceKlass java/math/BigDecimal
instanceKlass java/math/BigInteger
instanceKlass java/util/concurrent/atomic/Striped64
instanceKlass java/util/concurrent/atomic/AtomicLong
instanceKlass java/util/concurrent/atomic/AtomicInteger
instanceKlass java/lang/Long
instanceKlass java/lang/Integer
instanceKlass java/lang/Short
instanceKlass java/lang/Byte
instanceKlass java/lang/Double
instanceKlass java/lang/Float
ciInstanceKlass java/lang/Number 1 1 37 10 7 12 1 1 1 10 100 12 1 1 1 100 1 1 1 1 5 0 1 1 1 1 1 1 1 1 1 1 1 1 1 1 1 1 1
ciInstanceKlass jdk/internal/util/ArraysSupport 1 1 396 7 1 7 1 8 1 10 12 1 1 10 12 1 1 10 7 12 1 1 9 7 12 1 1 1 9 12 1 1 10 7 12 1 1 1 9 12 1 1 10 7 12 1 1 1 9 12 1 10 12 9 12 1 10 12 1 1 10 12 10 12 1 1 10 7 12 1 1 1 9 12 1 1 11 7 12 1 1 1 10 7 12 1 1 1 7 1 10 12 1 1 10 12 1 100 1 10 12 1 10 12 100 1 10 12 1 100 1 10 12 1 100 1 7 1 10 8 1 10 12 1 1 10 12 1 10 12 1 1 10 9 12 1 9 12 1 10 12 1 1 9 12 1 9 12 1 9 12 1 9 12 1 9 12 1 9 12 1 9 12 1 10 12 1 1 10 7 12 1 1 1 9 12 1 9 12 1 10 12 1 1 10 12 1 9 12 1 10 12 1 10 7 12 1 1 1 9 12 1 9 12 1 10 12 1 10 12 1 10 7 12 1 1 1 3 10 12 1 7 1 8 1 8 1 8 1 10 10 100 12 1 1 1 11 7 12 1 1 1 10 12 1 10 7 12 1 1 1 10 12 1 1 10 12 1 1 9 12 1 10 12 1 9 12 1 9 12 1 9 12 1 9 12 1 9 12 1 9 12 1 9 12 1 10 7 12 1 1 1 1 1 3 1 3 1 3 1 3 1 3 1 3 1 3 1 3 1 1 1 1 1 1 1 1 1 1 1 1 1 1 1 1 1 1 1 1 1 1 1 1 1 1 1 1 1 1 1 1 1 1 1 1 1 1 1 1 1 1 1 1 1 1 1 1 1 1 1 1 1 1 1 1 1 1 1 1 1 1 1 1 1 1 1 1 1 1 1 1 1 1 1 1 1 1 1 1 1 1 1 1 100 1 1 1 1
staticfield jdk/internal/util/ArraysSupport U Ljdk/internal/misc/Unsafe; jdk/internal/misc/Unsafe
staticfield jdk/internal/util/ArraysSupport BIG_ENDIAN Z 0
staticfield jdk/internal/util/ArraysSupport LOG2_ARRAY_BOOLEAN_INDEX_SCALE I 0
staticfield jdk/internal/util/ArraysSupport LOG2_ARRAY_BYTE_INDEX_SCALE I 0
staticfield jdk/internal/util/ArraysSupport LOG2_ARRAY_CHAR_INDEX_SCALE I 1
staticfield jdk/internal/util/ArraysSupport LOG2_ARRAY_SHORT_INDEX_SCALE I 1
staticfield jdk/internal/util/ArraysSupport LOG2_ARRAY_INT_INDEX_SCALE I 2
staticfield jdk/internal/util/ArraysSupport LOG2_ARRAY_LONG_INDEX_SCALE I 3
staticfield jdk/internal/util/ArraysSupport LOG2_ARRAY_FLOAT_INDEX_SCALE I 2
staticfield jdk/internal/util/ArraysSupport LOG2_ARRAY_DOUBLE_INDEX_SCALE I 3
staticfield jdk/internal/util/ArraysSupport LOG2_BYTE_BIT_SIZE I 3
staticfield jdk/internal/util/ArraysSupport JLA Ljdk/internal/access/JavaLangAccess; java/lang/System$2
ciInstanceKlass java/lang/Character 1 1 604 7 1 7 1 100 1 9 12 1 1 8 1 9 12 1 1 7 1 9 12 1 1 10 7 12 1 1 1 10 100 12 1 1 1 10 100 12 1 1 1 10 7 12 1 1 1 9 7 12 1 1 1 10 12 1 10 12 1 1 10 12 1 1 10 7 12 1 1 10 12 1 1 3 3 3 3 3 10 12 1 1 10 12 1 3 11 7 12 1 1 1 11 12 1 1 10 12 1 1 10 12 1 1 100 1 10 10 12 1 3 10 12 1 1 10 12 1 10 12 1 1 100 1 8 1 10 12 1 1 10 12 1 10 12 1 10 12 1 10 100 12 1 1 1 10 12 1 10 12 1 10 12 1 1 10 12 1 10 7 12 1 1 10 10 12 1 10 10 12 1 10 12 1 1 10 12 1 10 10 12 1 10 12 1 10 12 1 10 12 1 10 12 1 10 12 1 10 12 1 10 12 10 10 12 10 10 12 1 10 10 12 1 10 10 12 1 10 10 12 1 10 12 1 10 12 1 10 12 1 10 12 1 10 12 1 10 12 1 10 10 12 1 10 10 12 1 10 10 12 1 1 10 10 12 1 10 5 0 10 12 1 10 12 1 10 10 12 1 10 10 12 1 1 10 10 12 1 10 10 12 1 9 12 1 1 100 1 10 10 12 1 10 12 1 1 3 10 100 12 1 1 1 10 12 1 10 100 12 1 1 7 1 10 10 12 1 1 10 12 1 1 10 12 1 1 8 1 10 12 1 9 100 12 1 1 1 10 12 1 10 10 12 1 10 12 1 1 10 12 1 10 10 12 1 1 10 10 12 1 1 7 1 8 1 10 12 1 1 10 7 12 1 1 1 8 1 10 12 1 1 9 12 1 1 7 1 7 1 7 1 1 1 1 3 1 3 1 3 1 3 1 1 1 1 1 3 1 1 3 1 3 1 3 1 3 1 3 1 3 1 3 1 3 1 3 1 3 1 3 1 3 1 3 1 3 1 3 1 3 1 3 1 3 1 3 1 3 1 3 1 3 1 3 1 3 1 3 1 3 1 3 1 3 1 1 1 1 1 1 1 1 1 1 1 1 1 1 1 1 1 1 1 3 1 1 1 1 1 1 1 3 1 1 3 1 1 1 1 1 3 1 1 5 0 1 1 1 1 1 1 1 1 1 1 1 1 1 1 1 1 1 1 1 1 1 1 1 1 1 1 1 1 1 1 1 1 1 1 1 1 1 1 1 1 1 1 1 1 1 1 1 1 1 1 1 1 1 1 1 1 1 1 1 1 1 1 1 1 1 1 1 1 1 1 1 1 1 1 1 1 1 1 1 1 1 1 1 1 1 1 1 1 1 1 100 1 100 1 1 1 1 1 1
staticfield java/lang/Character TYPE Ljava/lang/Class; java/lang/Class
staticfield java/lang/Character $assertionsDisabled Z 1
ciInstanceKlass java/lang/OutOfMemoryError 1 1 26 10 100 12 1 1 1 10 12 1 100 1 1 1 1 5 0 1 1 1 1 1 1 1 1 1
ciMethod java/lang/StringLatin1 equals ([B[B)Z 770 582 9646 0 -1
ciMethod java/lang/StringLatin1 hashCode ([B)I 400 0 15785 0 0
ciInstanceKlass java/lang/StringUTF16 1 1 638 7 1 7 1 10 7 12 1 1 1 10 7 12 1 1 1 100 1 10 3 7 1 7 1 10 8 1 10 12 1 1 10 12 1 8 1 10 12 1 1 10 12 1 9 12 1 1 10 12 1 1 100 1 8 1 10 12 1 9 12 1 1 9 12 1 10 10 12 1 1 10 12 1 1 10 7 12 1 1 1 10 12 1 10 12 1 1 10 12 1 1 10 12 1 1 10 12 1 1 10 12 1 10 12 1 1 10 12 1 1 10 12 1 1 10 12 1 1 10 12 1 1 10 12 1 10 7 12 1 1 1 10 12 1 1 10 100 12 1 1 1 10 12 1 1 10 12 1 10 12 1 1 10 12 1 1 10 12 1 1 10 12 1 10 12 1 100 1 10 12 1 10 10 12 1 10 12 1 1 10 12 1 10 100 12 1 1 1 10 12 1 1 10 12 10 12 1 1 10 12 1 10 12 1 1 10 12 1 10 12 1 10 12 1 10 12 1 10 7 12 1 1 1 3 10 12 1 10 12 1 10 12 1 10 12 1 10 12 1 10 12 1 1 9 12 1 10 12 1 10 12 10 12 1 1 10 12 1 10 12 1 10 12 1 10 10 12 10 12 10 10 12 1 1 10 12 1 10 12 1 10 12 1 100 1 8 1 8 1 10 12 1 1 100 1 10 10 7 12 1 1 1 10 100 12 1 1 8 1 8 1 8 1 10 12 1 1 10 12 1 1 10 12 10 100 12 1 1 10 12 1 1 10 12 1 1 10 12 1 10 12 10 12 10 12 1 10 12 10 12 1 10 12 1 10 12 1 10 12 1 10 100 12 1 1 1 10 100 12 1 1 1 10 12 1 1 10 12 1 1 11 7 12 1 1 10 12 1 10 12 1 10 12 1 1 10 12 1 5 0 5 0 10 100 12 1 1 1 10 12 1 10 12 10 12 10 7 12 1 1 1 10 7 12 1 1 1 10 12 1 1 1 1 1 1 1 1 1 1 1 1 1 1 1 1 1 1 1 1 1 1 1 1 1 1 1 1 1 1 100 1 1 1 1 1 1 1 1 1 1 1 1 1 1 1 1 1 1 1 1 1 1 1 1 1 1 1 1 1 1 1 1 1 1 1 1 1 1 1 1 1 1 1 1 1 1 1 1 1 1 1 1 1 1 1 1 1 1 1 1 1 1 1 1 1 1 1 1 1 1 1 1 1 1 1 1 1 1 1 1 1 1 1 1 1 1 1 1 1 100 1 1 1 1 1 1 1 1 1 1 1 1 1 1 1 1 1 100 1 1 1 1 1 1 1 1 1 1 1 1 1 1 1 1 1 1 1 1 1 1 1 1 1 1 1 1 1 1 1 1 1 1 1 1 1 1 1 1 1 1 1 1 1 1 1 1 1 1 1 1 1 1 1 1 1 1 1 1 1 100 1 100 1 1 1 1 1
staticfield java/lang/StringUTF16 HI_BYTE_SHIFT I 0
staticfield java/lang/StringUTF16 LO_BYTE_SHIFT I 8
staticfield java/lang/StringUTF16 $assertionsDisabled Z 1
ciMethod java/lang/StringUTF16 hashCode ([B)I 2 0 19 0 0
ciInstanceKlass java/lang/Thread$FieldHolder 1 1 48 10 7 12 1 1 1 9 7 12 1 1 1 9 12 1 1 9 12 1 1 9 12 1 1 9 12 1 1 1 1 1 1 1 1 1 1 100 1 100 1 1 1 1 100 1 1 1
ciInstanceKlass java/lang/Thread$Constants 0 0 59 7 1 10 7 12 1 1 1 100 1 10 10 7 12 1 1 1 7 1 8 1 10 12 1 9 7 12 1 1 1 7 1 7 1 10 12 1 10 12 1 9 12 1 1 1 1 1 1 1 1 1 1 1 1 1 1 1 1
ciInstanceKlass java/lang/ThreadGroup 1 1 404 10 7 12 1 1 1 9 7 12 1 1 1 8 1 9 12 1 1 7 1 9 12 1 1 9 12 1 1 10 7 12 1 1 1 10 12 1 1 10 12 1 10 12 1 10 12 1 10 12 1 1 10 12 1 1 10 12 1 10 12 1 1 10 12 1 10 12 1 10 100 12 1 1 1 10 12 1 1 18 12 1 1 11 7 12 1 1 1 10 7 12 1 1 1 10 7 12 1 10 12 1 1 10 12 1 1 10 12 1 1 10 100 12 1 1 1 10 12 1 11 12 1 1 11 7 12 1 1 11 12 1 1 10 12 1 1 10 12 1 10 12 1 11 12 1 11 12 1 1 10 12 1 100 1 10 18 12 1 1 11 7 12 1 1 1 11 12 1 1 9 12 1 1 10 12 1 1 8 1 10 7 12 1 1 1 10 100 12 1 1 1 10 12 1 1 11 12 10 12 1 1 10 12 1 1 11 7 1 9 12 1 7 1 10 8 1 10 12 1 1 10 12 1 1 8 1 10 12 1 10 7 12 1 1 1 10 12 1 1 10 7 1 8 1 10 8 1 10 12 1 10 12 1 8 1 9 12 1 1 9 12 1 10 100 12 1 1 1 100 9 12 1 1 7 1 9 12 1 10 12 10 12 1 1 100 10 12 9 12 1 10 12 1 100 1 10 11 12 1 1 7 1 10 10 12 1 10 12 1 1 1 1 1 1 1 1 1 1 1 1 1 1 1 1 1 1 3 1 1 1 1 1 1 1 1 1 1 1 1 100 1 1 1 1 1 1 1 1 1 1 1 1 1 1 1 1 1 1 1 1 1 1 1 1 1 1 1 1 1 1 1 1 1 1 1 1 1 1 1 16 15 10 12 16 16 15 10 12 16 15 10 100 12 1 1 1 1 1 100 1 100 1 1
staticfield java/lang/ThreadGroup $assertionsDisabled Z 1
ciInstanceKlass java/lang/Thread$UncaughtExceptionHandler 1 0 16 100 1 100 1 1 1 1 1 1 1 1 100 1 1 1
ciInstanceKlass java/security/AccessControlContext 1 1 375 9 7 12 1 1 1 9 12 1 1 10 100 12 1 1 1 8 1 10 100 12 1 1 1 10 7 12 1 1 1 9 12 1 9 12 1 1 9 12 1 1 10 7 12 1 1 7 1 10 12 1 11 7 12 1 1 1 11 12 1 11 12 1 11 12 1 1 7 1 11 12 1 1 10 12 1 10 7 12 1 1 1 9 100 12 1 1 1 10 7 12 1 1 1 11 100 12 1 1 1 10 7 1 100 1 8 1 10 12 1 10 12 1 1 7 1 10 7 12 1 1 1 9 12 1 9 12 1 9 12 1 9 12 1 1 9 12 1 1 9 12 1 9 12 1 10 7 12 1 1 1 9 12 1 10 12 1 1 10 12 1 1 8 1 10 12 1 1 10 12 1 1 10 7 12 1 1 1 7 1 10 10 12 1 1 10 7 12 1 1 1 10 8 1 10 7 12 1 1 8 1 10 7 12 1 1 8 1 8 1 10 12 1 8 1 10 12 1 8 1 10 12 1 10 12 1 10 12 1 1 8 1 8 1 100 1 10 12 1 10 12 1 1 100 1 10 12 1 8 1 10 12 1 10 12 1 10 8 1 10 12 1 1 10 12 1 1 10 12 1 1 10 12 1 1 10 12 1 10 12 1 11 10 12 1 10 12 1 1 10 10 10 12 1 1 1 1 1 1 1 1 1 1 1 1 1 1 1 1 1 1 1 1 1 1 1 1 100 1 1 1 1 1 1 1 1 1 1 1 1 1 1 1 1 1 1 1 1 1 1 1 1 1 1 1 1 1 1 1 1 1 1 1 1 1 1 1 1 1 1 1 1 1 1 1 1 1 1 1 1 1 3 1 1
instanceKlass java/lang/ThreadBuilders$BoundVirtualThread
instanceKlass java/lang/VirtualThread
ciInstanceKlass java/lang/BaseVirtualThread 0 0 36 10 100 12 1 1 1 100 1 1 1 1 1 1 1 1 1 1 1 1 1 1 1 1 1 1 1 1 100 1 100 1 1 100 1 1
ciInstanceKlass java/lang/VirtualThread 0 0 922 9 7 12 1 1 1 10 7 12 1 1 1 10 100 12 1 1 1 10 7 12 1 1 1 9 12 1 1 9 12 1 1 100 1 10 12 1 9 12 1 1 18 12 1 1 9 12 1 1 10 12 1 1 100 1 10 12 1 10 12 1 1 10 12 1 1 10 12 1 1 10 12 1 10 7 12 1 10 12 1 10 12 1 10 12 1 10 12 1 11 100 12 1 1 1 100 1 10 12 1 1 10 100 12 1 1 1 10 100 12 1 1 1 10 12 1 100 1 10 10 12 1 10 12 1 1 9 12 1 1 10 12 1 1 9 12 1 1 10 12 1 9 12 1 1 9 12 1 100 1 10 10 12 1 10 100 12 1 1 10 9 10 10 12 1 1 10 12 1 1 10 100 12 1 1 10 100 1 10 9 10 10 12 1 7 1 10 12 1 1 10 12 1 10 12 1 10 12 1 1 9 12 1 10 12 1 10 12 1 9 12 1 1 10 12 1 10 12 1 9 12 1 1 10 12 1 10 12 1 10 12 1 11 100 12 1 1 10 12 1 1 10 12 1 1 10 100 1 10 12 1 10 12 1 1 9 12 1 10 12 1 1 10 12 1 1 10 12 1 10 12 1 10 12 1 10 12 9 12 1 1 10 100 12 1 1 10 12 1 10 12 1 1 10 100 12 1 1 10 12 1 100 1 8 1 10 12 1 10 12 1 1 10 12 1 10 12 1 10 100 12 1 1 10 12 1 10 12 1 1 10 12 1 10 12 1 1 10 7 12 1 1 10 12 1 1 10 12 1 1 100 1 10 10 12 1 7 1 9 12 1 1 10 7 12 1 1 10 9 12 1 1 18 9 100 12 1 1 1 11 100 12 1 1 1 11 100 1 11 12 10 12 1 10 12 1 10 12 1 1 10 12 1 100 1 10 10 12 1 10 12 1 1 10 12 1 1 10 12 1 10 12 1 10 12 1 1 10 12 1 10 12 1 1 11 100 12 1 1 11 12 1 10 12 9 100 12 1 1 1 9 12 1 10 12 1 1 9 12 1 9 12 1 9 12 1 7 1 10 10 12 1 1 10 12 1 10 12 7 1 7 1 10 8 1 10 12 1 1 10 12 1 10 12 1 10 10 12 1 8 1 10 10 12 1 10 12 1 10 7 12 1 1 8 1 8 1 10 9 100 12 1 1 1 10 12 1 1 10 12 1 10 10 10 12 9 12 1 10 12 1 1 9 12 1 10 12 1 1 9 12 1 10 12 1 1 18 12 1 1 18 12 1 10 7 12 1 1 1 8 1 10 100 12 1 1 1 10 7 12 1 1 1 18 12 1 10 100 12 1 1 1 100 1 10 12 1 8 1 10 12 1 8 1 10 12 1 1 8 1 8 1 10 100 12 1 1 8 1 10 12 1 8 1 8 1 10 100 12 1 1 1 10 12 1 10 12 1 1 10 12 1 18 12 1 1 18 12 1 1 5 0 9 12 1 10 12 1 18 12 1 100 1 10 12 10 7 12 1 1 10 12 1 1 7 1 8 1 10 10 12 1 10 12 1 1 10 12 1 9 12 1 8 10 12 1 1 8 8 9 12 1 8 10 12 1 1 3 1 3 1 3 1 3 1 3 1 3 1 3 1 3 1 3 1 3 1 3 1 3 3 1 3 1 1 1 1 1 1 1 1 1 1 1 1 1 1 7 1 1 1 1 1 1 1 1 1 1 1 1 1 1 7 1 1 1 1 1 1 1 1 1 1 1 7 1 1 1 1 1 1 1 1 1 1 1 1 1 1 1 1 1 1 1 1 1 1 1 1 1 1 1 1 1 1 1 1 1 1 1 1 1 1 1 1 1 100 1 1 1 1 1 1 1 1 1 1 1 1 1 1 1 1 1 1 1 1 1 1 1 1 1 1 1 1 1 1 1 1 1 1 1 100 1 1 1 1 1 1 1 1 1 1 1 1 1 1 100 1 1 16 15 10 12 15 16 15 10 12 16 15 10 12 16 16 15 10 12 16 15 10 12 16 15 10 12 16 15 10 12 16 1 15 10 100 12 1 1 1 1 1 1 1 7 1 1 100 1 100 1 1
ciInstanceKlass java/lang/ThreadBuilders$BoundVirtualThread 0 0 132 10 7 12 1 1 1 9 7 12 1 1 1 10 7 12 1 1 1 9 12 1 1 10 12 1 1 10 12 1 1 9 12 1 1 10 7 12 1 1 1 10 12 1 1 7 1 8 1 10 12 1 10 12 1 1 10 12 1 1 10 12 1 1 10 7 12 1 1 1 8 1 10 12 1 8 1 10 12 1 1 10 100 12 1 1 9 100 12 1 1 1 10 12 1 1 10 10 12 1 1 1 1 1 1 1 1 1 1 1 1 1 1 1 1 1 1 1 1 1 1 1 1 1 1 1 1 100 1 1 1 1
ciInstanceKlass jdk/internal/vm/ContinuationScope 0 0 50 10 100 12 1 1 1 10 100 12 1 1 1 100 1 9 100 12 1 1 1 10 12 1 1 10 100 12 1 1 1 10 12 1 1 10 12 1 1 1 1 1 1 1 1 1 1 1 1 1
ciInstanceKlass jdk/internal/vm/StackChunk 1 1 32 10 100 12 1 1 1 9 100 12 1 1 1 9 12 1 1 9 12 1 1 1 1 1 1 1 1 1 1 1 1 1
ciInstanceKlass java/lang/Float 1 1 279 7 1 7 1 10 7 12 1 1 1 10 7 12 1 1 1 4 7 1 10 12 1 1 10 12 1 1 8 1 8 1 10 7 12 1 1 1 10 12 1 1 10 12 1 1 10 7 1 4 10 7 12 1 1 9 12 1 1 10 12 1 1 10 12 1 10 10 12 1 1 10 12 1 10 12 1 3 3 100 1 4 4 4 3 10 12 1 1 9 12 1 1 100 1 10 3 3 4 4 10 12 1 3 3 3 10 12 1 1 10 12 1 1 10 12 1 10 100 12 1 1 1 10 12 1 1 10 12 1 1 10 7 12 1 1 1 8 1 10 12 1 1 9 12 1 1 7 1 7 1 7 1 1 1 1 4 1 4 1 1 1 4 1 1 3 1 3 1 3 1 3 1 3 1 1 1 1 5 0 1 1 1 1 1 1 1 1 1 1 100 1 1 1 1 1 1 1 1 1 1 1 1 1 3 1 1 1 1 1 1 1 1 1 1 1 1 1 1 1 1 1 1 1 1 1 1 1 1 1 1 1 1 1 1 1 1 1 1 1 1 1 1 1 1 1 1 1 1 1 1 1 1 1 1 1 1 1 1 1 1 1 1 1 1 1 7 1 1 1 1 1 1 1 100 1 100 1 1
staticfield java/lang/Float TYPE Ljava/lang/Class; java/lang/Class
staticfield java/lang/Float $assertionsDisabled Z 1
ciMethod java/lang/Float isNaN (F)Z 512 0 12183 0 0
ciInstanceKlass java/lang/Double 1 1 290 7 1 7 1 10 7 12 1 1 1 10 12 1 1 10 7 1 10 12 1 1 10 7 12 1 1 1 6 0 8 1 10 12 1 1 8 1 10 12 1 1 8 1 6 0 10 12 1 1 100 1 5 0 5 0 8 1 8 1 10 7 12 1 1 1 10 7 12 1 1 1 8 1 10 12 1 1 8 1 8 1 8 1 10 12 1 1 10 12 1 10 12 1 1 10 12 1 10 12 1 10 12 1 1 10 12 1 10 7 1 6 0 10 7 12 1 1 9 12 1 1 10 12 1 10 12 1 10 12 1 10 12 1 10 12 1 5 0 10 12 1 1 10 12 1 10 12 1 10 100 12 1 1 1 10 12 1 1 10 12 1 1 8 1 10 7 12 1 1 1 9 12 1 1 7 1 7 1 7 1 1 1 6 0 1 6 0 1 6 0 1 1 1 6 0 1 1 3 1 3 1 3 1 3 1 3 1 1 1 1 5 0 1 1 1 1 1 1 1 1 1 1 1 1 1 1 1 1 100 1 1 1 1 1 1 1 1 1 1 1 1 3 1 1 1 1 1 1 1 1 1 1 1 1 1 1 1 1 1 1 1 1 1 1 1 1 1 1 1 1 1 1 1 1 1 1 7 1 1 1 1 1 1 1 100 1 100 1 1
staticfield java/lang/Double TYPE Ljava/lang/Class; java/lang/Class
ciMethod java/lang/Double doubleValue ()D 354 0 177 0 -1
ciMethod java/lang/Double doubleToLongBits (D)J 784 0 7716 0 -1
ciInstanceKlass java/lang/Byte 1 1 213 7 1 100 1 10 7 12 1 1 1 9 12 1 1 8 1 9 12 1 1 7 1 10 12 1 1 10 12 1 1 10 100 12 1 1 1 10 100 12 1 1 1 9 7 12 1 1 1 10 12 1 1 100 1 7 1 10 12 1 1 8 1 10 12 1 1 8 1 10 12 1 10 12 1 10 12 1 10 12 1 1 10 12 1 10 12 1 10 12 1 1 10 8 1 8 1 10 7 1 9 12 1 1 10 12 1 1 10 12 1 1 10 12 1 1 10 12 1 5 0 10 12 1 1 8 1 10 7 12 1 1 1 9 12 1 1 7 1 7 1 1 1 3 1 3 1 1 1 1 3 1 3 1 1 5 0 1 1 1 1 1 1 1 1 1 1 1 1 1 1 1 1 1 1 1 1 1 1 1 1 1 1 1 1 1 1 1 1 1 1 1 1 1 1 1 1 1 1 1 1 1 1 1 1 1 1 1 1 1 1 1 1
staticfield java/lang/Byte TYPE Ljava/lang/Class; java/lang/Class
ciMethod java/lang/Byte toUnsignedInt (B)I 1024 0 30033 0 80
ciInstanceKlass java/lang/Short 1 1 222 7 1 7 1 100 1 10 7 12 1 1 1 10 12 1 1 100 1 7 1 10 12 1 1 8 1 10 12 1 1 8 1 10 12 1 10 12 1 10 12 1 10 12 1 1 10 12 1 1 10 12 1 9 12 1 1 8 1 9 12 1 1 7 1 10 12 1 1 10 12 1 10 100 12 1 1 1 10 100 12 1 1 1 9 7 12 1 1 1 10 12 1 10 12 1 1 10 8 1 8 1 10 7 1 9 12 1 1 10 12 1 1 10 12 1 1 10 12 1 1 10 12 1 3 3 5 0 10 12 1 1 8 1 10 7 12 1 1 1 9 12 1 1 7 1 7 1 1 1 3 1 3 1 1 1 1 3 1 3 1 1 5 0 1 1 1 1 1 1 1 1 1 1 1 1 1 1 1 1 1 1 1 1 1 1 1 1 1 1 1 3 1 1 1 1 1 1 1 1 1 1 1 1 1 1 1 1 1 1 1 1 1 1 1 1 1 1 1 1 1 1
staticfield java/lang/Short TYPE Ljava/lang/Class; java/lang/Class
ciInstanceKlass java/lang/Long 1 1 506 7 1 7 1 7 1 7 1 10 12 1 1 9 12 1 1 9 7 12 1 1 1 10 7 12 1 1 1 10 12 1 1 10 100 12 1 1 1 10 10 12 10 12 1 10 12 1 10 12 1 5 0 5 0 7 1 10 12 1 1 10 12 1 1 10 12 1 10 12 1 10 12 1 10 12 1 1 10 100 12 1 1 10 12 1 10 12 1 1 10 12 1 1 10 12 1 1 10 12 1 1 10 100 12 1 1 1 10 12 1 1 10 12 1 10 12 1 10 12 1 10 12 1 1 10 10 12 1 5 0 100 1 8 1 10 12 1 8 1 7 1 10 12 1 10 12 1 1 8 1 10 12 1 1 8 1 10 12 1 1 10 12 1 1 10 12 1 1 5 0 5 0 10 100 12 1 1 1 11 7 1 10 12 1 1 11 10 12 1 1 10 12 1 1 8 1 5 0 10 12 1 1 10 12 1 1 8 1 8 1 10 12 1 8 1 10 12 1 10 12 1 5 0 5 0 9 7 12 1 1 1 10 12 1 10 12 1 1 8 1 8 1 10 12 1 1 8 1 8 1 8 1 8 1 8 1 8 1 10 12 1 10 12 1 10 7 1 9 12 1 1 10 12 1 10 12 1 1 10 12 1 1 10 7 12 1 1 1 100 1 100 1 10 12 1 1 10 12 1 10 12 1 10 12 1 5 0 5 0 5 0 10 12 1 1 10 12 1 5 0 5 0 10 12 10 12 1 10 100 12 1 1 1 10 12 1 1 10 12 1 1 8 1 10 7 12 1 1 1 9 12 1 1 7 1 7 1 7 1 1 1 1 5 0 1 1 1 1 3 1 3 1 5 0 1 1 1 1 1 1 1 1 1 1 100 1 1 1 1 1 1 1 1 1 1 1 1 1 1 1 1 1 1 1 1 1 1 1 1 1 1 1 1 1 1 1 1 1 1 1 1 1 1 1 1 1 1 1 1 1 3 1 1 1 1 1 1 1 1 1 1 1 1 1 1 1 7 1 1 1 1 1 1 1 1 1 1 1 1 1 1 1 1 1 1 1 1 1 1 1 1 1 1 1 1 1 1 1 1 1 1 1 1 1 1 1 1 1 1 1 7 1 1 1 1 1 1 1 1 1 100 1 100 1 1
staticfield java/lang/Long TYPE Ljava/lang/Class; java/lang/Class
ciInstanceKlass jdk/internal/vm/vector/VectorSupport 0 0 575 100 1 10 100 12 1 1 1 9 12 1 1 10 12 1 1 100 1 10 12 1 11 100 12 1 1 1 11 100 12 1 1 1 11 100 12 1 1 11 100 12 1 1 11 100 12 1 1 1 11 100 12 1 1 11 100 12 1 1 11 100 12 1 1 11 100 12 1 1 11 100 12 1 1 11 100 12 1 1 11 100 12 1 1 1 11 100 12 1 1 11 100 12 1 1 1 11 100 12 1 1 1 11 100 12 1 1 11 100 12 1 1 1 11 100 12 1 1 100 1 10 12 1 1 11 100 12 1 1 11 100 12 1 1 11 100 12 1 1 11 100 12 1 1 11 100 12 1 1 11 100 12 1 1 9 12 1 1 10 100 12 1 1 11 100 12 1 1 10 12 1 1 10 100 12 1 1 1 10 12 1 10 12 1 1 10 12 1 1 1 1 1 3 1 3 1 3 1 3 1 3 1 3 1 3 1 3 1 3 1 3 1 3 1 3 1 3 1 3 1 3 1 3 1 3 1 3 1 3 1 3 1 3 1 3 1 3 1 3 1 3 1 3 1 3 1 3 1 3 1 3 1 3 1 3 1 3 1 3 1 3 1 3 1 3 1 3 1 3 1 3 1 3 1 3 1 3 1 3 1 3 1 3 1 3 1 3 1 3 1 3 1 3 1 3 1 3 1 1 1 1 1 1 1 1 1 1 1 1 1 1 1 1 1 1 1 1 1 1 1 1 1 1 1 1 1 1 1 1 1 1 1 1 1 1 1 1 1 1 1 1 1 1 1 1 1 1 1 1 1 1 1 1 1 1 1 1 1 1 1 1 1 1 1 1 1 1 1 1 1 1 1 1 1 1 1 1 1 1 1 1 1 1 1 1 1 1 1 1 1 1 1 1 1 1 1 1 1 1 1 1 1 1 1 1 1 1 1 1 1 1 1 1 1 1 1 1 1 1 1 1 1 1 1 1 1 1 1 1 1 1 1 1 1 1 1 1 1 1 1 1 1 1 1 1 1 1 1 1 1 1 1 1 1 1 1 1 1 1 1 1 1 1 1 1 1 1 1 1 1 1 1 1 1 1 1 1 1 1 1 1 1 1 1 1 1 1 1 1 1 1 1 1 1 1 1 1 1 1 1 1 1 1 1 1 1 1 1 1 1 1 1 1 1 1 1 1 1 1 1 1 1 1 1 1 1 1 1 1 1 1 1 1 1 100 1 100 1 100 1 100 1 100 1 1 1 1 1 1 1 1 1 1 1 1 1 1 1 1 1 1 1 1 1 1 1 1 1 1 1 1 1 1 1
instanceKlass jdk/internal/vm/vector/VectorSupport$VectorShuffle
instanceKlass jdk/internal/vm/vector/VectorSupport$VectorMask
instanceKlass jdk/internal/vm/vector/VectorSupport$Vector
ciInstanceKlass jdk/internal/vm/vector/VectorSupport$VectorPayload 0 0 32 10 100 12 1 1 1 9 100 12 1 1 1 10 100 12 1 1 1 1 1 1 1 1 1 1 1 1 1 1 1 1
ciInstanceKlass jdk/internal/vm/vector/VectorSupport$Vector 0 0 28 10 100 12 1 1 1 100 1 1 1 1 1 1 1 1 1 1 1 1 1 1 1 100 1 1 1 1
ciInstanceKlass jdk/internal/vm/vector/VectorSupport$VectorMask 0 0 28 10 100 12 1 1 1 100 1 1 1 1 1 1 1 1 1 1 1 1 1 1 1 100 1 1 1 1
ciInstanceKlass jdk/internal/vm/vector/VectorSupport$VectorShuffle 0 0 28 10 100 12 1 1 1 100 1 1 1 1 1 1 1 1 1 1 1 1 1 1 1 100 1 1 1 1
ciInstanceKlass jdk/internal/vm/FillerObject 0 0 16 10 100 12 1 1 1 100 1 1 1 1 1 1 1 1
instanceKlass java/lang/ref/PhantomReference
instanceKlass java/lang/ref/FinalReference
instanceKlass java/lang/ref/WeakReference
instanceKlass java/lang/ref/SoftReference
ciInstanceKlass java/lang/ref/Reference 1 1 190 9 7 12 1 1 1 9 7 12 1 1 10 12 1 1 10 12 1 1 9 12 1 1 10 12 1 1 9 12 1 1 9 12 1 1 7 1 10 12 1 10 7 12 1 1 10 12 1 10 12 1 1 10 12 1 7 1 8 1 10 12 1 1 7 1 10 12 1 1 10 12 1 1 10 12 1 9 12 1 10 12 1 1 10 12 1 10 12 1 9 12 1 7 1 100 1 10 12 9 12 1 9 12 1 100 1 10 10 12 1 10 10 7 12 1 1 7 1 10 10 7 12 1 1 1 1 1 1 1 1 1 1 1 1 1 1 1 1 1 1 1 7 1 1 1 100 1 1 1 1 1 1 1 1 1 1 1 1 1 1 1 1 1 1 1 1 1 1 1 1 1 1 1 1 1 1 1 1 1 1 1 7 1 7 1 7 1 1 1
staticfield java/lang/ref/Reference processPendingLock Ljava/lang/Object; java/lang/Object
staticfield java/lang/ref/Reference $assertionsDisabled Z 1
instanceKlass sun/util/locale/provider/LocaleResources$ResourceReference
instanceKlass sun/util/resources/Bundles$BundleReference
instanceKlass java/util/ResourceBundle$BundleReference
instanceKlass jdk/internal/util/SoftReferenceKey
instanceKlass java/lang/invoke/LambdaFormEditor$Transform
ciInstanceKlass java/lang/ref/SoftReference 1 1 47 10 7 12 1 1 1 9 7 12 1 1 1 9 12 1 10 12 1 10 12 1 1 1 1 1 1 1 1 1 1 1 1 1 1 1 1 1 1 1 1 100 1 1 1 1 1
instanceKlass com/sun/util/reentrant/ReentrantContextProvider$HardReference
instanceKlass com/sun/javafx/util/WeakReferenceQueue$ListEntry
instanceKlass java/util/logging/LogManager$LoggerWeakRef
instanceKlass java/util/logging/Level$KnownLevel
instanceKlass java/util/ResourceBundle$KeyElementReference
instanceKlass java/lang/ClassValue$Entry
instanceKlass java/lang/WeakPairMap$WeakRefPeer
instanceKlass java/lang/ThreadLocal$ThreadLocalMap$Entry
instanceKlass jdk/internal/util/WeakReferenceKey
instanceKlass java/util/WeakHashMap$Entry
ciInstanceKlass java/lang/ref/WeakReference 1 1 31 10 7 12 1 1 1 10 12 1 100 1 1 1 1 1 1 1 1 1 1 1 1 1 1 1 1 1 1 1 1
instanceKlass java/lang/ref/Finalizer
ciInstanceKlass java/lang/ref/FinalReference 1 1 50 10 7 12 1 1 1 10 7 12 1 1 1 10 12 1 1 7 1 8 1 10 12 1 1 1 1 1 1 1 1 1 1 1 1 1 1 1 1 1 1 1 1 1 1 1 1 1 7 1
instanceKlass jdk/internal/ref/PhantomCleanable
instanceKlass jdk/internal/ref/Cleaner
ciInstanceKlass java/lang/ref/PhantomReference 1 1 39 10 100 12 1 1 1 10 7 12 1 1 1 1 1 1 1 1 1 1 1 1 1 1 1 1 1 1 1 1 1 1 1 1 1 1 1 1 1
ciInstanceKlass java/lang/ref/Finalizer 1 1 155 9 7 12 1 1 1 10 7 12 1 1 1 9 12 1 1 9 12 1 1 9 12 1 9 12 1 9 12 1 1 10 12 1 7 1 8 1 10 12 1 10 12 1 1 9 12 1 100 1 10 12 1 7 1 11 100 12 1 1 10 12 1 7 1 10 12 1 100 1 10 12 1 10 7 12 1 1 1 10 100 12 1 1 1 100 1 10 10 12 1 7 1 10 12 1 7 1 10 12 1 1 10 12 1 1 10 12 1 10 7 12 1 1 1 7 1 10 7 1 10 10 12 1 1 1 1 1 1 1 1 1 1 1 1 1 1 1 1 1 1 1 1 1 1 1 1 1 1 1 1 1 1 1 1
staticfield java/lang/ref/Finalizer lock Ljava/lang/Object; java/lang/Object
staticfield java/lang/ref/Finalizer ENABLED Z 1
staticfield java/lang/ref/Finalizer $assertionsDisabled Z 1
instanceKlass javafx/scene/control/skin/ComboBoxMode
instanceKlass com/sun/prism/shape/ShapeRep$InvalidationType
instanceKlass com/sun/javafx/sg/prism/NGNode$RenderRootResult
instanceKlass com/sun/scenario/effect/impl/state/LinearConvolveRenderState$PassType
instanceKlass com/sun/scenario/effect/Effect$AccelType
instanceKlass com/sun/scenario/effect/impl/Renderer$RendererState
instanceKlass com/sun/scenario/effect/impl/state/RenderState$EffectCoordinateSpace
instanceKlass javafx/stage/PopupWindow$AnchorLocation
instanceKlass org/fxmisc/richtext/GenericStyledAreaBehavior$DragState
instanceKlass org/fxmisc/wellbehaved/event/InputHandler$Result
instanceKlass org/reactfx/util/AccumulatorSize
instanceKlass org/fxmisc/flowless/VirtualFlow$Gravity
instanceKlass org/fxmisc/richtext/Caret$CaretVisibility
instanceKlass org/fxmisc/richtext/model/TwoDimensional$Bias
instanceKlass org/fxmisc/richtext/NavigationActions$SelectionPolicy
instanceKlass javafx/scene/layout/Priority
instanceKlass javafx/scene/control/SelectionMode
instanceKlass javafx/animation/Animation$Status
instanceKlass javafx/scene/Scene$DragDetectedState
instanceKlass sun/misc/Unsafe$MemoryAccessOption
instanceKlass com/sun/javafx/geom/Path2D$CornerPrefix
instanceKlass com/sun/javafx/geom/transform/BaseTransform$Degree
instanceKlass com/sun/prism/CompositeMode
instanceKlass com/sun/prism/Texture$Usage
instanceKlass com/sun/prism/Texture$WrapMode
instanceKlass com/sun/javafx/cursor/CursorType
instanceKlass javafx/scene/shape/FillRule
instanceKlass com/sun/javafx/sg/prism/NodeEffectInput$RenderType
instanceKlass com/sun/scenario/effect/AbstractShadow$ShadowMode
instanceKlass com/sun/javafx/effect/EffectDirtyBits
instanceKlass com/sun/javafx/scene/control/inputmap/KeyBinding$OptionalBoolean
instanceKlass com/sun/javafx/geom/BaseBounds$BoundsType
instanceKlass com/sun/prism/paint/Paint$Type
instanceKlass com/sun/scenario/effect/Blend$Mode
instanceKlass com/sun/javafx/sg/prism/NGNode$DirtyFlag
instanceKlass com/sun/javafx/tk/quantum/SwipeGestureRecognizer$SwipeRecognitionState
instanceKlass com/sun/glass/ui/GestureSupport$GestureState$StateId
instanceKlass com/sun/javafx/tk/FocusCause
instanceKlass javafx/scene/input/KeyCombination$ModifierValue
instanceKlass javafx/geometry/Side
instanceKlass com/sun/javafx/logging/PlatformLogger$Level
instanceKlass javafx/scene/text/FontWeight
instanceKlass javafx/scene/text/FontPosture
instanceKlass javafx/scene/input/MouseButton
instanceKlass javafx/scene/Scene$DirtyBits
instanceKlass com/sun/prism/PixelFormat$DataType
instanceKlass com/sun/prism/PixelFormat
instanceKlass com/sun/javafx/iio/ImageStorage$ImageType
instanceKlass javafx/fxml/FXMLLoader$SupportedType
instanceKlass javafx/scene/text/FontSmoothingType
instanceKlass javafx/scene/AccessibleAttribute$ToggleState
instanceKlass javafx/scene/control/ContentDisplay
instanceKlass javafx/geometry/Pos
instanceKlass javafx/scene/layout/BackgroundRepeat
instanceKlass javafx/scene/effect/BlurType
instanceKlass javafx/scene/paint/CycleMethod
instanceKlass javafx/css/SizeUnits
instanceKlass com/sun/javafx/css/Combinator
instanceKlass javafx/css/StyleOrigin
instanceKlass javafx/scene/control/OverrunStyle
instanceKlass com/sun/javafx/sg/prism/NGShape$Mode
instanceKlass javafx/scene/text/TextAlignment
instanceKlass javafx/scene/text/TextBoundsType
instanceKlass javafx/scene/shape/StrokeLineCap
instanceKlass javafx/scene/shape/StrokeLineJoin
instanceKlass javafx/scene/shape/StrokeType
instanceKlass javafx/scene/input/KeyCode
instanceKlass javafx/scene/image/PixelFormat$Type
instanceKlass javafx/scene/AccessibleAction
instanceKlass com/sun/javafx/scene/traversal/TraversalMethod
instanceKlass com/sun/javafx/scene/traversal/Direction
instanceKlass javafx/geometry/Orientation
instanceKlass javafx/scene/input/TransferMode
instanceKlass javafx/scene/effect/BlendMode
instanceKlass javafx/scene/AccessibleAttribute
instanceKlass javafx/geometry/VPos
instanceKlass javafx/geometry/HPos
instanceKlass java/time/format/TextStyle
instanceKlass java/time/format/ResolverStyle
instanceKlass java/util/Locale$Category
instanceKlass java/time/format/SignStyle
instanceKlass java/time/format/DateTimeFormatterBuilder$SettingsParser
instanceKlass java/time/temporal/JulianFields$Field
instanceKlass java/time/temporal/IsoFields$Unit
instanceKlass java/time/temporal/IsoFields$Field
instanceKlass java/time/temporal/ChronoUnit
instanceKlass java/time/temporal/ChronoField
instanceKlass sun/util/logging/PlatformLogger$Level
instanceKlass java/lang/System$Logger$Level
instanceKlass jdk/internal/logger/BootstrapLogger$LoggingBackend
instanceKlass javafx/scene/AccessibleRole
instanceKlass com/sun/javafx/scene/LayoutFlags
instanceKlass com/sun/javafx/scene/DirtyBits
instanceKlass javafx/scene/DepthTest
instanceKlass javafx/scene/CacheHint
instanceKlass com/sun/javafx/scene/CssFlags
instanceKlass com/sun/org/apache/xerces/internal/impl/XMLScanner$NameType
instanceKlass jdk/xml/internal/JdkProperty$ImplPropMap
instanceKlass com/sun/org/apache/xerces/internal/util/Status
instanceKlass javax/xml/catalog/GroupEntry$PreferType
instanceKlass javax/xml/catalog/CatalogResolver$NotFoundAction
instanceKlass javax/xml/catalog/BaseEntry$CatalogEntryType
instanceKlass javax/xml/catalog/CatalogFeatures$State
instanceKlass com/sun/org/apache/xerces/internal/utils/XMLSecurityPropertyManager$Property
instanceKlass com/sun/org/apache/xerces/internal/utils/XMLSecurityPropertyManager$State
instanceKlass javax/xml/catalog/CatalogFeatures$Feature
instanceKlass jdk/xml/internal/JdkProperty$State
instanceKlass jdk/xml/internal/XMLSecurityManager$Processor
instanceKlass jdk/xml/internal/XMLSecurityManager$Limit
instanceKlass javafx/geometry/NodeOrientation
instanceKlass sun/util/locale/provider/LocaleProviderAdapter$Type
instanceKlass com/sun/javafx/application/WindowsHighContrastScheme
instanceKlass javafx/application/ConditionalFeature
instanceKlass javafx/stage/Modality
instanceKlass javafx/stage/StageStyle
instanceKlass java/lang/classfile/attribute/StackMapFrameInfo$SimpleVerificationTypeInfo
instanceKlass java/lang/reflect/ProxyGenerator$PrimitiveTypeInfo
instanceKlass java/lang/classfile/Opcode$Kind
instanceKlass java/lang/classfile/Opcode
instanceKlass java/lang/classfile/TypeKind
instanceKlass jdk/internal/classfile/impl/AbstractPoolEntry$Utf8EntryImpl$State
instanceKlass java/lang/classfile/AttributeMapper$AttributeStability
instanceKlass java/lang/classfile/ClassFile$DeadLabelsOption
instanceKlass java/lang/classfile/ClassFile$DeadCodeOption
instanceKlass java/lang/classfile/ClassFile$ShortJumpsOption
instanceKlass java/lang/classfile/ClassFile$ConstantPoolSharingOption
instanceKlass java/lang/classfile/ClassFile$AttributesProcessingOption
instanceKlass java/lang/classfile/ClassFile$LineNumbersOption
instanceKlass java/lang/classfile/ClassFile$DebugElementsOption
instanceKlass java/lang/classfile/ClassFile$StackMapsOption
instanceKlass java/lang/annotation/RetentionPolicy
instanceKlass javafx/application/ColorScheme
instanceKlass com/sun/prism/impl/ps/BaseShaderContext$SpecialShaderType
instanceKlass com/sun/prism/impl/ps/BaseShaderContext$MaskType
instanceKlass com/sun/prism/GraphicsPipeline$ShaderModel
instanceKlass com/sun/prism/GraphicsPipeline$ShaderType
instanceKlass com/sun/prism/impl/PrismSettings$RasterizerType
instanceKlass sun/security/util/KnownOIDs
instanceKlass java/lang/StackStreamFactory$WalkerState
instanceKlass java/lang/StackWalker$ExtendedOption
instanceKlass java/lang/StackWalker$Option
instanceKlass java/net/Proxy$Type
instanceKlass java/net/StandardProtocolFamily
instanceKlass jdk/internal/vm/Continuation$Pinned
instanceKlass java/util/regex/Pattern$Qtype
instanceKlass java/util/zip/ZipCoder$Comparison
instanceKlass java/util/stream/Collector$Characteristics
instanceKlass java/nio/file/FileTreeWalker$EventType
instanceKlass java/nio/file/FileVisitOption
instanceKlass java/nio/file/AccessMode
instanceKlass java/nio/file/LinkOption
instanceKlass java/util/stream/MatchOps$MatchKind
instanceKlass java/util/concurrent/TimeUnit
instanceKlass java/util/stream/StreamShape
instanceKlass java/lang/invoke/MethodHandles$Lookup$ClassOption
instanceKlass java/lang/invoke/VarHandle$AccessType
instanceKlass java/lang/invoke/VarHandle$AccessMode
instanceKlass java/lang/invoke/MethodHandleImpl$Intrinsic
instanceKlass java/lang/invoke/LambdaForm$BasicType
instanceKlass java/lang/invoke/LambdaForm$Kind
instanceKlass java/lang/constant/DirectMethodHandleDesc$Kind
instanceKlass sun/invoke/util/Wrapper
instanceKlass java/util/stream/StreamOpFlag$Type
instanceKlass java/util/stream/StreamOpFlag
instanceKlass java/io/File$PathStatus
instanceKlass java/lang/module/ModuleDescriptor$Requires$Modifier
instanceKlass java/lang/reflect/AccessFlag$Location
instanceKlass java/lang/reflect/AccessFlag
instanceKlass java/lang/module/ModuleDescriptor$Modifier
instanceKlass sun/nio/fs/WindowsPathType
instanceKlass java/nio/file/StandardOpenOption
instanceKlass java/util/HexFormat$Case
instanceKlass java/lang/reflect/ClassFileFormatVersion
instanceKlass java/lang/Thread$State
ciInstanceKlass java/lang/Enum 1 1 204 9 7 12 1 1 1 9 12 1 1 10 7 12 1 1 1 9 12 1 10 7 12 1 1 1 100 1 10 10 12 1 1 10 12 1 7 1 10 10 7 12 1 1 10 12 1 1 18 12 1 1 10 100 12 1 1 1 10 12 1 1 11 7 12 1 1 1 100 1 8 1 10 12 1 100 1 7 1 10 8 1 10 12 1 1 10 12 1 1 8 1 10 12 1 10 100 1 8 1 10 10 12 1 1 10 100 12 1 1 1 7 1 7 1 7 1 1 1 1 1 1 1 1 1 1 1 1 1 1 1 1 1 1 1 1 1 1 1 1 1 1 1 1 1 1 1 1 1 1 1 1 1 1 1 1 1 1 1 1 1 1 1 3 1 1 1 1 100 1 7 1 1 100 1 1 1 1 1 1 1 1 1 1 1 16 15 10 12 16 15 10 100 12 1 1 1 1 1 100 1 100 1 1
ciInstanceKlass java/lang/reflect/Method 1 1 472 9 7 12 1 1 1 10 7 12 1 1 1 10 7 12 1 1 9 12 1 1 10 12 1 1 10 12 1 1 10 7 12 1 1 10 7 12 1 1 1 9 12 1 1 9 12 1 9 12 1 1 9 12 1 9 12 1 9 12 1 1 9 12 1 9 12 1 1 9 12 1 9 12 1 9 12 1 1 100 1 8 1 10 12 1 10 12 1 9 12 1 1 8 1 10 7 12 1 1 10 7 12 1 1 1 10 12 1 1 10 12 1 1 10 12 1 10 12 1 1 10 12 1 1 9 100 12 1 1 1 10 12 1 1 10 12 10 7 12 1 1 10 12 1 1 10 12 1 10 12 1 10 12 1 10 7 12 1 1 1 10 12 1 1 10 7 1 10 7 12 1 1 1 10 7 12 1 1 10 12 1 1 10 12 1 1 10 12 1 10 7 12 1 1 1 10 12 1 10 8 1 10 12 1 10 12 1 7 1 8 1 8 1 8 1 10 12 1 10 12 1 1 10 12 1 1 10 10 12 1 1 10 12 1 11 7 1 10 12 1 9 12 1 1 10 12 1 1 10 12 1 10 12 1 1 10 12 1 1 11 7 12 1 1 1 11 12 1 9 12 1 1 10 12 1 10 12 1 10 12 1 10 12 1 10 12 1 10 12 1 9 12 1 1 10 7 12 1 1 1 10 7 12 1 1 10 12 1 1 10 7 12 1 1 1 10 7 12 1 1 1 10 7 12 1 1 1 11 7 12 1 1 1 10 7 12 1 1 1 7 1 100 1 100 1 10 12 1 10 12 1 1 10 12 1 100 1 8 1 10 12 1 10 10 12 1 1 10 12 1 1 10 12 1 1 10 12 1 1 8 1 10 12 1 1 1 1 1 1 1 1 1 1 1 1 1 1 1 1 1 1 1 1 1 1 1 1 1 1 1 1 1 1 1 1 1 1 1 1 1 1 1 1 1 1 1 1 1 1 1 1 1 1 1 1 1 100 1 100 1 100 1 1 1 1 1 1 1 1 1 1 1 1 1 1 1 1 1 1 1 1 1 1 1 1 1 1 1 1 1 1
ciInstanceKlass java/lang/reflect/Field 1 1 457 9 7 12 1 1 1 10 12 1 1 10 100 12 1 1 1 10 100 12 1 1 9 12 1 1 10 12 1 1 10 12 1 1 10 100 12 1 1 10 7 12 1 1 1 9 12 1 1 9 12 1 9 12 1 9 12 1 1 9 12 1 1 9 12 1 9 12 1 1 9 12 1 1 100 1 8 1 10 12 1 10 12 1 9 12 1 1 9 12 1 10 12 1 10 7 12 1 1 10 12 1 1 10 12 1 1 10 12 1 10 12 1 1 9 100 12 1 1 1 10 100 12 1 1 1 100 1 10 12 1 1 10 12 1 1 10 12 1 1 10 12 1 10 12 1 10 7 1 10 7 12 1 1 7 1 10 8 1 10 12 1 1 10 12 1 1 8 1 10 12 10 12 1 8 1 8 1 10 11 7 1 9 12 1 10 12 1 1 10 12 1 1 11 7 12 1 1 1 10 12 1 11 12 1 1 11 12 1 1 11 12 1 1 11 12 1 1 11 12 1 1 11 12 1 1 11 12 1 1 11 12 1 1 11 12 1 1 11 12 1 1 11 12 1 1 11 12 1 1 11 12 1 1 11 12 1 1 11 12 1 1 11 12 1 1 11 12 1 1 10 12 1 10 7 12 1 1 10 12 1 10 12 1 10 12 1 9 12 1 1 10 7 12 1 1 1 10 12 1 1 10 12 1 10 7 12 1 1 10 12 1 1 11 7 1 10 12 1 7 1 10 100 12 1 1 1 10 7 12 1 1 1 9 12 1 10 7 12 1 1 1 11 7 12 1 1 1 10 12 1 1 10 12 1 1 9 100 12 1 1 10 100 12 1 1 1 10 12 1 1 7 1 1 1 1 1 1 1 1 1 1 1 1 1 1 1 1 1 1 1 1 1 1 1 1 1 1 1 1 1 1 1 1 1 1 1 1 1 1 1 100 1 1 1 1 1 1 1 1 1 1 1 1 1 1 1 1 1 1 1 1 1 1 1 1 1 1 1 1 1 1 1 1 7 1 1 1 1 1 1 1 1 1 100 1 1
ciInstanceKlass java/lang/reflect/Parameter 0 0 243 10 7 12 1 1 1 9 7 12 1 1 1 9 12 1 1 9 12 1 1 9 12 1 10 12 1 1 10 12 1 1 10 7 12 1 1 1 7 1 10 10 12 1 1 11 7 12 1 1 1 10 12 1 10 100 12 1 1 1 10 12 1 1 10 12 1 10 12 1 8 1 8 1 10 7 12 1 1 1 10 12 1 10 12 9 100 12 1 1 1 10 100 12 1 1 1 10 12 1 8 1 10 12 1 9 12 1 1 10 12 1 1 9 12 1 1 10 12 1 1 10 12 1 1 10 12 1 1 10 12 1 10 10 12 1 10 100 12 1 1 1 10 12 1 1 11 7 12 1 1 10 7 12 1 1 7 1 10 100 12 1 1 1 10 12 1 1 10 12 1 1 10 12 1 1 10 12 1 1 9 12 1 100 1 10 11 12 1 1 11 12 1 1 7 1 1 1 1 1 1 1 1 1 1 1 1 1 1 1 1 1 1 1 1 1 1 1 1 1 1 1 1 1 1 1 1 1 1 1 1 1 1 1 1 1 100 1 1 1 1 1 1
ciInstanceKlass java/lang/reflect/RecordComponent 0 0 196 10 7 12 1 1 1 9 7 12 1 1 1 9 12 1 1 9 12 1 10 12 1 1 10 12 1 1 10 100 12 1 1 1 10 12 1 1 9 12 1 1 10 12 1 1 10 12 1 1 10 12 1 10 100 12 1 1 10 100 12 1 1 9 12 1 1 10 100 12 1 1 1 11 100 12 1 1 1 10 9 100 12 1 1 1 10 100 12 1 1 1 9 12 1 1 10 100 12 1 1 1 10 12 1 1 11 7 12 1 1 10 7 12 1 1 7 1 9 12 1 9 12 1 1 9 12 1 10 100 12 1 1 1 10 12 1 1 10 12 1 1 7 1 10 10 12 1 10 12 1 1 8 1 10 12 1 10 12 1 9 12 1 7 1 1 1 1 1 1 1 1 1 1 1 1 1 1 1 1 1 1 1 1 1 1 7 1 1 1 1 1 1 100 1 1
ciInstanceKlass java/lang/StringBuffer 1 1 487 10 7 12 1 1 1 10 12 1 10 12 1 10 12 1 1 9 7 12 1 1 1 10 12 1 1 10 12 1 10 12 1 1 9 12 1 1 10 12 1 10 12 1 1 10 12 1 1 10 12 1 10 12 1 1 10 12 1 10 12 1 1 10 12 1 1 10 7 12 1 1 1 10 12 1 1 10 12 1 10 12 1 10 12 1 10 12 1 10 12 1 10 12 1 10 12 1 10 12 1 10 12 1 10 12 1 10 12 1 10 12 1 10 12 1 10 12 1 1 10 12 1 10 12 1 1 10 12 1 1 10 10 12 1 1 10 12 1 10 12 1 10 12 1 10 12 1 10 12 1 10 12 1 10 12 10 12 1 10 12 1 10 12 1 10 12 1 1 10 12 1 10 12 1 10 10 12 1 1 10 12 1 10 12 1 10 12 1 8 1 10 12 1 10 10 100 12 1 1 1 10 10 12 1 1 9 12 1 1 10 100 12 1 1 10 100 1 8 10 100 12 1 1 1 8 10 12 1 8 1 10 12 1 10 12 1 10 100 12 1 1 1 10 100 12 1 1 1 7 1 10 12 100 1 8 1 10 10 12 1 1 10 12 1 1 10 12 1 10 12 1 10 12 1 1 10 12 1 10 12 1 10 12 1 10 12 1 10 12 1 10 12 10 12 1 10 12 1 10 12 1 10 12 1 10 12 1 10 12 1 10 12 1 10 12 1 10 12 1 10 12 1 10 12 10 12 10 12 1 10 12 1 10 12 1 10 12 10 12 1 10 12 1 10 12 1 10 12 1 10 12 1 10 12 1 10 12 1 10 12 1 10 12 1 10 12 1 10 12 1 7 1 10 12 1 9 7 12 1 1 1 9 7 1 9 12 1 1 7 1 7 1 7 1 7 1 1 1 1 5 0 1 1 1 1 1 1 1 1 1 1 1 1 1 1 1 1 1 1 1 1 1 1 1 1 1 1 1 1 1 1 1 1 1 1 1 1 1 1 1 1 1 1 1 1 1 1 1 1 1 1 1 1 1 1 1 1 1 1 1 1 100 1 1 1 1 1 7 1 1 1 1 1 1 1 1 1 1 1 1 1 1 1 1 1 1
staticfield java/lang/StringBuffer serialPersistentFields [Ljava/io/ObjectStreamField; 3 [Ljava/io/ObjectStreamField;
instanceKlass com/sun/javafx/reflect/MethodUtil
instanceKlass jdk/internal/loader/BuiltinClassLoader
instanceKlass java/net/URLClassLoader
ciInstanceKlass java/security/SecureClassLoader 1 1 102 10 7 12 1 1 1 7 1 10 12 1 9 7 12 1 1 1 10 12 1 10 12 1 10 12 1 1 10 12 1 1 10 12 1 7 1 10 7 1 10 12 1 7 1 10 12 1 11 7 12 1 1 1 7 1 11 12 1 10 12 1 1 1 1 1 1 1 1 1 1 1 1 1 1 1 1 1 1 1 1 1 1 1 1 1 1 1 1 1 1 1 1 1 1 1 1 100 1 1 1 1
ciInstanceKlass java/net/URLClassLoader 0 0 600 10 7 12 1 1 1 100 1 10 12 1 9 7 12 1 1 1 10 7 12 1 1 1 9 12 1 1 100 1 10 12 1 9 12 1 1 10 12 1 10 10 12 1 10 100 12 1 1 1 10 12 1 1 10 7 12 1 1 1 10 100 12 1 1 1 100 1 10 12 1 1 10 12 1 1 10 12 1 1 100 1 100 1 10 7 12 1 1 1 100 1 8 1 10 12 1 10 7 12 1 1 1 10 12 1 1 10 12 1 1 11 100 12 1 1 1 11 7 12 1 1 1 11 12 1 1 7 1 11 12 1 11 7 12 1 1 10 12 1 11 12 1 11 12 1 1 11 10 12 1 1 10 12 1 1 10 12 1 1 100 1 10 12 1 10 12 1 1 7 1 100 1 10 12 1 1 7 1 10 10 12 1 1 10 100 12 1 1 10 12 1 100 1 7 1 10 8 1 10 12 1 1 8 1 10 12 1 1 10 10 12 1 8 1 8 1 10 12 1 1 10 7 12 1 1 1 10 100 12 1 1 1 10 12 1 1 10 12 1 1 10 12 1 1 10 12 1 10 12 1 100 1 100 1 8 1 10 12 1 10 12 1 1 10 12 1 1 7 1 10 12 1 10 100 12 1 1 1 10 12 1 1 10 12 1 1 10 12 1 1 10 12 1 10 100 12 1 1 1 10 12 1 1 8 1 10 12 1 1 11 100 12 1 1 1 9 100 12 1 1 1 10 100 12 1 1 1 9 12 1 9 12 1 9 12 1 9 12 1 9 12 1 9 12 1 10 7 12 1 1 1 8 1 10 12 1 1 100 1 10 10 12 1 10 12 1 1 10 12 1 1 100 1 10 12 1 10 12 1 1 10 12 1 10 12 1 1 100 1 10 100 12 1 1 9 100 12 1 1 1 10 12 1 8 1 100 1 8 1 10 12 1 10 12 1 8 1 10 12 1 10 12 1 9 12 1 1 10 100 12 1 1 10 12 1 10 12 1 10 100 1 8 1 10 100 1 10 12 1 10 100 12 1 100 1 10 12 1 10 12 1 100 1 10 10 7 12 1 1 1 1 1 1 1 1 1 1 1 1 1 1 1 1 1 1 1 1 1 1 1 1 1 1 1 1 1 1 1 1 1 1 1 1 1 7 1 100 1 7 1 7 1 1 1 1 1 1 1 1 1 1 1 1 1 1 1 1 1 1 1 1 1 1 1 1 1 1 1 1 1 1 1 1 1 1 1 1 1 1 1 1 1 1 1 1 1 1 100 1 1 1 1 1 1 1 1 1 1 1 1 1 1 1 1 1 1 1 1 1 1 1 1 1 1 1 1 1 1 1 1 1 1 1 1 1 100 1 1 1
ciInstanceKlass java/util/jar/Manifest 1 1 320 10 7 12 1 1 1 7 1 10 9 7 12 1 1 1 7 1 10 9 12 1 1 9 12 1 1 10 12 1 10 12 1 1 10 12 1 1 10 12 1 1 10 12 1 1 11 7 1 11 12 1 1 10 12 1 1 10 100 12 1 1 1 100 1 7 1 10 8 1 10 12 1 1 10 12 1 1 10 12 1 10 12 1 11 100 1 10 12 1 10 12 1 1 11 12 1 1 10 12 1 11 12 1 1 11 100 12 1 1 1 11 7 12 1 1 11 12 1 1 100 1 10 12 1 8 1 11 12 1 7 1 10 12 1 1 11 12 1 10 12 1 10 12 1 10 9 100 12 1 1 1 10 12 1 1 10 100 12 1 10 12 1 10 12 1 9 100 12 1 1 1 8 1 10 12 1 8 1 8 1 7 1 10 12 1 10 12 1 10 12 1 1 100 1 8 1 10 12 1 1 8 1 10 10 12 1 1 8 1 10 12 1 1 10 7 12 1 1 1 10 12 1 10 11 12 1 1 10 12 1 1 10 100 12 1 1 1 10 12 1 1 10 12 1 10 12 1 1 11 10 12 1 11 10 12 1 7 1 1 1 1 1 1 1 1 1 1 1 1 1 1 1 1 1 1 1 1 1 1 1 1 1 1 1 1 1 1 1 1 1 1 1 100 1 1 1 1 1 1 1 1 1 1 1 1 1 1 7 1 1 1 1 1 1 1 1 1 1 1
ciInstanceKlass java/io/ByteArrayInputStream 1 1 135 10 7 12 1 1 1 9 7 12 1 1 1 9 12 1 1 9 12 1 9 12 1 10 100 12 1 1 1 10 7 12 1 1 1 10 7 12 1 1 1 10 100 12 1 1 1 10 12 1 1 10 100 12 1 1 1 100 1 100 1 100 1 3 10 100 1 10 100 12 1 1 1 9 12 1 1 100 1 10 10 7 12 1 1 1 1 1 1 1 1 1 1 1 1 1 1 1 1 1 1 1 1 1 1 1 1 1 1 1 1 1 1 1 1 1 1 1 100 1 100 1 1 1 1 1 1 1 1 1 1 1 1 1 1
staticfield java/io/ByteArrayInputStream $assertionsDisabled Z 1
instanceKlass java/nio/DoubleBuffer
instanceKlass java/nio/ShortBuffer
instanceKlass java/nio/FloatBuffer
instanceKlass java/nio/IntBuffer
instanceKlass java/nio/CharBuffer
instanceKlass java/nio/LongBuffer
instanceKlass java/nio/ByteBuffer
ciInstanceKlass java/nio/Buffer 1 1 256 100 1 10 7 12 1 1 1 9 7 12 1 1 1 9 12 1 9 12 1 1 9 12 1 9 12 1 1 10 12 1 1 10 12 1 1 10 12 100 1 7 1 10 8 1 10 12 1 1 10 12 1 8 1 8 1 10 12 1 1 10 12 1 8 1 9 12 1 1 100 1 8 1 10 12 1 8 1 8 1 9 12 10 12 1 8 1 8 1 8 1 10 12 1 8 1 8 1 8 1 100 1 10 100 1 10 100 1 10 9 12 1 1 10 7 12 1 1 1 100 1 10 12 1 1 10 12 1 10 100 12 1 1 10 7 12 1 1 1 10 7 12 1 1 1 9 12 1 1 10 7 12 1 1 1 9 12 1 1 7 1 10 10 12 1 1 7 1 10 10 7 12 1 1 1 1 1 3 1 1 1 1 1 1 1 1 1 1 1 1 1 1 100 1 1 1 1 1 1 1 7 1 1 1 1 1 1 1 1 1 1 1 1 1 1 1 1 1 1 1 1 1 1 1 1 1 1 1 1 1 1 1 1 1 1 1 1 1 1 1 100 1 100 1 100 1 100 1 100 1 100 1 100 1 1
staticfield java/nio/Buffer UNSAFE Ljdk/internal/misc/Unsafe; jdk/internal/misc/Unsafe
staticfield java/nio/Buffer SCOPED_MEMORY_ACCESS Ljdk/internal/misc/ScopedMemoryAccess; jdk/internal/misc/ScopedMemoryAccess
staticfield java/nio/Buffer IOOBE_FORMATTER Ljava/util/function/BiFunction; jdk/internal/util/Preconditions$4
staticfield java/nio/Buffer $assertionsDisabled Z 1
ciInstanceKlass jdk/internal/util/Preconditions 1 1 194 10 7 12 1 1 1 11 7 12 1 1 1 11 100 12 1 1 1 7 1 100 1 10 7 12 1 1 1 10 12 1 8 1 7 1 10 7 12 1 1 1 10 12 1 1 8 1 8 1 10 7 12 1 1 7 1 10 12 1 8 1 10 7 12 1 1 1 8 1 10 12 1 1 10 12 1 1 11 12 1 8 1 8 1 11 12 1 1 8 1 8 1 8 1 10 12 1 1 10 12 1 1 10 12 1 10 12 1 10 12 1 10 12 7 1 10 10 12 1 1 9 12 1 1 7 1 10 9 12 1 7 1 10 9 12 1 1 1 1 1 1 1 1 1 1 1 1 1 1 1 1 1 1 1 1 1 1 1 1 1 1 1 1 1 1 1 1 1 1 1 1 1 1 1 1 1 1 1 1 1 1 1 1 1 1 1 1 1 1 1 1 1 1
staticfield jdk/internal/util/Preconditions SIOOBE_FORMATTER Ljava/util/function/BiFunction; jdk/internal/util/Preconditions$4
staticfield jdk/internal/util/Preconditions AIOOBE_FORMATTER Ljava/util/function/BiFunction; jdk/internal/util/Preconditions$4
staticfield jdk/internal/util/Preconditions IOOBE_FORMATTER Ljava/util/function/BiFunction; jdk/internal/util/Preconditions$4
ciInstanceKlass java/util/List 1 1 251 10 100 12 1 1 1 11 100 12 1 1 1 11 100 12 1 1 1 11 12 1 1 11 100 12 1 1 11 12 1 1 11 12 1 1 10 100 12 1 1 1 7 1 7 1 10 12 1 1 100 1 10 7 12 1 1 1 11 12 1 1 11 12 1 11 12 1 100 1 10 12 1 11 12 1 1 11 12 1 1 11 12 1 10 7 12 1 1 1 9 7 12 1 1 1 7 1 10 12 10 12 1 7 1 10 12 1 1 10 12 1 10 12 1 1 11 12 1 1 100 1 1 1 1 1 1 1 1 1 1 1 1 1 1 1 1 1 1 1 1 1 1 1 1 1 1 1 1 1 1 1 1 1 1 1 1 1 1 1 1 1 1 1 1 100 1 100 1 1 1 1 1 1 1 1 1 1 1 1 1 1 1 1 1 1 1 1 1 1 1 1 1 1 1 1 1 1 1 1 1 1 1 1 1 1 1 1 1 1 1 1 1 1 1 1 1 1 1 1 1 1 1 1 1 1 1 1 1 1 1 1 1 1 1 1 1 1 1 1 1 1 1 1 100 1 1 100 1 1 1
instanceKlass java/util/ConcurrentModificationException
instanceKlass com/sun/javafx/geom/IllegalPathStateException
instanceKlass java/lang/reflect/UndeclaredThrowableException
instanceKlass com/sun/javafx/fxml/PropertyNotFoundException
instanceKlass java/util/NoSuchElementException
instanceKlass java/lang/IndexOutOfBoundsException
instanceKlass com/sun/javafx/geom/transform/SingularMatrixException
instanceKlass java/lang/UnsupportedOperationException
instanceKlass java/lang/SecurityException
instanceKlass java/lang/IllegalStateException
instanceKlass java/lang/IllegalArgumentException
instanceKlass java/lang/ArithmeticException
instanceKlass java/lang/NullPointerException
instanceKlass java/lang/IllegalMonitorStateException
instanceKlass java/lang/ArrayStoreException
instanceKlass java/lang/ClassCastException
ciInstanceKlass java/lang/RuntimeException 1 1 40 10 7 12 1 1 1 10 12 1 10 12 1 10 12 1 10 12 1 100 1 1 1 1 5 0 1 1 1 1 1 1 1 1 1 1 1 1 1 1
ciInstanceKlass java/util/function/BiFunction 1 1 65 10 100 12 1 1 1 18 12 1 1 11 7 12 1 1 11 100 12 1 7 1 1 1 1 1 1 1 1 1 1 1 1 1 1 1 1 1 1 1 1 1 1 1 1 1 1 1 16 15 11 12 15 10 100 12 1 1 1 1 100 1 100 1 1
ciMethod jdk/internal/util/Preconditions checkIndex (IILjava/util/function/BiFunction;)I 512 0 6222 0 -1
ciInstanceKlass java/lang/AssertionStatusDirectives 0 0 24 10 100 12 1 1 1 100 1 1 1 1 1 1 1 1 1 1 1 1 1 1 1 1
instanceKlass jdk/internal/classfile/impl/StackCounter$Target
instanceKlass jdk/internal/classfile/impl/StackMapDecoder$StackMapFrameImpl
instanceKlass jdk/internal/classfile/impl/StackMapDecoder$ObjectVerificationTypeInfoImpl
instanceKlass jdk/internal/classfile/impl/ClassHierarchyImpl$ClassHierarchyInfoImpl
instanceKlass java/lang/classfile/ClassHierarchyResolver$1Factory
instanceKlass jdk/internal/classfile/impl/StackMapGenerator$Type
instanceKlass jdk/internal/classfile/impl/AbstractInstruction$SwitchCaseImpl
instanceKlass java/lang/runtime/SwitchBootstraps$1Element
instanceKlass jdk/internal/classfile/impl/DirectCodeBuilder$DeferredLabel
instanceKlass jdk/internal/classfile/impl/ClassFileImpl$AttributeMapperOptionImpl
instanceKlass jdk/internal/classfile/impl/ClassFileImpl$ClassHierarchyResolverOptionImpl
instanceKlass jdk/internal/classfile/impl/ClassFileImpl
instanceKlass java/lang/reflect/Proxy$ProxyBuilder$ProxyClassContext
instanceKlass com/sun/javafx/application/preferences/ChangedValue
instanceKlass java/security/SecureClassLoader$CodeSourceKey
instanceKlass jdk/internal/module/ModuleReferenceImpl$CachedHash
instanceKlass java/util/stream/Collectors$CollectorImpl
instanceKlass java/nio/DirectByteBuffer$Deallocator
instanceKlass jdk/internal/reflect/ReflectionFactory$Config
instanceKlass jdk/internal/foreign/abi/UpcallLinker$CallRegs
instanceKlass jdk/internal/foreign/abi/VMStorage
ciInstanceKlass java/lang/Record 1 1 22 10 7 12 1 1 1 100 1 1 1 1 1 1 1 1 1 1 1 1 1 1
ciInstanceKlass java/lang/invoke/MethodType 1 1 780 7 1 10 7 12 1 1 1 9 12 1 1 9 12 1 1 9 12 1 1 10 7 12 1 1 1 9 7 12 1 1 8 1 10 100 12 1 1 1 9 7 1 9 7 1 10 12 1 1 7 1 10 8 1 10 12 1 1 10 12 1 10 12 1 1 7 1 8 1 10 12 1 100 1 10 10 12 1 10 12 1 1 10 12 1 1 11 7 12 1 1 1 9 12 1 11 12 1 1 7 10 12 1 1 10 12 1 1 7 1 7 1 10 7 12 1 1 1 10 12 1 10 12 1 9 12 1 1 10 7 12 1 1 10 12 1 1 10 7 12 1 1 1 10 7 12 1 1 1 10 12 1 9 12 1 1 10 12 1 1 10 12 1 1 10 12 1 1 10 12 1 1 10 12 1 1 10 12 1 10 12 1 10 12 1 1 10 12 1 8 1 8 1 10 12 1 1 9 12 1 1 100 1 10 10 12 1 1 10 12 1 10 12 1 1 10 12 1 1 10 12 1 10 12 1 10 12 1 8 1 10 12 1 1 10 100 12 1 1 1 10 12 1 10 12 1 1 10 12 1 10 12 1 10 12 1 1 10 12 1 10 12 1 9 12 1 10 12 1 10 10 12 1 1 10 12 1 9 12 1 1 10 12 1 1 11 12 1 1 10 12 1 1 10 12 1 10 12 1 100 1 8 1 8 1 8 1 10 12 1 10 12 1 10 12 1 1 10 10 12 1 11 12 1 1 11 12 1 10 100 12 1 1 1 9 12 1 10 12 1 10 12 1 1 10 12 1 1 10 12 1 10 12 1 10 100 12 1 1 1 10 12 1 1 10 12 1 10 12 1 10 12 1 10 9 12 1 1 7 1 10 12 1 10 12 1 1 9 100 12 1 1 1 10 7 12 1 1 1 10 7 12 1 1 1 10 12 1 1 10 7 12 1 1 1 10 12 1 1 8 1 10 7 12 1 1 1 11 12 1 1 9 12 1 1 10 12 1 1 10 12 1 10 12 1 1 10 12 1 1 10 100 12 1 1 100 1 10 12 1 1 11 100 12 1 1 18 12 1 1 11 12 1 1 18 12 1 11 12 1 100 1 11 100 12 1 1 10 12 1 100 1 10 12 1 10 100 12 1 1 10 12 1 1 9 12 1 1 9 100 12 1 1 1 10 7 12 1 1 1 9 12 1 10 100 12 1 1 10 12 1 100 10 12 1 1 10 12 1 7 1 10 10 12 1 1 7 1 7 1 9 12 1 1 7 1 7 1 7 1 1 1 5 0 1 1 1 1 1 1 1 3 1 3 1 3 1 1 1 1 1 1 1 1 1 1 1 1 1 1 1 1 1 1 1 1 1 1 1 1 1 1 1 1 1 1 1 1 1 1 1 1 1 1 1 1 1 1 1 1 1 1 1 1 1 1 1 1 1 1 1 1 1 1 1 1 1 1 1 1 1 1 1 1 1 1 1 1 1 1 1 1 1 1 1 1 1 1 1 1 1 1 1 1 1 1 1 1 1 1 1 1 1 1 1 1 1 1 1 1 1 1 1 1 1 1 1 1 1 1 1 1 1 1 1 1 1 1 1 1 1 1 1 1 1 1 100 1 100 1 1 1 1 1 1 1 1 1 1 1 1 1 100 1 1 1 7 1 1 1 1 1 1 1 1 1 1 1 1 1 1 1 1 1 1 1 1 1 1 16 15 10 12 16 16 15 10 12 16 15 10 100 12 1 1 1 1 1 7 1 1 7 1 1 100 1 100 1 1
staticfield java/lang/invoke/MethodType internTable Ljdk/internal/util/ReferencedKeySet; jdk/internal/util/ReferencedKeySet
staticfield java/lang/invoke/MethodType NO_PTYPES [Ljava/lang/Class; 0 [Ljava/lang/Class;
staticfield java/lang/invoke/MethodType objectOnlyTypes [Ljava/lang/invoke/MethodType; 20 [Ljava/lang/invoke/MethodType;
staticfield java/lang/invoke/MethodType METHOD_HANDLE_ARRAY [Ljava/lang/Class; 1 [Ljava/lang/Class;
staticfield java/lang/invoke/MethodType serialPersistentFields [Ljava/io/ObjectStreamField; 0 [Ljava/io/ObjectStreamField;
staticfield java/lang/invoke/MethodType $assertionsDisabled Z 1
ciInstanceKlass java/lang/invoke/TypeDescriptor$OfMethod 1 0 43 100 1 100 1 100 1 1 1 1 1 1 1 1 1 1 1 1 1 1 1 1 1 1 1 1 1 1 1 1 1 1 1 1 1 1 1 1 1 1 100 1 1
instanceKlass java/lang/InstantiationException
instanceKlass java/lang/IllegalAccessException
instanceKlass java/lang/reflect/InvocationTargetException
instanceKlass java/lang/NoSuchFieldException
instanceKlass java/lang/NoSuchMethodException
instanceKlass java/lang/ClassNotFoundException
ciInstanceKlass java/lang/ReflectiveOperationException 1 1 34 10 7 12 1 1 1 10 12 1 10 12 1 10 12 1 100 1 1 1 1 5 0 1 1 1 1 1 1 1 1 1 1 1
instanceKlass java/lang/invoke/DelegatingMethodHandle
instanceKlass java/lang/invoke/BoundMethodHandle
instanceKlass java/lang/invoke/DirectMethodHandle
ciInstanceKlass java/lang/invoke/MethodHandle 1 1 734 100 1 9 7 12 1 1 1 10 7 12 1 1 1 10 7 12 1 1 1 7 1 7 1 10 12 1 1 9 12 1 1 10 12 1 10 12 1 1 10 12 1 1 10 100 12 1 1 1 10 12 1 1 10 12 1 1 11 7 12 1 1 1 10 12 1 1 10 12 1 10 12 1 9 12 1 1 9 12 1 1 10 7 12 1 1 1 10 12 1 10 12 1 1 10 12 1 10 12 1 100 1 7 1 10 8 1 10 12 1 1 10 12 1 8 1 10 12 1 1 10 12 1 10 7 12 1 1 1 10 12 1 1 10 12 1 1 10 12 1 1 10 7 12 1 1 1 10 12 1 1 10 12 1 1 10 12 1 10 12 1 1 10 7 12 1 1 10 7 12 1 1 10 12 1 10 12 1 10 12 1 1 10 12 1 1 10 12 1 1 10 12 1 1 10 7 12 1 1 1 10 100 12 1 1 1 10 12 1 1 10 12 1 1 10 12 1 1 8 1 10 7 12 1 1 1 8 1 10 12 1 10 12 1 1 10 12 1 1 10 12 1 8 1 10 12 1 1 8 1 10 12 1 8 1 10 7 12 1 1 1 9 12 1 1 100 1 10 9 7 12 1 1 1 9 7 1 8 1 10 12 1 1 10 12 1 10 12 1 1 10 12 1 10 12 1 1 10 12 1 10 12 1 1 10 12 1 10 12 1 1 10 12 1 1 8 1 10 12 1 1 8 1 10 12 1 10 12 1 1 10 12 1 10 12 1 10 12 1 1 9 100 12 1 1 1 10 12 1 1 11 12 1 10 12 1 10 12 1 1 10 100 12 1 1 100 1 11 12 1 10 100 1 11 12 1 7 1 10 12 1 11 12 1 9 100 12 1 1 1 11 12 1 1 11 100 12 1 1 1 10 12 1 1 9 12 1 11 12 1 9 12 1 9 12 1 9 12 1 11 12 1 1 9 12 1 9 12 1 9 12 1 9 12 1 9 12 1 9 12 1 9 12 1 8 1 10 12 1 10 12 1 8 1 10 12 1 10 12 1 10 12 1 1 10 10 10 7 12 1 1 10 12 1 1 100 1 100 1 8 1 8 1 10 10 12 1 1 10 12 1 10 12 1 7 1 10 100 12 1 1 1 10 9 7 12 1 1 1 10 12 1 1 10 12 1 1 8 1 8 1 10 7 12 1 1 9 12 1 9 12 1 1 9 12 1 1 10 12 1 7 1 10 12 1 10 12 1 1 9 12 1 1 9 12 1 1 10 7 12 1 1 1 11 7 12 1 1 9 12 1 10 12 1 1 9 12 1 10 12 1 8 10 12 1 1 8 1 1 1 1 1 1 1 1 7 1 1 1 1 1 1 1 1 1 1 1 1 1 1 1 1 1 1 1 1 1 1 1 1 1 1 1 1 1 1 1 1 100 1 1 1 1 1 1 1 1 1 1 1 1 1 1 1 1 1 1 1 1 1 1 1 1 1 1 1 1 1 1 1 1 1 1 1 1 1 1 1 1 1 1 1 1 1 1 1 1 1 1 1 1 1 1 1 1 1 1 1 1 1 1 1 1 1 1 1 1 1 1 1 1 1 1 1 1 1 1 1 1 1 1 1 1 1 1 100 1 1 100 1 7 1 100 1 1 100 1 1 100 1 1 1 1
staticfield java/lang/invoke/MethodHandle FORM_OFFSET J 20
staticfield java/lang/invoke/MethodHandle UPDATE_OFFSET J 13
staticfield java/lang/invoke/MethodHandle $assertionsDisabled Z 1
ciInstanceKlass java/util/concurrent/ConcurrentHashMap 1 1 1211 7 1 7 1 3 10 12 1 1 3 7 1 10 7 12 1 1 1 7 1 10 7 12 1 1 1 100 1 11 12 1 1 11 12 1 11 12 1 1 9 12 1 1 9 12 1 1 9 12 1 10 7 12 1 1 1 7 1 10 12 1 1 10 12 1 1 10 7 12 1 1 1 4 10 12 1 11 7 12 1 1 1 10 12 1 10 12 1 1 100 1 10 5 0 10 12 1 9 12 1 10 12 1 1 5 0 10 12 1 10 12 1 9 12 1 1 10 12 1 1 9 12 1 9 12 1 1 10 12 1 1 9 12 1 10 12 1 1 9 12 1 1 10 12 1 1 100 1 10 100 1 10 12 1 10 12 1 1 10 12 1 1 10 12 1 1 10 12 1 10 12 1 1 10 12 1 1 100 1 10 12 1 1 7 1 100 1 8 1 10 12 1 10 12 1 1 10 12 1 1 10 10 12 1 11 12 1 1 11 7 12 1 1 1 11 7 12 1 1 1 11 12 1 7 1 11 12 1 11 12 1 10 12 1 1 10 12 1 1 9 12 1 1 10 100 12 1 1 1 9 10 12 1 1 9 12 1 10 12 1 1 5 0 9 12 1 1 7 1 10 12 1 9 12 1 1 7 1 10 12 1 9 12 1 7 1 10 7 1 10 10 12 1 1 8 1 10 12 1 10 12 1 1 11 100 1 10 12 1 10 100 12 1 1 1 8 1 10 100 12 1 1 1 8 1 10 12 1 8 1 10 12 1 10 12 1 1 10 100 12 1 1 10 12 1 10 12 1 10 12 1 9 12 1 9 10 12 1 9 12 1 1 11 100 12 1 1 1 11 7 12 1 1 1 100 1 10 12 11 100 12 1 1 10 11 7 12 1 10 12 1 100 1 10 12 1 100 1 10 10 9 7 12 1 1 1 3 10 7 12 1 1 9 12 1 10 12 1 1 9 12 1 1 9 12 1 10 12 1 1 10 100 12 1 1 9 12 1 9 7 12 1 1 10 12 1 1 10 12 1 3 9 12 1 9 12 1 10 12 1 1 7 1 9 3 9 12 1 7 1 10 12 1 9 12 1 10 12 1 9 12 1 10 12 1 9 12 1 10 100 12 1 1 1 100 10 12 1 7 1 5 0 10 100 12 1 1 100 1 10 12 1 1 10 12 1 10 12 1 100 1 10 12 1 10 100 1 100 1 10 10 12 1 10 100 1 10 12 1 10 100 1 10 12 1 10 7 1 10 12 1 1 100 1 10 12 1 10 10 12 1 100 1 10 12 1 10 10 12 1 100 1 10 12 1 10 100 1 10 12 1 10 100 1 10 12 1 10 100 1 10 12 1 10 100 1 10 12 1 10 100 1 10 12 1 10 100 1 10 12 1 10 100 1 10 12 1 10 100 1 10 10 100 1 10 10 100 1 10 10 100 1 10 12 1 10 100 1 10 12 1 10 100 1 10 12 1 10 100 1 10 12 1 10 100 1 10 12 1 10 100 1 10 10 100 1 10 10 100 1 10 10 100 1 10 12 1 10 100 1 10 12 1 10 100 1 10 12 1 10 100 1 10 12 1 10 100 1 10 12 1 10 10 12 1 10 7 12 1 1 1 10 12 1 7 1 7 1 10 12 1 9 12 1 1 9 12 1 1 10 12 1 1 8 10 12 1 1 8 8 8 8 7 10 12 1 1 10 12 1 100 1 8 1 10 7 1 7 1 7 1 1 1 5 0 1 1 3 1 3 1 1 1 1 3 1 3 1 3 1 1 1 1 1 3 1 3 1 3 1 1 1 1 1 1 1 1 1 1 1 1 1 1 1 1 1 1 1 1 1 1 1 1 1 100 1 1 1 1 1 1 1 1 1 1 1 1 1 1 1 1 1 1 1 1 1 1 1 1 1 1 1 1 1 1 1 1 1 1 1 1 1 1 1 1 1 1 1 1 1 1 1 1 1 1 1 1 1 1 1 1 1 1 1 1 1 1 1 1 1 1 1 1 1 1 1 1 1 1 1 1 1 1 1 1 1 1 1 1 100 1 1 1 1 1 1 1 1 1 1 1 7 1 1 1 1 1 1 1 1 1 1 1 1 1 1 1 1 1 1 1 1 1 1 1 1 1 1 1 1 1 1 1 1 1 1 1 1 1 1 1 1 1 1 1 1 1 1 1 1 1 1 1 1 1 1 1 1 1 1 1 1 1 1 1 1 1 1 1 1 1 1 1 1 1 1 1 1 1 1 1 1 1 1 1 1 1 1 1 1 1 1 1 1 1 1 1 1 1 1 1 1 1 1 1 1 1 1 1 1 1 1 1 1 1 1 1 1 1 1 1 1 1 1 1 1 1 1 1 1 1 1 1 1 1 1 1 1 1 1 1 1 1 1 1 1 1 1 1 1 1 1 1 1 1 1 1 1 1 1 1 1 1 1 1 1 1 1 1 1 1 1 1 1 1 1 1 1 1 1 1 1 1 1 1 1 1 1 1 1 1 1 1 1 1 1 1 1 1 1 1 1 1 1 1 1 1 1 1 1 1 1 1 1 1 1 1 1 1 1 1 1 1 1 1 100 1 100 1 100 1 100 1 100 1 100 1 100 1 100 1 100 1 1 1 1 1 1 1 1 1 1 1 1 1 1 1 1 1 1 1 1 1 1 1 1 1 1 1 1 1 1 1 1 1 1 1 1 1 1 1 1 1 1 1 1 1 1 1 1 1 1 1 1 1 1 1 1 1 1
staticfield java/util/concurrent/ConcurrentHashMap NCPU I 6
staticfield java/util/concurrent/ConcurrentHashMap serialPersistentFields [Ljava/io/ObjectStreamField; 3 [Ljava/io/ObjectStreamField;
staticfield java/util/concurrent/ConcurrentHashMap U Ljdk/internal/misc/Unsafe; jdk/internal/misc/Unsafe
staticfield java/util/concurrent/ConcurrentHashMap SIZECTL J 20
staticfield java/util/concurrent/ConcurrentHashMap TRANSFERINDEX J 32
staticfield java/util/concurrent/ConcurrentHashMap BASECOUNT J 24
staticfield java/util/concurrent/ConcurrentHashMap CELLSBUSY J 36
staticfield java/util/concurrent/ConcurrentHashMap CELLVALUE J 144
staticfield java/util/concurrent/ConcurrentHashMap ABASE I 16
staticfield java/util/concurrent/ConcurrentHashMap ASHIFT I 2
instanceKlass com/sun/javafx/scene/KeyboardShortcutsHandler$CopyOnWriteMap
instanceKlass com/sun/javafx/fxml/builder/ProxyBuilder
instanceKlass com/sun/javafx/fxml/builder/URLBuilder
instanceKlass sun/util/PreHashedMap
instanceKlass com/sun/javafx/fxml/builder/JavaFXFontBuilder
instanceKlass com/sun/javafx/fxml/BeanAdapter
instanceKlass java/util/Collections$SingletonMap
instanceKlass javafx/collections/FXCollections$EmptyObservableMap
instanceKlass com/sun/javafx/application/preferences/PlatformPreferences
instanceKlass java/util/TreeMap
instanceKlass java/util/concurrent/ConcurrentSkipListMap
instanceKlass java/util/stream/Collectors$Partition
instanceKlass java/util/IdentityHashMap
instanceKlass java/util/EnumMap
instanceKlass java/util/WeakHashMap
instanceKlass java/util/Collections$EmptyMap
instanceKlass java/util/HashMap
instanceKlass java/util/ImmutableCollections$AbstractImmutableMap
instanceKlass java/util/concurrent/ConcurrentHashMap
ciInstanceKlass java/util/AbstractMap 1 1 198 10 7 12 1 1 1 10 7 12 1 1 1 11 7 12 1 1 1 10 11 12 1 1 11 7 12 1 1 1 11 12 1 1 7 1 11 12 1 10 12 1 1 11 12 1 100 1 10 11 12 1 11 7 1 10 12 1 1 11 12 1 9 12 1 1 100 1 10 12 1 9 12 1 1 100 1 10 11 11 12 1 1 11 12 1 7 1 100 1 11 12 1 8 1 7 1 10 10 12 1 1 8 1 10 12 1 10 12 1 1 10 12 1 1 1 1 1 1 1 1 1 1 1 1 1 1 1 1 1 1 1 1 1 1 1 1 1 1 1 1 1 1 1 1 1 1 1 1 1 1 1 1 7 1 1 1 1 1 1 1 7 1 1 1 1 1 1 1 1 1 100 1 1 1 1 1 1 1 1 1 100 1 100 1 100 1 100 1 100 1 1 1 1 1 1 1 1
ciInstanceKlass java/util/concurrent/ConcurrentMap 1 1 201 11 7 12 1 1 1 10 100 12 1 1 11 12 1 1 11 100 12 1 1 1 11 7 12 1 1 1 11 12 1 1 100 1 11 12 1 11 12 1 100 1 11 100 12 1 1 1 18 12 1 11 12 1 1 11 100 12 1 1 11 12 1 1 11 100 12 1 11 12 1 1 11 12 1 1 7 1 7 1 1 1 1 1 1 1 1 1 1 1 1 1 1 1 1 1 1 1 1 1 1 1 1 1 1 1 1 1 1 1 1 1 1 1 1 1 1 1 1 1 1 1 1 1 1 1 1 1 1 1 1 1 1 1 1 1 1 1 1 16 15 11 12 15 10 100 12 1 1 1 1 1 100 1 100 1 1 1 100 1 8 1 1 12 10 1 8 1 1 1 8 1 8 1 1 8 1 1 1 8 1 1 1 8 1 1 8 1 8 1 1 1 8 1 1 1 8 1 1 8 1
ciInstanceKlass java/util/Collection 1 1 115 11 100 12 1 1 1 100 1 11 7 12 1 1 1 10 7 12 1 1 1 11 12 1 1 11 7 12 1 1 1 11 12 1 1 11 7 12 1 1 1 11 12 1 1 10 100 12 1 1 1 11 12 1 10 7 12 1 1 1 100 1 100 1 1 1 1 1 1 1 1 1 1 1 1 1 1 1 1 1 1 1 1 1 1 1 1 1 1 1 1 1 1 1 1 1 1 1 1 1 1 1 1 1 1 1 1 1 1 1 1 1 1 1 1
ciInstanceKlass jdk/internal/loader/ClassLoaders 1 1 185 10 7 12 1 1 1 10 7 12 1 1 1 10 12 1 1 10 100 12 1 1 1 9 7 12 1 1 1 9 12 1 1 9 12 1 1 7 1 11 100 12 1 1 1 100 1 11 12 1 1 11 12 1 1 10 100 12 1 1 1 10 100 12 1 1 1 100 1 100 1 10 7 12 1 1 1 9 12 1 1 8 1 10 7 12 1 1 1 10 12 1 1 7 1 10 12 1 10 12 1 1 7 1 10 12 1 1 10 12 1 1 10 12 1 7 1 10 12 10 12 1 8 1 10 7 12 1 1 8 1 8 1 10 12 1 7 1 10 10 12 1 10 12 1 1 1 1 1 1 1 1 1 1 1 1 1 1 1 1 1 1 1 1 7 1 1 1 1 1 1 1 1 1 1 1 1 1 1 1 1 1 1 1 1
staticfield jdk/internal/loader/ClassLoaders JLA Ljdk/internal/access/JavaLangAccess; java/lang/System$2
staticfield jdk/internal/loader/ClassLoaders BOOT_LOADER Ljdk/internal/loader/ClassLoaders$BootClassLoader; jdk/internal/loader/ClassLoaders$BootClassLoader
staticfield jdk/internal/loader/ClassLoaders PLATFORM_LOADER Ljdk/internal/loader/ClassLoaders$PlatformClassLoader; jdk/internal/loader/ClassLoaders$PlatformClassLoader
staticfield jdk/internal/loader/ClassLoaders APP_LOADER Ljdk/internal/loader/ClassLoaders$AppClassLoader; jdk/internal/loader/ClassLoaders$AppClassLoader
instanceKlass jdk/internal/loader/ClassLoaders$BootClassLoader
instanceKlass jdk/internal/loader/ClassLoaders$PlatformClassLoader
instanceKlass jdk/internal/loader/ClassLoaders$AppClassLoader
ciInstanceKlass jdk/internal/loader/BuiltinClassLoader 1 1 737 9 7 12 1 1 1 10 7 12 1 1 1 10 7 12 1 1 1 9 12 1 1 9 12 1 1 7 1 10 12 1 9 12 1 10 12 1 9 12 1 10 7 12 1 1 1 10 7 12 1 1 1 10 7 12 1 1 1 11 7 12 1 1 1 7 1 7 1 10 10 12 1 1 8 1 10 12 1 10 12 7 1 10 12 1 10 12 1 1 11 7 12 1 1 1 11 7 12 1 1 1 11 12 1 1 7 1 8 1 8 1 10 9 12 1 1 10 7 12 1 1 11 12 1 1 10 12 1 1 10 12 1 1 10 12 1 1 10 7 12 1 1 1 10 12 1 10 7 12 1 1 1 10 12 1 1 11 7 12 1 1 1 10 7 12 1 1 7 1 10 7 12 1 1 1 10 12 1 100 1 8 1 10 12 1 1 10 8 1 10 12 1 1 10 12 1 1 10 12 1 1 11 7 12 1 1 11 12 1 7 1 10 11 12 1 1 11 10 12 1 1 7 1 10 12 1 10 7 12 1 10 12 1 7 1 10 12 1 10 7 12 1 1 1 100 1 10 12 1 1 11 12 1 7 1 100 1 10 12 1 10 12 1 1 100 1 100 1 10 12 1 10 12 1 18 12 1 1 10 12 1 10 12 1 1 18 100 1 10 7 12 1 1 1 7 1 10 10 12 1 1 10 12 1 1 10 12 1 1 10 12 1 9 12 1 1 100 1 10 10 12 1 1 10 12 1 1 10 12 1 10 12 10 12 1 1 10 12 1 1 10 12 1 1 10 12 1 10 12 1 1 18 12 1 7 1 10 12 1 1 10 12 1 10 12 1 1 10 12 1 100 1 10 12 1 7 1 10 12 1 10 7 12 1 1 1 10 12 1 11 12 1 7 1 10 12 1 7 1 100 1 10 12 1 10 12 1 11 12 1 1 10 12 1 1 10 12 1 1 10 12 1 1 10 12 1 1 10 12 1 10 12 1 10 12 1 10 12 1 8 1 10 12 1 1 10 7 12 1 1 10 12 1 100 1 8 1 8 1 10 10 12 1 8 1 8 1 10 7 12 1 1 1 11 7 12 1 1 1 9 7 12 1 1 1 10 7 12 1 1 1 9 12 1 9 12 1 9 12 1 9 12 1 9 12 1 9 12 1 10 7 12 1 1 1 8 1 10 12 1 7 1 10 12 1 1 10 12 1 7 1 10 11 12 1 1 10 12 10 12 1 10 12 1 100 1 10 12 1 10 12 1 10 10 12 1 10 7 12 1 1 8 1 10 7 12 1 1 10 12 1 1 1 1 1 1 1 1 1 1 1 1 1 1 1 1 1 1 1 1 1 1 1 1 1 1 1 1 1 1 1 1 1 1 1 1 1 1 1 1 1 1 1 1 1 1 1 1 1 1 1 1 1 1 1 1 7 1 1 1 1 1 1 1 1 1 1 1 1 1 1 1 1 1 1 7 1 7 1 1 1 1 1 1 1 1 1 1 1 1 1 1 1 1 1 1 1 1 1 1 1 1 1 1 1 1 1 1 1 1 1 1 1 1 1 1 1 1 1 1 1 1 1 1 1 1 1 1 1 100 1 1 16 15 10 12 16 15 10 12 16 15 10 12 16 1 15 10 100 12 1 1 1 1 1 100 1 1 1 1 1 100 1 100 1 1
staticfield jdk/internal/loader/BuiltinClassLoader packageToModule Ljava/util/Map; java/util/concurrent/ConcurrentHashMap
staticfield jdk/internal/loader/BuiltinClassLoader $assertionsDisabled Z 1
ciInstanceKlass jdk/internal/loader/ClassLoaders$AppClassLoader 1 1 119 8 1 10 7 12 1 1 1 10 7 12 1 1 1 10 7 12 1 1 1 10 12 1 1 10 7 12 1 1 1 10 12 1 1 10 12 1 1 7 1 8 1 10 12 10 7 12 1 1 1 10 7 12 1 1 10 12 1 1 10 12 1 1 10 7 12 1 1 1 7 1 10 12 1 1 1 1 1 1 1 1 1 1 1 1 1 1 1 1 1 1 1 1 1 7 1 1 1 1 1 1 1 1 1 1 1 1 1 1 1 1 1 1 1 7 1 1 1
ciInstanceKlass jdk/internal/loader/ClassLoaders$PlatformClassLoader 1 1 42 8 1 10 7 12 1 1 1 10 7 12 1 1 1 7 1 10 12 1 7 1 1 1 1 1 1 1 1 1 1 1 1 1 1 7 1 1 1 100 1 1
ciInstanceKlass java/lang/ArithmeticException 1 1 26 10 100 12 1 1 1 10 12 1 100 1 1 1 1 5 0 1 1 1 1 1 1 1 1 1
ciInstanceKlass java/lang/ArrayStoreException 1 1 26 10 100 12 1 1 1 10 12 1 100 1 1 1 1 5 0 1 1 1 1 1 1 1 1 1
ciInstanceKlass java/lang/ClassCastException 1 1 26 10 100 12 1 1 1 10 12 1 100 1 1 1 1 5 0 1 1 1 1 1 1 1 1 1
ciInstanceKlass java/lang/ClassNotFoundException 1 1 96 7 1 10 7 12 1 1 1 10 12 1 10 12 1 1 10 100 12 1 1 1 8 1 10 100 12 1 1 1 10 7 12 1 1 10 100 12 1 1 1 10 100 12 1 1 1 10 12 1 1 7 1 10 12 1 9 12 1 1 1 1 1 5 0 1 1 1 1 1 1 1 1 1 1 1 1 1 1 1 1 1 1 100 1 1 1 1 1 1 1 1 1 1 1 1
staticfield java/lang/ClassNotFoundException serialPersistentFields [Ljava/io/ObjectStreamField; 1 [Ljava/io/ObjectStreamField;
instanceKlass java/nio/charset/UnsupportedCharsetException
instanceKlass java/nio/charset/IllegalCharsetNameException
instanceKlass java/lang/NumberFormatException
ciInstanceKlass java/lang/IllegalArgumentException 1 1 35 10 7 12 1 1 1 10 12 1 10 12 1 10 12 1 100 1 1 1 1 5 0 1 1 1 1 1 1 1 1 1 1 1 1
ciInstanceKlass java/lang/IllegalMonitorStateException 1 1 26 10 100 12 1 1 1 10 12 1 100 1 1 1 1 5 0 1 1 1 1 1 1 1 1 1
ciInstanceKlass java/lang/BootstrapMethodError 0 0 45 10 100 12 1 1 1 10 12 1 10 12 1 10 100 12 1 1 1 10 100 12 1 1 1 1 1 1 5 0 1 1 1 1 1 1 1 1 1 1 1 100 1 1 1
instanceKlass java/lang/UnsatisfiedLinkError
instanceKlass java/lang/IncompatibleClassChangeError
instanceKlass java/lang/BootstrapMethodError
instanceKlass java/lang/NoClassDefFoundError
ciInstanceKlass java/lang/LinkageError 1 1 31 10 7 12 1 1 1 10 12 1 10 12 1 100 1 1 1 1 5 0 1 1 1 1 1 1 1 1 1 1 1
ciInstanceKlass java/lang/NullPointerException 1 1 52 10 7 12 1 1 1 10 12 1 9 7 12 1 1 1 10 12 1 1 9 12 1 1 10 12 1 1 10 12 1 1 1 1 5 0 1 1 1 1 1 1 1 1 100 1 100 1 100 1 1 1
ciInstanceKlass java/lang/NoClassDefFoundError 0 0 26 10 100 12 1 1 1 10 12 1 100 1 1 1 1 5 0 1 1 1 1 1 1 1 1 1
ciInstanceKlass java/lang/StackOverflowError 1 1 26 10 100 12 1 1 1 10 12 1 100 1 1 1 1 5 0 1 1 1 1 1 1 1 1 1
ciInstanceKlass java/lang/StackTraceElement 1 1 235 10 7 12 1 1 1 10 7 12 1 1 9 12 1 1 9 12 1 1 9 12 1 9 12 1 8 1 10 100 12 1 1 1 7 1 9 12 1 8 1 9 12 1 9 12 1 9 12 1 1 10 12 1 1 10 12 1 8 1 10 100 12 1 1 1 7 1 10 12 1 10 12 1 1 10 12 1 10 12 1 1 10 12 1 10 12 1 10 10 12 1 8 1 10 12 1 10 12 1 1 10 12 1 1 10 12 1 10 12 1 10 12 1 9 12 1 1 10 7 12 1 1 1 10 12 1 1 7 1 10 12 1 1 10 7 12 1 1 10 7 12 1 1 1 10 7 12 1 1 10 7 12 1 1 10 10 12 1 1 10 12 1 1 10 12 1 1 10 12 1 7 1 1 1 1 1 1 1 3 1 3 1 1 5 0 1 1 1 1 1 1 1 1 1 1 1 1 1 1 1 1 1 1 1 1 1 1 1 1 1 1 1 1 1 7 1 7 1 1 1 1 1 1 1 100 1 1 1 1 1 1 1 1 1
instanceKlass java/util/concurrent/locks/AbstractQueuedSynchronizer
ciInstanceKlass java/util/concurrent/locks/AbstractOwnableSynchronizer 1 1 32 10 7 12 1 1 1 9 7 12 1 1 1 100 1 1 1 1 5 0 1 1 1 1 1 1 1 1 1 1 1 1
ciInstanceKlass jdk/internal/vm/Continuation 1 1 549 9 7 12 1 1 1 9 12 1 9 12 1 100 1 7 1 10 12 1 1 8 1 10 12 1 1 10 12 1 10 12 1 1 10 12 1 9 7 12 1 1 1 11 100 12 1 1 1 10 7 1 9 12 1 1 9 12 1 1 10 8 1 10 12 1 9 12 1 1 10 11 12 1 1 100 1 10 100 12 1 1 1 10 12 1 1 10 12 1 10 12 1 1 11 12 1 1 9 12 1 1 10 12 1 1 18 12 1 1 10 7 12 1 1 1 100 1 10 12 1 11 100 12 1 1 1 10 12 1 9 12 1 10 12 1 1 100 1 8 1 10 12 1 10 12 1 1 9 12 1 1 11 12 1 1 9 12 1 1 8 1 10 11 12 1 1 11 12 1 1 10 12 1 1 10 12 1 1 9 12 1 10 12 1 10 10 12 1 8 1 10 12 1 8 1 8 1 10 7 12 1 1 1 10 7 12 1 1 1 10 12 1 9 12 1 11 12 1 7 1 10 12 1 10 12 1 1 9 12 1 1 7 1 10 12 1 1 9 12 1 1 10 12 1 10 12 1 11 7 12 1 1 10 7 1 10 12 1 8 1 9 12 1 10 12 1 1 9 12 1 1 10 7 12 1 1 8 1 8 1 8 1 8 1 10 12 1 1 10 12 1 10 12 1 10 12 1 10 12 1 1 10 12 1 1 8 1 10 12 1 1 9 12 1 1 10 12 1 1 9 12 1 8 1 10 7 12 1 1 1 10 12 1 8 1 100 1 8 1 10 9 12 1 1 8 1 10 7 12 1 1 10 100 12 1 1 8 1 8 1 10 12 10 7 12 1 1 1 10 7 1 10 7 12 1 1 1 18 11 100 12 1 1 1 18 12 1 11 12 1 1 7 1 10 7 12 1 1 10 12 1 1 8 10 12 1 1 10 7 12 1 1 1 10 7 12 1 1 10 12 1 8 1 10 12 1 7 1 7 1 10 12 1 1 1 1 1 1 1 1 1 1 1 1 1 1 1 1 1 1 1 1 1 1 1 1 1 1 1 1 1 1 1 1 1 1 1 1 1 1 1 1 1 1 1 1 1 1 1 1 1 1 1 1 1 1 1 1 1 1 1 1 1 1 1 1 1 1 1 1 1 1 1 1 1 1 1 100 1 1 16 1 15 10 12 16 15 11 7 12 1 1 1 16 1 16 1 15 10 12 16 15 10 100 12 1 1 1 1 1 1 1 1 100 1 100 1 1
staticfield jdk/internal/vm/Continuation U Ljdk/internal/misc/Unsafe; jdk/internal/misc/Unsafe
staticfield jdk/internal/vm/Continuation MOUNTED_OFFSET J 13
staticfield jdk/internal/vm/Continuation PRESERVE_SCOPED_VALUE_CACHE Z 1
staticfield jdk/internal/vm/Continuation JLA Ljdk/internal/access/JavaLangAccess; java/lang/System$2
staticfield jdk/internal/vm/Continuation $assertionsDisabled Z 1
ciInstanceKlass jdk/internal/misc/UnsafeConstants 1 1 34 10 100 12 1 1 1 9 7 12 1 1 1 9 12 1 9 12 1 1 9 12 1 9 12 1 1 1 1 1 1 1 1 1
staticfield jdk/internal/misc/UnsafeConstants ADDRESS_SIZE0 I 8
staticfield jdk/internal/misc/UnsafeConstants PAGE_SIZE I 4096
staticfield jdk/internal/misc/UnsafeConstants BIG_ENDIAN Z 0
staticfield jdk/internal/misc/UnsafeConstants UNALIGNED_ACCESS Z 1
staticfield jdk/internal/misc/UnsafeConstants DATA_CACHE_LINE_FLUSH_SIZE I 0
instanceKlass org/reactfx/util/HashAccuMap
instanceKlass java/lang/ProcessEnvironment
instanceKlass java/util/LinkedHashMap
ciInstanceKlass java/util/HashMap 1 1 629 10 7 12 1 1 1 7 1 10 12 1 1 7 1 10 7 12 1 1 1 100 1 11 12 1 1 11 12 1 11 12 1 1 10 7 12 1 1 1 7 1 3 10 7 12 1 1 1 100 1 7 1 10 8 1 10 12 1 1 10 12 1 10 12 1 1 10 12 1 10 7 12 1 1 1 8 1 10 12 1 9 12 1 1 10 12 1 9 12 1 1 4 10 12 1 10 12 1 1 11 7 12 1 1 9 12 1 1 10 7 12 1 1 1 6 0 10 12 1 1 11 12 1 1 11 7 12 1 1 1 11 7 12 1 1 1 11 12 1 1 7 1 11 12 1 11 12 1 10 12 1 10 12 1 1 9 12 10 12 1 1 9 7 12 1 1 1 9 12 9 12 1 10 12 1 1 9 12 1 7 1 10 12 1 1 10 12 1 1 10 12 1 1 10 12 1 1 10 12 1 1 9 12 1 10 12 1 1 3 4 10 12 1 1 10 12 1 1 9 12 1 1 9 10 12 1 1 10 12 1 1 10 12 1 1 10 12 1 9 12 1 1 7 1 10 12 1 10 12 1 10 7 12 1 1 1 7 1 9 12 1 1 7 1 10 9 12 7 1 10 100 1 10 11 7 12 1 1 1 100 1 10 11 100 12 1 1 11 7 12 1 1 1 10 12 1 100 1 7 1 10 12 1 10 12 1 10 12 1 10 100 12 1 1 10 12 1 1 10 12 1 1 10 100 12 1 1 1 8 10 100 12 1 1 1 100 1 10 4 4 10 12 1 1 10 100 12 1 1 1 10 12 1 8 1 6 0 10 100 12 1 1 1 100 1 11 100 12 1 1 1 10 12 1 10 12 1 10 10 12 1 1 6 0 8 1 10 12 1 10 12 7 1 7 1 1 1 1 5 0 1 3 1 1 1 3 1 3 1 3 1 1 1 1 1 1 1 1 1 1 1 1 1 1 1 1 1 1 1 1 1 1 100 1 1 1 1 1 1 1 1 1 1 1 1 1 1 1 1 1 1 1 1 1 1 1 1 1 1 1 1 1 1 1 1 1 100 1 1 1 1 1 1 1 1 1 1 1 1 1 1 1 1 1 1 1 1 1 1 1 1 1 1 1 1 1 1 1 1 1 1 1 1 1 1 1 1 1 1 1 1 1 1 1 1 1 1 1 7 1 1 1 1 1 1 1 1 1 1 1 1 1 1 1 1 1 1 1 1 1 1 1 1 1 1 1 1 1 1 1 1 1 1 1 1 1 1 1 1 1 1 1 1 1 1 1 1 100 1 1 1 1 1 1 1 1 7 1 1 1 1 1 1 1 1 1 1 1 1 1 1 1 1 1 1 100 1 100 1 100 1 100 1 100 1 100 1 100 1 100 1 1 1 1 1 1 1 1 1 1 1 1 1 1 1 1 1 1
ciMethod java/util/HashMap get (Ljava/lang/Object;)Ljava/lang/Object; 1024 0 39542 0 680
ciMethod java/util/HashMap put (Ljava/lang/Object;Ljava/lang/Object;)Ljava/lang/Object; 7088 0 16051 0 256
ciMethod java/util/HashMap isEmpty ()Z 512 0 5592 0 96
ciMethod java/util/HashMap containsKey (Ljava/lang/Object;)Z 1024 0 7192 0 696
ciMethod java/util/HashMap newNode (ILjava/lang/Object;Ljava/lang/Object;Ljava/util/HashMap$Node;)Ljava/util/HashMap$Node; 584 0 9932 0 -1
ciMethod java/util/HashMap afterNodeAccess (Ljava/util/HashMap$Node;)V 4234 0 7418 0 -1
ciMethod java/util/HashMap afterNodeInsertion (Z)V 584 0 2538 0 -1
ciInstanceKlass java/lang/invoke/LambdaForm 1 1 1060 7 1 100 1 10 7 12 1 1 1 9 12 1 1 9 12 1 9 12 1 9 12 1 1 9 12 1 1 9 12 1 1 9 12 1 1 9 12 1 1 9 12 1 10 7 12 1 1 9 12 1 10 12 1 1 100 1 10 10 12 1 1 10 12 1 10 12 1 10 12 1 1 10 12 1 9 12 1 9 12 1 10 12 1 1 10 7 12 1 1 1 10 12 1 1 9 100 12 1 1 1 10 12 1 1 9 7 12 1 1 10 12 1 10 12 1 1 10 12 1 1 10 12 1 1 7 1 10 7 12 1 1 1 10 12 1 1 10 12 1 10 12 1 1 9 12 1 1 9 12 1 9 12 1 1 10 12 1 9 12 1 10 100 12 1 1 1 10 12 1 1 7 1 10 12 1 9 12 1 1 10 7 12 1 1 1 10 12 1 10 12 1 7 1 10 12 1 10 12 1 10 12 1 1 10 12 1 1 10 12 1 10 12 1 10 12 1 10 12 1 1 8 1 10 12 1 10 12 1 10 10 12 1 8 1 8 1 9 12 1 9 12 1 1 10 12 1 1 10 12 1 9 12 1 10 12 1 1 10 7 12 1 1 1 10 12 1 1 10 12 1 10 12 1 10 100 12 1 1 1 9 12 1 10 12 1 8 1 8 1 8 1 8 1 8 1 8 1 8 1 8 1 10 12 1 9 12 1 7 1 10 12 1 1 9 12 1 10 12 1 10 12 1 1 10 12 10 12 1 10 12 1 1 10 12 1 1 10 10 12 1 1 10 12 1 1 7 1 8 1 10 12 1 1 10 12 1 10 12 1 1 10 8 1 10 12 1 1 8 1 8 1 8 1 10 12 1 10 12 1 10 12 1 1 100 1 10 12 1 1 10 12 1 1 10 7 12 1 1 1 10 12 1 1 9 12 1 1 8 1 10 100 12 1 1 1 10 7 12 1 1 10 12 10 12 1 1 10 12 1 1 9 12 1 8 10 12 1 1 100 1 10 12 1 1 10 12 1 9 7 12 1 1 9 7 12 1 1 1 8 1 10 100 12 1 1 10 12 1 1 7 1 7 1 10 10 12 1 1 10 12 1 1 8 1 8 1 7 1 8 1 10 12 10 12 1 10 12 1 10 12 1 1 8 1 8 1 10 12 1 10 12 1 1 8 1 8 1 8 1 7 1 8 1 7 1 8 1 7 1 8 1 10 12 1 8 1 9 10 7 12 1 1 1 10 12 1 9 12 1 1 10 12 1 10 10 12 1 10 12 1 10 12 1 10 12 1 1 10 12 1 10 12 1 1 10 12 1 1 10 12 1 1 10 12 1 1 8 1 100 10 12 1 10 12 1 9 12 1 1 10 7 12 1 1 8 1 8 1 7 1 8 1 8 1 8 1 8 1 8 1 8 1 8 1 8 1 10 12 1 1 10 12 1 1 10 12 1 10 12 1 10 12 1 10 12 1 8 1 8 1 8 1 10 12 1 8 1 10 12 1 8 1 8 1 8 1 8 1 8 1 10 12 1 10 12 1 10 12 1 1 10 7 12 1 1 1 10 12 1 10 12 1 10 12 1 10 12 1 10 12 1 10 12 1 10 12 1 9 12 1 1 8 1 10 12 1 1 9 12 1 1 10 12 1 1 9 12 1 9 12 1 1 9 12 1 9 12 1 1 7 1 10 7 12 1 1 1 9 12 1 10 12 1 10 12 1 8 1 10 12 1 9 12 1 1 7 1 10 7 12 1 1 1 8 1 100 1 10 12 1 9 12 1 9 12 1 10 12 1 10 12 1 10 7 12 1 1 1 10 12 1 9 7 12 1 1 10 12 1 1 10 12 1 10 12 1 10 12 1 9 12 10 12 1 10 10 12 1 9 12 1 9 9 12 1 7 9 12 1 1 10 12 1 1 9 12 1 10 12 1 10 7 1 9 1 1 1 1 3 1 3 1 1 3 1 3 1 1 1 1 1 1 1 1 1 1 1 1 1 1 1 1 1 1 1 1 1 1 1 1 1 1 1 1 1 1 1 1 1 1 1 1 1 1 1 1 1 1 1 1 1 1 1 1 1 1 1 100 1 1 1 1 1 1 1 1 1 1 1 1 1 1 1 1 1 1 1 1 1 1 1 1 1 1 1 1 1 1 1 1 1 1 1 1 1 1 1 1 1 1 1 1 1 1 1 1 1 1 1 1 1 1 1 1 1 1 1 1 1 1 1 100 1 1 1 1 1 1 1 1 1 1 1 1 1 1 1 1 1 1 1 1 1 1 1 1 1 1 1 1 1 1 1 1 1 1 7 1 1 1 1 1 1 1 1 1 1 1 1 1 1 1 1 1 1 1 1 1 1 100 1 1 1 100 1 1 7 1 1 1 1 1 1 1 1 1 1 1
staticfield java/lang/invoke/LambdaForm DEFAULT_CUSTOMIZED Ljava/lang/invoke/MethodHandle; null
staticfield java/lang/invoke/LambdaForm DEFAULT_KIND Ljava/lang/invoke/LambdaForm$Kind; java/lang/invoke/LambdaForm$Kind
staticfield java/lang/invoke/LambdaForm COMPILE_THRESHOLD I 0
staticfield java/lang/invoke/LambdaForm INTERNED_ARGUMENTS [[Ljava/lang/invoke/LambdaForm$Name; 5 [[Ljava/lang/invoke/LambdaForm$Name;
staticfield java/lang/invoke/LambdaForm IMPL_NAMES Ljava/lang/invoke/MemberName$Factory; java/lang/invoke/MemberName$Factory
staticfield java/lang/invoke/LambdaForm LF_identity [Ljava/lang/invoke/LambdaForm; 6 [Ljava/lang/invoke/LambdaForm;
staticfield java/lang/invoke/LambdaForm LF_zero [Ljava/lang/invoke/LambdaForm; 6 [Ljava/lang/invoke/LambdaForm;
staticfield java/lang/invoke/LambdaForm NF_identity [Ljava/lang/invoke/LambdaForm$NamedFunction; 6 [Ljava/lang/invoke/LambdaForm$NamedFunction;
staticfield java/lang/invoke/LambdaForm NF_zero [Ljava/lang/invoke/LambdaForm$NamedFunction; 6 [Ljava/lang/invoke/LambdaForm$NamedFunction;
staticfield java/lang/invoke/LambdaForm createFormsLock Ljava/lang/Object; java/lang/Object
staticfield java/lang/invoke/LambdaForm DEBUG_NAME_COUNTERS Ljava/util/HashMap; null
staticfield java/lang/invoke/LambdaForm DEBUG_NAMES Ljava/util/HashMap; null
staticfield java/lang/invoke/LambdaForm TRACE_INTERPRETER Z 0
staticfield java/lang/invoke/LambdaForm $assertionsDisabled Z 1
ciInstanceKlass java/lang/invoke/MemberName 1 1 728 7 1 7 1 100 1 9 12 1 1 10 7 12 1 1 1 9 12 1 1 10 12 1 1 10 12 1 1 10 12 1 1 10 12 1 10 12 1 1 10 7 12 1 1 1 10 12 1 9 7 12 1 1 10 12 1 7 1 7 1 10 12 1 8 1 10 12 1 1 10 12 1 10 12 1 1 10 12 1 9 12 1 1 8 1 10 100 12 1 1 1 7 1 10 10 12 1 1 100 1 100 1 10 12 1 9 12 1 1 100 1 8 1 10 12 1 10 12 1 10 12 1 10 12 1 10 12 1 1 10 12 1 10 12 1 10 12 1 1 8 1 8 1 10 12 1 8 1 9 12 1 1 3 10 12 1 10 12 1 10 12 1 10 10 7 12 1 1 1 10 12 1 10 12 1 10 12 1 10 12 1 7 1 8 10 12 1 1 10 12 1 1 8 1 9 7 1 8 9 7 1 10 12 1 1 10 12 1 10 12 1 8 1 10 12 1 1 10 12 1 10 12 1 10 12 1 10 12 1 1 7 1 10 12 1 1 10 12 1 8 1 10 12 1 10 12 1 8 1 10 12 1 1 10 12 1 1 7 1 10 12 1 1 10 12 8 1 8 1 7 1 10 12 1 10 100 12 1 1 1 100 1 10 12 10 12 1 10 12 1 10 12 1 10 12 1 10 10 12 1 10 12 1 10 12 1 3 10 12 1 3 10 12 1 3 3 3 3 3 3 10 12 1 3 9 12 1 10 12 1 1 3 10 12 1 10 10 7 12 1 1 1 10 12 1 1 10 7 12 1 1 10 10 12 1 10 12 1 1 10 12 1 10 10 12 1 1 10 12 1 10 12 1 10 12 1 7 1 10 10 10 12 100 1 10 10 10 12 1 1 10 12 1 1 10 10 12 1 8 10 7 1 10 12 1 10 7 1 10 12 1 10 12 1 10 12 1 10 10 12 1 10 12 1 1 10 12 1 1 10 12 1 10 12 1 10 12 1 100 1 10 12 1 1 100 1 8 1 10 7 1 10 12 1 10 12 10 12 1 1 10 12 1 10 12 1 8 1 8 1 8 1 8 1 10 12 1 10 12 1 10 7 12 1 1 1 8 1 8 1 10 12 1 8 1 10 10 10 12 1 10 12 1 8 1 8 1 10 10 12 1 8 1 10 100 12 1 1 1 8 1 100 1 10 12 1 10 12 1 1 10 12 1 8 1 8 1 8 1 8 1 100 1 10 8 1 8 1 8 1 8 1 10 12 1 100 1 100 1 100 1 10 100 1 10 7 1 10 7 12 1 1 1 9 7 12 1 1 1 7 1 7 1 1 1 1 1 1 1 3 1 3 1 3 1 3 1 3 1 3 1 1 1 1 1 1 1 1 3 1 3 1 1 1 1 1 1 1 1 1 1 1 1 1 1 1 1 1 1 1 1 1 1 1 1 1 1 1 1 1 1 1 1 1 1 1 1 1 1 1 1 1 1 1 1 1 1 1 1 1 1 1 1 1 1 1 1 1 1 1 1 1 1 1 1 1 1 1 1 1 1 1 1 1 1 1 1 1 1 1 1 1 1 1 1 1 1 1 1 1 1 1 1 1 1 1 1 1 1 1 7 1 1 1 1 1 1 1 1 1 1 1 1 1 1 1 1
staticfield java/lang/invoke/MemberName $assertionsDisabled Z 1
instanceKlass java/lang/invoke/VarHandleBooleans$FieldInstanceReadOnly
instanceKlass java/lang/invoke/VarHandleReferences$FieldInstanceReadOnly
instanceKlass java/lang/invoke/VarHandleInts$FieldInstanceReadOnly
instanceKlass java/lang/invoke/VarHandleByteArrayAsDoubles$ByteArrayViewVarHandle
instanceKlass java/lang/invoke/VarHandleByteArrayAsLongs$ByteArrayViewVarHandle
instanceKlass java/lang/invoke/VarHandleByteArrayAsFloats$ByteArrayViewVarHandle
instanceKlass java/lang/invoke/VarHandleByteArrayAsInts$ByteArrayViewVarHandle
instanceKlass java/lang/invoke/VarHandleByteArrayAsChars$ByteArrayViewVarHandle
instanceKlass java/lang/invoke/VarHandleByteArrayAsShorts$ByteArrayViewVarHandle
ciInstanceKlass java/lang/invoke/VarHandle 1 1 474 10 7 12 1 1 1 10 7 12 1 1 9 12 1 1 9 12 1 1 10 12 1 1 8 1 10 12 1 1 10 7 12 1 1 1 10 12 1 1 10 7 12 1 1 1 9 100 12 1 1 1 10 12 1 1 10 7 12 1 1 1 10 12 1 1 9 12 1 10 12 1 9 12 1 1 10 100 12 1 1 10 12 1 9 100 12 1 1 1 9 12 1 1 10 12 1 1 100 1 7 1 10 8 1 10 12 1 1 10 12 1 8 1 10 12 1 10 12 1 9 12 1 1 9 12 1 10 12 1 10 12 1 1 10 12 1 10 10 100 12 1 1 1 10 12 1 1 10 12 1 1 10 7 12 1 1 1 10 100 12 1 1 1 10 100 12 1 1 1 9 12 1 1 9 10 12 1 10 12 1 1 10 12 1 1 10 12 1 10 7 12 1 1 1 9 12 1 1 10 12 1 1 9 12 1 10 12 1 10 12 1 10 7 12 1 1 100 1 10 9 7 12 1 1 1 9 12 1 1 10 7 12 1 1 1 10 12 1 10 12 1 10 12 1 10 12 1 10 12 1 10 12 1 1 8 10 12 1 1 7 1 10 12 1 1 7 1 1 1 1 1 1 1 1 1 1 1 1 1 1 1 1 1 1 1 1 1 1 1 1 1 1 1 1 1 1 1 1 1 1 1 1 1 1 1 1 1 1 1 1 1 1 1 1 1 1 1 1 1 1 1 1 1 1 1 1 1 1 1 1 1 100 1 1 1 1 1 1 1 1 100 1 1 1 1 1 1 1 1 1 1 1 1 100 1 100 1 1 100 1 100 1 100 1 100 1 100 1 100 1 100 1 100 1 100 1 100 1 100 1 100 1 100 1 100 1 100 1 100 1 100 1 100 1 100 1 100 1 100 1 100 1 100 1 100 1 100 1 100 1 100 1 100 1 100 1 100 1 100 1 100 1 100 1 100 1 100 1 100 1 1 1 1 1 1 100 1 1 1 100 1 1 100 1 100 1 100 1 100 1 100 1 100 1 1 1 1 100 1 100 1 100 1 100 1 100 1 100 1 100 1 100 1
staticfield java/lang/invoke/VarHandle VFORM_OFFSET J 16
staticfield java/lang/invoke/VarHandle $assertionsDisabled Z 1
ciInstanceKlass java/lang/Iterable 1 1 62 10 7 12 1 1 1 11 7 12 1 1 1 11 7 12 1 1 1 11 12 1 1 11 7 12 1 1 1 10 100 12 1 1 1 100 1 1 1 1 1 1 1 1 1 1 1 1 1 1 1 1 1 1 1 1 1 1 1 1 1 1
instanceKlass jdk/internal/reflect/DirectMethodHandleAccessor
ciInstanceKlass jdk/internal/reflect/MethodAccessorImpl 1 1 38 10 7 12 1 1 1 10 100 12 1 1 1 100 1 1 1 1 1 1 1 100 1 100 1 1 1 1 1 1 1 1 1 1 1 1 1 1
ciInstanceKlass jdk/internal/reflect/MethodAccessor 1 0 17 100 1 100 1 1 1 1 100 1 100 1 1 1 1 1 1
instanceKlass jdk/internal/reflect/FieldAccessorImpl
instanceKlass jdk/internal/reflect/ConstructorAccessorImpl
instanceKlass jdk/internal/reflect/MethodAccessorImpl
ciInstanceKlass jdk/internal/reflect/MagicAccessorImpl 1 1 16 10 7 12 1 1 1 100 1 1 1 1 1 1 1 1
ciInstanceKlass jdk/internal/reflect/DelegatingClassLoader 0 0 18 10 100 12 1 1 1 100 1 1 1 1 1 1 1 1 1 1
ciInstanceKlass java/util/Objects 1 1 184 10 7 12 1 1 1 100 1 8 1 10 12 1 10 12 1 1 10 7 12 1 1 1 10 12 1 1 10 12 1 10 7 12 1 1 1 10 12 1 1 10 7 12 1 1 1 7 1 10 10 12 1 1 10 7 12 1 1 10 12 1 1 8 1 10 7 12 1 1 1 10 7 12 1 1 1 10 11 100 12 1 1 1 100 1 10 10 12 1 8 1 10 12 1 8 1 100 1 11 12 1 1 8 1 10 7 12 1 1 1 10 12 1 1 10 12 1 10 12 1 10 12 1 10 12 1 1 1 1 1 1 1 1 1 1 1 1 1 1 1 1 1 1 1 1 1 1 1 1 1 1 1 1 1 1 1 1 1 1 1 1 1 1 1 1 1 1 1 1 1 1 1 1 1 1 1 1 1 1 1 1 1 1
ciInstanceKlass jdk/internal/reflect/CallerSensitive 1 0 17 100 1 100 1 100 1 1 1 1 1 1 1 1 1 1 1
ciInstanceKlass jdk/internal/reflect/DirectConstructorHandleAccessor$NativeAccessor 0 0 44 10 7 12 1 1 1 9 7 12 1 1 1 10 12 1 1 1 1 1 1 1 1 1 1 1 1 1 1 1 1 1 100 1 100 1 1 1 1 1 100 1 1 1
ciInstanceKlass jdk/internal/reflect/ConstructorAccessor 1 0 16 100 1 100 1 1 1 1 100 1 100 1 100 1 1 1
instanceKlass jdk/internal/reflect/DirectConstructorHandleAccessor
instanceKlass jdk/internal/reflect/SerializationConstructorAccessorImpl
instanceKlass jdk/internal/reflect/DirectConstructorHandleAccessor$NativeAccessor
ciInstanceKlass jdk/internal/reflect/ConstructorAccessorImpl 1 1 27 10 7 12 1 1 1 100 1 100 1 1 1 1 1 1 1 1 1 100 1 100 1 100 1 1 1
ciInstanceKlass jdk/internal/reflect/SerializationConstructorAccessorImpl 0 0 16 10 100 12 1 1 1 100 1 1 1 1 1 1 1 1
ciInstanceKlass jdk/internal/reflect/ConstantPool 1 1 142 10 7 12 1 1 1 9 7 12 1 1 1 10 12 1 1 10 12 1 1 10 12 1 10 12 1 1 10 12 1 1 10 12 1 10 12 1 1 10 12 1 10 12 1 1 10 12 1 10 12 1 10 12 1 10 12 1 1 10 12 1 1 10 12 1 1 10 12 1 1 10 12 1 10 12 1 1 10 100 12 1 1 1 8 11 7 12 1 1 1 10 7 12 1 1 1 1 1 1 1 1 1 1 1 1 1 1 1 1 1 1 1 1 1 1 1 1 1 1 1 1 1 1 1 1 1 1 1 1 1 1 1 1 1 1 1 1 1 1 1 1
instanceKlass java/lang/invoke/VolatileCallSite
instanceKlass java/lang/invoke/MutableCallSite
instanceKlass java/lang/invoke/ConstantCallSite
ciInstanceKlass java/lang/invoke/CallSite 1 1 308 10 7 12 1 1 1 10 7 12 1 1 1 9 7 12 1 1 1 10 12 1 1 9 12 1 1 10 7 12 1 1 1 10 12 1 7 1 10 12 1 1 10 12 1 1 9 100 12 1 1 1 10 7 12 1 1 10 12 1 1 100 1 7 1 10 10 7 12 1 1 1 10 12 1 1 8 1 10 12 1 10 12 1 1 10 12 1 10 12 1 1 10 12 1 1 10 10 100 12 1 1 10 12 1 1 9 12 1 9 100 12 1 1 1 8 1 10 7 12 1 1 1 10 12 1 1 7 1 10 12 1 1 9 12 1 8 1 100 1 10 12 1 10 12 1 100 1 8 1 10 10 12 1 10 12 1 1 100 1 10 12 1 1 10 12 1 10 12 1 10 12 1 1 10 12 1 1 9 12 1 1 8 10 12 1 1 9 12 1 1 100 1 10 10 12 1 10 7 12 1 1 1 10 12 1 1 10 12 1 1 10 12 1 10 7 12 1 1 1 7 1 8 1 10 10 12 10 12 1 1 7 1 7 1 7 1 8 1 10 12 1 10 7 12 1 1 1 1 1 1 1 1 1 1 1 1 1 1 1 1 1 1 1 1 1 1 1 1 1 1 1 1 1 1 1 1 1 1 1 1 1 1 1 1 1 1 1 1 1 1 1 1 1 1 1 1 1 1 1 1 7 1 7 1 1 1 1
staticfield java/lang/invoke/CallSite $assertionsDisabled Z 1
ciInstanceKlass java/lang/invoke/ConstantCallSite 1 1 65 10 7 12 1 1 1 9 7 12 1 1 1 9 12 1 1 10 7 12 1 1 1 10 12 1 100 1 10 12 9 12 1 1 100 1 10 10 12 1 1 10 12 1 1 1 1 1 1 1 1 1 1 1 1 1 100 1 1 1 1 1 1 1 1
staticfield java/lang/invoke/ConstantCallSite UNSAFE Ljdk/internal/misc/Unsafe; jdk/internal/misc/Unsafe
instanceKlass java/lang/invoke/DirectMethodHandle$Special
instanceKlass java/lang/invoke/DirectMethodHandle$StaticAccessor
instanceKlass java/lang/invoke/DirectMethodHandle$Interface
instanceKlass java/lang/invoke/DirectMethodHandle$Constructor
instanceKlass java/lang/invoke/DirectMethodHandle$Accessor
ciInstanceKlass java/lang/invoke/DirectMethodHandle 1 1 923 7 1 7 1 100 1 7 1 7 1 10 7 12 1 1 1 10 7 12 1 1 1 7 1 10 12 1 10 12 1 1 10 7 12 1 1 10 12 1 1 10 12 1 10 12 1 7 1 10 12 1 1 10 12 1 1 10 12 1 10 12 1 1 10 7 12 1 1 1 10 12 1 9 12 1 1 100 1 10 9 12 1 1 9 12 1 10 12 1 10 12 1 10 12 1 1 10 12 1 10 12 1 10 12 1 10 7 12 1 1 1 10 12 1 10 12 1 1 8 1 10 12 1 1 7 1 10 12 1 7 1 10 10 12 1 10 12 1 10 12 1 10 7 12 1 1 1 10 12 1 1 7 1 10 12 1 10 12 1 7 1 10 12 1 10 12 1 1 10 12 1 1 10 12 8 10 7 12 1 1 1 10 12 1 10 12 1 10 12 1 1 10 12 1 9 7 12 1 1 1 7 1 10 12 1 10 7 12 1 1 1 10 12 1 10 12 1 1 9 12 1 1 7 1 10 8 1 10 12 1 1 10 12 1 1 8 1 10 12 1 10 12 1 10 10 12 1 10 12 1 10 12 1 10 12 1 10 12 1 1 10 12 1 10 12 1 1 10 12 1 10 12 1 1 10 10 7 12 1 1 1 10 12 1 10 12 1 1 10 12 1 10 12 1 1 8 1 9 7 12 1 1 1 8 1 9 12 1 9 12 1 8 1 9 12 1 9 12 1 8 1 9 12 1 9 12 1 8 1 10 12 1 10 12 1 1 9 12 1 1 7 1 10 12 1 1 7 1 10 7 12 1 1 1 10 12 1 1 10 12 1 10 12 1 1 7 1 10 12 1 1 10 12 1 10 12 1 1 7 1 10 12 1 1 10 12 1 10 7 12 1 1 1 10 12 1 10 12 1 1 10 12 1 9 12 1 1 10 7 1 9 12 9 12 1 10 7 12 1 1 1 10 12 1 7 1 7 1 7 1 9 12 1 1 10 7 12 1 1 1 10 12 10 12 1 7 1 10 12 1 10 12 1 1 8 1 9 12 1 9 12 1 10 12 1 1 9 12 1 1 10 7 12 1 1 1 9 12 1 1 9 12 1 1 10 12 1 10 12 1 10 12 1 10 12 1 1 10 12 1 9 12 1 10 12 1 10 12 1 10 12 1 10 12 1 1 10 12 1 1 9 12 1 1 10 12 1 1 9 7 12 1 1 1 9 12 1 9 12 1 9 12 1 9 12 1 9 12 1 9 12 1 9 12 1 9 12 1 9 12 1 9 12 1 9 12 1 9 12 1 9 12 1 9 12 1 9 12 1 9 12 1 9 12 1 9 12 1 9 12 1 9 12 1 9 12 1 9 12 1 9 12 1 9 12 1 9 12 1 9 12 1 9 12 1 9 12 1 9 12 1 9 12 1 9 12 1 9 12 1 9 12 1 9 12 1 9 12 1 9 12 1 8 1 9 12 1 1 9 12 1 1 10 12 1 10 12 1 1 9 7 1 10 12 1 9 12 1 1 10 12 10 12 1 10 12 1 10 12 1 10 12 1 10 8 1 8 1 8 1 8 1 10 12 1 1 9 12 1 1 10 12 1 10 100 12 1 1 1 8 9 12 1 1 10 12 1 1 8 1 8 8 9 12 1 8 1 8 8 8 8 8 1 8 10 12 1 7 1 10 12 1 8 1 8 1 10 12 1 10 12 1 10 12 1 10 12 1 1 7 1 1 1 1 3 1 3 1 3 1 3 1 3 1 3 1 3 1 3 1 3 1 3 1 1 1 1 1 1 1 1 1 1 3 1 3 1 1 1 1 3 1 1 1 1 1 1 1 1 1 1 1 1 1 1 1 1 1 1 1 1 1 1 1 1 1 1 1 1 1 1 1 1 1 1 1 1 1 1 1 1 1 1 1 1 1 1 1 1 1 1 1 1 1 1 1 1 1 1 100 1 1 1 1 1 1 1 1 1 100 1 1 1 1 1 1 1 1 1 1 1 1 1 1 1 1 1 1 1 1 1 1 1 1 1 1 1 1 1 1 1 1 1 1 1 1 1 1 1 1 1 1 1 1 1 1 1 1 1 1 1 1
staticfield java/lang/invoke/DirectMethodHandle IMPL_NAMES Ljava/lang/invoke/MemberName$Factory; java/lang/invoke/MemberName$Factory
staticfield java/lang/invoke/DirectMethodHandle FT_UNCHECKED_REF I 8
staticfield java/lang/invoke/DirectMethodHandle ACCESSOR_FORMS [Ljava/lang/invoke/LambdaForm; 132 [Ljava/lang/invoke/LambdaForm;
staticfield java/lang/invoke/DirectMethodHandle ALL_WRAPPERS [Lsun/invoke/util/Wrapper; 10 [Lsun/invoke/util/Wrapper;
staticfield java/lang/invoke/DirectMethodHandle NFS [Ljava/lang/invoke/LambdaForm$NamedFunction; 12 [Ljava/lang/invoke/LambdaForm$NamedFunction;
staticfield java/lang/invoke/DirectMethodHandle OBJ_OBJ_TYPE Ljava/lang/invoke/MethodType; java/lang/invoke/MethodType
staticfield java/lang/invoke/DirectMethodHandle LONG_OBJ_TYPE Ljava/lang/invoke/MethodType; java/lang/invoke/MethodType
staticfield java/lang/invoke/DirectMethodHandle $assertionsDisabled Z 1
ciInstanceKlass java/lang/invoke/MutableCallSite 0 0 63 10 100 12 1 1 1 10 12 1 9 100 12 1 1 1 10 12 1 10 12 1 1 9 12 1 1 10 100 12 1 1 1 10 100 12 1 1 1 10 12 1 1 1 1 1 1 1 1 1 1 1 1 1 1 1 1 1 1 100 1 1 1
ciInstanceKlass java/lang/invoke/VolatileCallSite 0 0 37 10 100 12 1 1 1 10 12 1 10 100 12 1 1 1 10 12 1 10 12 1 1 1 1 1 1 1 1 1 1 1 1 1 1 1 1
ciInstanceKlass java/lang/invoke/ResolvedMethodName 1 1 25 10 100 12 1 1 1 9 7 12 1 1 1 1 1 1 1 1 1 1 1 1 1 1 1
ciInstanceKlass java/lang/invoke/MethodHandleNatives 1 1 694 100 1 10 7 12 1 1 1 9 7 12 1 1 1 10 12 1 1 100 1 10 10 12 1 1 10 12 1 10 12 1 8 1 8 1 8 1 8 1 8 1 8 1 8 1 8 1 8 1 8 1 10 12 1 1 7 1 10 7 12 1 1 1 10 7 12 1 1 1 7 1 10 10 12 1 1 8 1 10 12 1 8 1 10 12 1 1 8 1 10 12 1 1 9 7 12 1 1 1 8 1 10 100 12 1 1 1 7 1 10 12 100 1 100 1 8 1 7 1 10 10 12 1 7 1 9 7 12 1 1 10 12 1 1 10 12 1 10 7 12 1 1 1 10 12 1 1 9 12 1 8 1 10 12 1 1 10 12 1 8 1 10 12 1 1 7 1 10 12 1 10 7 12 1 1 1 10 12 1 10 12 1 1 10 12 1 1 8 1 10 12 1 1 8 1 10 12 1 8 1 8 1 8 1 7 1 10 12 1 8 1 10 7 12 1 1 1 10 12 1 1 10 7 12 1 1 10 10 12 1 1 10 12 1 10 100 12 1 1 1 100 1 8 1 10 100 12 1 1 1 7 1 8 1 10 12 1 8 1 8 1 8 1 8 1 8 1 10 12 1 1 10 12 1 1 10 12 1 10 12 1 1 10 12 1 1 7 1 10 12 1 7 1 7 1 10 12 1 10 12 1 8 1 8 1 10 10 12 1 1 10 12 1 1 8 1 10 7 12 1 1 8 1 8 1 10 12 1 1 10 7 12 1 1 1 100 1 10 12 1 1 7 1 9 12 1 1 10 7 12 1 1 1 10 10 12 1 9 12 1 10 12 1 9 12 1 9 12 1 10 12 1 1 10 12 1 10 12 1 1 7 1 7 1 10 12 1 1 10 12 1 10 12 1 1 10 7 12 1 1 1 10 12 1 8 1 10 12 1 10 12 1 10 12 1 1 10 12 1 10 7 12 1 1 1 10 12 1 1 100 1 8 1 10 9 7 12 1 1 1 10 12 1 1 10 12 1 1 7 1 10 12 1 1 10 12 1 1 100 1 100 1 10 10 100 1 100 1 10 100 1 10 10 12 1 1 10 7 1 10 12 1 10 12 1 1 10 12 1 1 10 12 1 1 10 12 1 10 12 1 1 10 8 1 10 12 1 10 12 1 10 12 1 10 12 1 10 12 1 1 10 12 1 10 12 1 10 12 1 10 10 7 12 1 1 10 12 1 1 1 1 1 1 1 1 1 1 1 1 1 7 1 1 1 1 1 1 1 1 1 1 1 1 1 1 1 1 1 1 1 1 1 1 1 1 1 1 1 1 1 1 1 1 1 1 1 1 1 1 1 1 1 1 1 1 1 1 1 1 1 1 1 1 1 1 1 1 1 1 1 1 1 1 1 1 1 100 1 1 1 1 1 1 1 1 1 1 1 1 1 1 1 1 1 1 1 1 1 1 1 1 1 1 1 1 1 1 1 1 1 1 1 100 1 1 1 1 1 1 1 1 1 1 1 1 1 1 1 1 1 1 1 1 1 1 1 1 1 1 1 1 7 1 1 1 1 1 1 1 100 1 1 1
staticfield java/lang/invoke/MethodHandleNatives $assertionsDisabled Z 1
ciInstanceKlass java/lang/invoke/MethodHandleNatives$CallSiteContext 1 1 49 10 7 12 1 1 1 7 1 10 10 7 12 1 1 1 10 7 12 1 1 1 10 7 12 1 1 1 100 1 1 1 1 1 1 1 1 1 1 1 1 1 1 1 1 1 100 1 1
ciInstanceKlass jdk/internal/foreign/abi/NativeEntryPoint 0 0 199 10 7 12 1 1 1 9 7 12 1 1 1 9 12 1 1 100 1 8 1 10 12 1 10 12 1 1 100 1 10 100 12 1 1 1 10 12 1 9 12 1 1 18 12 1 1 10 100 12 1 1 1 10 7 12 1 1 1 9 7 12 1 1 1 7 1 10 8 1 10 12 1 1 10 12 1 10 12 1 1 8 1 10 12 1 1 7 1 8 1 10 12 1 10 12 1 1 7 1 8 1 10 10 12 1 9 12 1 1 18 12 1 1 10 100 12 1 1 1 10 12 1 1 10 12 1 10 100 12 1 1 1 10 1 1 1 1 1 1 1 1 1 1 1 1 1 1 1 1 1 1 1 1 1 1 1 1 1 1 1 1 1 1 1 1 1 1 1 1 1 16 1 15 10 12 16 1 16 15 10 12 15 10 100 12 1 1 1 1 1 100 1 1 100 1 100 1 1
ciInstanceKlass jdk/internal/foreign/abi/ABIDescriptor 0 0 55 10 100 12 1 1 1 9 100 12 1 1 1 9 12 1 1 9 12 1 9 12 1 9 12 1 1 9 12 1 9 12 1 1 9 12 1 9 12 1 9 12 1 9 12 1 1 1 1 1 1 1 1 1 1
ciInstanceKlass jdk/internal/foreign/abi/VMStorage 0 0 91 10 7 12 1 1 1 9 7 12 1 1 1 9 12 1 1 9 12 1 1 9 12 1 1 7 1 10 8 1 10 12 1 1 10 12 1 10 12 1 1 10 12 1 18 12 1 18 12 1 1 18 12 1 1 1 1 1 1 1 1 1 1 1 1 1 1 1 1 1 1 1 8 1 15 15 15 15 15 10 100 12 1 1 1 1 100 1 100 1 1
ciInstanceKlass jdk/internal/foreign/abi/UpcallLinker$CallRegs 0 0 66 10 7 12 1 1 1 9 7 12 1 1 1 9 12 1 18 12 1 1 18 12 1 1 18 12 1 1 1 1 1 1 1 1 1 1 1 1 1 1 1 1 1 1 100 1 1 1 8 1 15 15 15 10 100 12 1 1 1 1 1 100 1 100 1 1
instanceKlass java/lang/StackFrameInfo
ciInstanceKlass java/lang/ClassFrameInfo 1 1 126 10 7 12 1 1 1 9 7 12 1 1 1 7 1 3 9 12 1 1 9 12 1 1 7 1 9 12 1 1 3 11 7 12 1 1 1 11 12 1 10 12 1 1 10 12 1 1 10 12 1 100 1 10 10 12 1 1 8 1 8 1 10 12 7 1 10 10 12 1 1 8 1 10 12 1 8 1 10 12 8 1 10 12 1 10 7 12 1 1 1 7 1 1 1 1 1 1 1 1 1 1 1 1 1 1 1 1 1 1 1 1 1 1 1 1 1 1 1 7 1 1 1 1 1 1
staticfield java/lang/ClassFrameInfo JLIA Ljdk/internal/access/JavaLangInvokeAccess; java/lang/invoke/MethodHandleImpl$1
ciInstanceKlass java/lang/StackWalker$StackFrame 1 1 41 100 1 10 12 1 1 100 1 100 1 1 1 1 1 1 1 1 1 1 1 1 1 1 1 1 1 1 1 1 1 1 1 1 1 1 1 100 1 1 1
ciInstanceKlass java/lang/StackWalker 1 1 259 9 7 12 1 1 1 10 7 12 1 1 1 7 1 10 7 12 1 1 1 10 12 1 1 11 7 12 1 1 1 10 12 1 1 10 12 1 1 10 12 1 1 100 1 8 1 10 12 1 10 12 1 10 12 1 10 7 12 1 1 9 12 1 1 9 12 1 1 9 12 1 1 9 12 1 1 10 12 1 1 9 12 1 1 9 12 1 1 9 12 1 1 10 7 12 1 1 1 11 12 1 1 100 1 8 1 10 10 7 12 1 1 9 12 1 1 10 12 1 1 10 7 12 1 1 1 10 7 12 1 1 1 18 12 1 1 100 1 8 1 10 8 1 10 12 1 1 10 7 12 1 1 1 10 12 1 1 10 12 1 9 7 12 1 1 11 100 12 1 1 1 10 12 1 1 1 1 1 1 1 1 1 1 1 1 1 1 1 1 1 1 1 1 1 1 1 1 1 1 1 1 1 1 1 1 1 1 1 1 1 1 1 1 1 1 1 1 1 1 1 1 1 1 1 1 1 1 1 1 1 1 7 1 1 16 15 10 12 16 1 15 10 100 12 1 1 1 1 1 1 1 1 1 100 1 100 1 1
staticfield java/lang/StackWalker DEFAULT_EMPTY_OPTION Ljava/util/EnumSet; java/util/RegularEnumSet
staticfield java/lang/StackWalker DEFAULT_WALKER Ljava/lang/StackWalker; java/lang/StackWalker
instanceKlass java/lang/LiveStackFrameInfo
ciInstanceKlass java/lang/StackFrameInfo 1 1 150 10 7 12 1 1 1 9 7 12 1 1 1 9 12 1 1 11 7 12 1 1 1 10 12 1 1 10 7 12 1 1 1 9 12 1 1 10 12 1 1 9 12 1 1 100 1 10 12 10 12 1 9 12 1 100 1 100 1 10 12 1 1 11 12 1 1 10 12 1 10 12 1 10 12 1 1 9 12 1 1 10 12 1 1 10 100 12 1 1 10 12 1 1 9 12 1 10 100 12 1 1 1 9 12 1 1 10 100 1 10 12 1 9 12 1 1 10 12 1 1 10 12 1 1 1 1 1 1 1 1 1 1 1 1 1 1 1 1 100 1 100 1 1 1 1 1 1 1 1
staticfield java/lang/StackFrameInfo $assertionsDisabled Z 1
ciInstanceKlass java/lang/LiveStackFrameInfo 0 0 97 10 7 12 1 1 1 9 7 12 1 1 1 9 12 1 9 12 1 9 12 1 9 12 1 1 7 1 10 12 1 1 10 12 1 8 1 10 12 1 1 8 1 8 1 8 1 10 100 1 10 12 1 100 1 10 12 1 7 1 7 1 1 1 3 1 3 1 1 1 1 1 1 1 1 1 1 1 1 1 1 1 1 1 1 1 1 1 1 1 1 1 1 1 100 1 1
ciInstanceKlass java/lang/LiveStackFrame 0 0 132 100 1 10 100 12 1 1 1 11 7 12 1 1 1 11 12 1 10 7 12 1 1 1 100 1 8 1 10 12 1 1 10 7 12 1 1 1 9 100 12 1 1 1 10 7 12 1 1 1 10 7 12 1 1 1 11 12 1 10 12 1 7 1 7 1 1 1 1 1 1 1 1 1 1 1 1 1 1 1 1 1 1 1 1 1 1 1 1 1 1 1 1 100 1 1 1 1 1 1 1 100 1 8 10 1 1 1 8 1 1 1 8 1 1 1 8 1 1 1 8 1 1 8 1 1 1 8 1 1 8 1
instanceKlass java/lang/StackStreamFactory$StackFrameTraverser
instanceKlass java/lang/StackStreamFactory$CallerClassFinder
ciInstanceKlass java/lang/StackStreamFactory$AbstractStackWalker 1 1 364 7 1 7 1 3 10 7 12 1 1 1 10 7 12 1 1 10 7 12 1 1 1 9 12 1 1 9 12 1 1 9 12 1 1 9 12 1 9 12 1 10 7 12 1 1 1 10 12 1 1 10 7 12 1 1 9 12 1 1 9 12 1 1 10 12 1 1 9 12 1 1 10 7 12 1 1 1 10 12 1 1 9 12 1 1 9 7 12 1 1 1 7 1 10 8 1 10 12 1 1 10 12 1 8 1 10 12 1 1 10 100 12 1 1 1 100 1 8 1 10 12 1 8 1 10 12 10 7 12 1 1 9 12 1 1 8 1 5 0 8 1 8 1 9 12 1 1 10 12 1 1 18 12 1 1 10 7 12 1 1 1 10 12 1 1 10 12 1 10 12 1 9 7 12 1 1 1 10 12 1 1 9 12 1 10 12 1 10 12 1 10 12 1 10 12 1 10 12 1 10 12 1 1 8 1 10 12 1 10 12 1 10 12 1 10 12 1 1 8 1 10 12 1 1 10 12 1 1 10 12 1 1 10 12 1 10 12 1 10 12 1 9 12 1 8 1 10 12 1 8 1 10 12 1 10 12 1 1 10 12 1 10 12 1 10 12 1 1 10 12 1 10 12 1 10 12 1 10 12 1 10 12 1 10 12 1 1 10 12 1 10 12 1 10 12 1 10 12 1 8 1 1 1 1 1 1 1 1 1 1 1 1 1 7 1 1 1 1 1 1 7 1 1 1 1 7 1 1 1 1 1 1 1 1 1 1 1 1 1 1 1 1 1 1 16 15 15 10 100 12 1 1 1 1 1 1 1 1 100 1 100 1 1
ciInstanceKlass jdk/internal/module/Modules 1 1 507 10 7 12 1 1 1 9 7 12 1 1 1 11 7 12 1 1 1 11 12 1 1 11 12 1 1 11 12 1 1 11 12 1 11 12 1 11 12 1 11 12 1 11 12 1 11 12 1 1 10 7 12 1 1 1 10 100 12 1 1 1 18 12 1 1 10 7 12 1 1 1 7 1 10 7 12 1 1 1 10 100 12 1 1 1 10 100 12 1 1 10 12 1 1 11 12 1 9 12 1 1 11 7 12 1 1 1 10 12 1 1 10 10 12 1 10 9 12 1 1 10 7 12 1 1 10 12 1 1 10 100 12 1 1 100 1 11 100 12 1 1 1 10 100 12 1 1 1 11 100 12 1 1 10 12 1 1 10 100 12 1 1 10 100 12 1 1 1 10 12 1 1 10 12 1 1 11 12 1 1 18 12 1 1 11 100 12 1 1 10 100 12 1 1 1 11 100 12 1 1 1 7 1 11 12 1 1 11 7 12 1 1 1 11 12 1 1 10 12 1 1 10 100 12 1 1 18 12 1 1 11 12 1 1 18 12 1 1 11 12 1 1 10 12 1 18 18 10 12 1 1 9 12 1 1 11 7 12 1 1 1 100 1 10 11 12 1 11 12 1 1 11 12 1 1 10 100 1 10 12 1 1 10 100 12 1 1 10 12 1 1 11 12 10 12 1 1 7 1 10 18 12 1 10 12 1 1 7 1 8 1 10 12 1 10 100 12 1 1 18 12 1 11 11 12 10 12 1 10 10 100 1 18 12 1 10 10 10 7 12 1 1 10 7 12 1 1 1 10 12 1 1 1 1 1 1 1 1 1 1 1 1 1 1 1 1 1 1 1 1 1 1 1 1 1 1 1 1 1 1 1 1 1 100 1 1 1 1 1 1 1 1 1 1 1 1 1 1 1 1 1 1 1 1 1 1 1 1 1 1 1 1 1 1 1 1 1 1 1 7 1 1 1 1 1 1 1 1 1 1 1 1 1 1 1 1 1 1 1 1 1 1 1 16 15 10 12 1 16 16 15 10 12 1 16 1 16 1 15 10 12 1 16 1 16 1 15 10 12 16 1 15 10 16 1 15 10 12 16 1 15 10 12 16 15 10 12 16 15 10 12 15 10 100 12 1 1 1 1 1 1 100 1 100 1 1
staticfield jdk/internal/module/Modules JLA Ljdk/internal/access/JavaLangAccess; java/lang/System$2
staticfield jdk/internal/module/Modules JLMA Ljdk/internal/access/JavaLangModuleAccess; java/lang/module/ModuleDescriptor$1
staticfield jdk/internal/module/Modules $assertionsDisabled Z 1
instanceKlass org/reactfx/collection/QuasiListChangeImpl
instanceKlass com/sun/javafx/fxml/builder/ProxyBuilder$ArrayListWrapper
ciInstanceKlass java/util/ArrayList 1 1 509 10 7 12 1 1 1 7 1 9 7 12 1 1 1 9 12 1 100 1 7 1 10 8 1 10 12 1 1 10 12 1 10 12 1 1 10 12 1 9 12 1 11 7 12 1 1 1 9 12 1 1 11 12 1 1 7 10 7 12 1 1 1 9 12 1 10 12 1 10 12 1 1 10 7 12 1 1 1 10 7 12 1 1 1 10 12 1 1 10 12 1 1 10 12 1 1 10 12 1 10 12 1 1 100 1 7 1 10 12 1 10 10 7 12 1 1 1 10 7 12 1 1 10 12 1 100 1 10 10 12 10 12 1 1 10 12 1 1 10 12 1 10 12 10 12 1 1 7 1 10 12 1 1 10 12 1 1 10 12 1 100 1 10 11 12 1 1 11 7 12 1 1 1 11 12 1 10 12 1 10 12 1 10 12 1 1 100 1 10 12 1 1 10 10 12 1 1 10 12 1 8 1 8 1 8 1 8 1 10 12 1 1 10 12 1 1 11 12 1 7 1 10 100 12 1 1 10 12 1 10 12 1 1 10 100 12 1 1 10 12 1 10 100 12 1 1 1 11 100 12 1 1 1 10 12 1 100 1 8 1 10 7 1 10 12 1 7 1 10 12 1 10 12 1 1 7 1 10 12 1 10 12 1 1 11 7 12 1 1 7 1 10 12 1 10 12 1 1 11 100 12 1 1 10 12 1 1 10 12 1 1 10 12 1 1 10 12 1 1 11 100 12 1 1 10 12 1 1 7 1 7 1 7 1 1 1 1 5 0 1 3 1 1 1 1 1 1 1 1 1 1 1 1 1 1 1 1 1 1 1 1 1 1 1 1 1 1 1 1 1 1 1 1 1 1 1 1 1 1 1 1 1 1 1 1 1 1 1 1 1 1 1 1 1 1 1 1 1 1 1 1 1 1 1 1 1 1 1 1 1 1 1 1 1 1 1 1 1 1 1 1 1 1 1 1 1 1 1 1 1 1 1 1 1 1 1 1 1 1 1 1 1 1 1 1 100 1 1 1 1 7 1 1 1 1 1 1 1 1 1 1 1 1 1 1 1 1 1 1 1 1 1 1 1 1 1 1 1 1 1 100 1 1 1 1 1 1 1 1 1 1 1 1 1 1 1 1 1 1 100 1 100 1 1 1 1 1 1
staticfield java/util/ArrayList EMPTY_ELEMENTDATA [Ljava/lang/Object; 0 [Ljava/lang/Object;
staticfield java/util/ArrayList DEFAULTCAPACITY_EMPTY_ELEMENTDATA [Ljava/lang/Object; 0 [Ljava/lang/Object;
ciInstanceKlass java/util/SequencedCollection 1 1 104 100 1 10 12 1 1 11 7 12 1 1 1 11 7 12 1 1 1 11 12 1 1 11 12 1 7 1 7 1 1 1 1 1 1 1 1 1 1 1 1 1 1 1 1 1 1 1 1 1 1 1 1 1 1 1 1 1 100 1 8 1 12 10 1 1 8 1 1 1 8 1 1 8 1 1 1 8 1 1 8 1 1 1 8 1 1 8 1 8 1 1 8 1 1 1 8 1 1 8 1 1 8 1
ciInstanceKlass java/util/RandomAccess 1 0 7 100 1 100 1 1 1
instanceKlass java/util/EnumMap$Values
instanceKlass java/util/WeakHashMap$Values
instanceKlass java/util/IdentityHashMap$Values
instanceKlass java/util/LinkedHashMap$LinkedValues
instanceKlass java/util/AbstractQueue
instanceKlass java/util/HashMap$Values
instanceKlass java/util/ArrayDeque
instanceKlass java/util/AbstractSet
instanceKlass java/util/ImmutableCollections$AbstractImmutableCollection
instanceKlass java/util/AbstractList
ciInstanceKlass java/util/AbstractCollection 1 1 160 10 7 12 1 1 1 10 7 12 1 1 1 10 12 1 1 11 7 12 1 1 1 11 12 1 1 10 12 1 1 10 100 12 1 1 1 10 12 1 1 10 12 1 1 10 7 12 1 1 10 7 12 1 1 1 7 1 10 7 12 1 1 1 10 100 12 1 1 1 100 1 10 11 12 1 11 7 1 10 12 1 10 12 1 10 100 12 1 1 1 11 8 1 7 1 10 10 12 1 1 8 1 10 12 1 10 12 1 1 1 1 1 1 1 1 1 1 1 1 1 1 1 1 1 1 1 1 1 1 1 1 1 1 1 1 1 1 1 1 1 1 1 1 1 1 1 1 1 1 1 1 1 1 1 1 1 1 1 1
ciMethod java/util/AbstractCollection <init> ()V 540 0 54635 0 0
instanceKlass org/reactfx/util/FingerTree$Branch$1
instanceKlass org/reactfx/collection/SubList
instanceKlass org/reactfx/util/Lists$2
instanceKlass javafx/scene/control/skin/VirtualFlow$ArrayLinkedList
instanceKlass com/sun/javafx/UnmodifiableArrayList
instanceKlass java/util/AbstractList$SubList
instanceKlass java/util/Vector
instanceKlass java/util/Collections$SingletonList
instanceKlass javafx/collections/ObservableListBase
instanceKlass javafx/collections/FXCollections$EmptyObservableList
instanceKlass java/util/Arrays$ArrayList
instanceKlass sun/security/jca/ProviderList$3
instanceKlass java/util/AbstractSequentialList
instanceKlass java/util/ArrayList$SubList
instanceKlass java/util/Collections$EmptyList
instanceKlass java/util/ArrayList
ciInstanceKlass java/util/AbstractList 1 1 218 10 7 12 1 1 1 9 7 12 1 1 1 10 12 1 1 10 12 1 1 100 1 10 10 12 1 1 11 7 12 1 1 1 11 12 1 1 11 12 1 10 7 12 1 1 1 10 12 1 11 12 1 11 12 1 11 12 1 10 12 1 1 10 12 1 1 11 7 12 1 1 1 11 7 1 11 7 1 10 12 1 7 1 10 12 1 10 12 1 1 7 1 7 1 10 12 1 100 1 10 100 1 7 1 10 8 1 10 12 1 1 10 12 1 10 12 1 1 10 12 1 8 1 100 1 8 1 8 1 8 1 10 7 1 11 10 10 12 1 11 12 1 10 12 1 1 8 1 8 1 1 1 1 1 1 1 1 1 1 1 1 1 1 1 1 1 1 1 1 1 1 1 1 1 1 1 1 1 1 1 1 1 1 1 1 1 1 1 1 1 1 1 1 1 1 1 1 1 1 1 1 1 1 1 1 1 1 100 1 100 1 1 1 1 1 1 1
ciMethod java/util/AbstractList <init> ()V 96 0 25380 0 88
ciMethod java/util/ArrayList size ()I 260 0 130 0 0
ciMethod java/util/ArrayList isEmpty ()Z 784 0 5786 0 96
ciMethod java/util/ArrayList get (I)Ljava/lang/Object; 656 0 26384 0 192
ciMethod java/util/ArrayList elementData (I)Ljava/lang/Object; 680 0 27830 0 136
ciMethod java/util/ArrayList <init> ()V 52 0 12378 0 272
instanceKlass java/util/LinkedHashSet
ciInstanceKlass java/util/HashSet 1 1 303 10 7 12 1 1 1 7 1 10 9 7 12 1 1 1 11 7 12 1 1 1 10 7 12 1 1 1 10 12 1 1 10 12 1 1 10 12 1 10 12 1 7 1 10 10 12 1 1 11 7 12 1 1 1 10 10 12 1 1 10 12 1 1 9 12 1 1 10 12 1 1 10 12 1 1 10 12 1 10 7 12 1 1 1 10 100 1 7 1 10 12 1 10 100 12 1 1 10 12 1 10 12 1 10 12 1 1 10 12 1 1 11 7 12 1 1 11 12 1 10 12 1 1 10 100 12 1 1 1 10 12 1 100 1 7 1 10 8 1 10 12 1 1 10 12 1 10 12 1 1 10 12 1 10 12 1 10 7 12 1 1 1 8 1 10 12 1 4 4 10 12 1 1 8 1 10 12 1 1 4 10 100 12 1 1 1 100 1 10 12 1 1 11 100 12 1 1 1 100 1 10 12 1 7 1 10 12 1 10 12 1 1 10 12 1 100 1 8 1 10 10 12 1 10 10 7 1 7 1 1 1 1 5 0 1 1 1 1 1 1 1 1 1 1 1 1 1 1 1 1 1 1 1 1 1 1 1 1 1 1 1 1 1 1 1 1 1 1 100 1 1 1 1 7 1 1 1 1 1 1 1 1 1 1 1 1 1 1 1 1 1 1 1 100 1 1 100 1 7 1 1 1
staticfield java/util/HashSet PRESENT Ljava/lang/Object; java/lang/Object
ciMethod java/util/HashSet toArray ()[Ljava/lang/Object; 220 0 189 0 -1
ciInstanceKlass java/lang/annotation/Annotation 1 0 17 100 1 100 1 1 1 1 1 1 1 1 1 1 1 1 1
ciInstanceKlass java/util/LinkedHashMap 1 1 386 9 7 12 1 1 1 9 12 1 1 9 12 1 9 7 12 1 1 9 12 1 10 7 12 1 1 1 10 12 1 1 10 12 1 1 9 12 1 9 12 1 1 9 12 1 10 12 1 1 100 1 10 10 12 1 1 10 12 1 10 12 1 1 9 12 1 1 9 12 1 10 12 1 1 10 100 12 1 1 1 10 12 1 10 12 1 10 12 10 12 1 1 10 7 12 1 1 1 10 12 1 1 10 12 1 1 9 7 1 10 12 1 10 12 1 1 9 12 1 1 7 1 10 12 1 7 1 100 1 10 10 12 1 1 10 12 1 1 9 12 1 1 7 1 10 7 1 10 12 1 9 12 1 7 1 10 100 1 10 11 100 12 1 1 1 100 1 10 11 100 12 1 1 100 1 7 1 10 8 1 10 12 1 1 10 12 1 10 12 1 1 10 12 1 10 12 1 1 10 100 1 10 12 1 7 1 1 1 1 5 0 1 1 1 3 1 3 1 3 1 1 1 1 1 1 1 1 1 1 1 1 1 1 1 1 1 1 1 1 1 1 1 1 1 1 1 1 1 1 1 1 1 1 1 1 1 1 1 1 1 1 1 1 1 1 1 7 1 1 1 1 1 1 1 1 100 1 1 1 1 1 1 1 1 1 1 1 1 1 1 1 1 1 1 1 1 1 1 1 1 1 1 1 1 100 1 1 1 1 1 1 1 1 1 1 1 1 1 1 100 1 1 1 1 1 1 1 1 1 7 1 1 1 1 1 1 1 1 1 1 1 1 1 1 1 1 1 1 1 1 1 1 1 1 1 1 1 1 1 1 1 100 1 100 1 100 1 100 1 1 1 1 1 100 1 7 1 1 1 1 1 1 1 1 1
ciInstanceKlass java/util/WeakHashMap 1 1 399 7 1 10 7 12 1 1 1 7 1 10 9 7 12 1 1 1 100 1 7 1 10 8 1 10 12 1 1 10 12 1 10 12 1 1 10 12 1 3 10 7 12 1 1 1 8 1 10 12 1 10 7 12 1 1 1 10 12 1 1 9 12 1 1 9 12 1 1 9 12 1 1 4 10 12 1 11 7 12 1 1 1 6 0 10 100 12 1 1 1 10 12 1 1 10 12 1 1 9 12 1 1 10 12 1 1 10 12 1 1 10 7 12 1 1 10 12 1 10 12 1 1 9 12 1 10 12 1 9 12 1 1 9 12 1 9 12 10 12 1 10 10 12 1 1 10 12 1 10 12 1 1 10 12 1 1 10 12 1 1 9 12 1 10 12 1 10 12 1 1 7 1 3 10 12 1 1 11 12 1 1 11 7 12 1 1 1 11 7 12 1 1 1 11 12 7 1 11 12 1 11 12 1 10 12 1 1 10 10 7 12 1 1 1 10 12 1 9 12 1 1 7 1 10 12 1 9 12 1 1 7 1 10 9 12 7 1 10 10 100 12 1 1 10 12 1 11 100 12 1 1 1 100 1 10 11 100 12 1 1 8 1 10 12 1 10 12 10 1 1 3 1 1 1 1 1 1 1 1 1 1 1 1 1 1 1 1 1 1 1 1 1 1 1 1 1 1 1 1 1 1 1 1 1 7 1 1 1 1 1 100 1 1 1 1 1 1 1 1 1 1 1 1 1 1 1 1 1 1 1 1 1 1 1 1 1 1 1 1 1 1 1 7 1 1 1 1 1 1 1 1 1 1 1 1 1 1 1 1 1 1 1 1 1 1 1 1 1 1 100 1 100 1 100 1 100 1 100 1 100 1 100 1 100 1 1 1 1 1 1 1 1 1 1 1 1 1 1
staticfield java/util/WeakHashMap NULL_KEY Ljava/lang/Object; java/lang/Object
ciInstanceKlass java/lang/System$Logger 1 1 78 100 1 100 1 11 100 12 1 1 1 10 100 12 1 1 1 100 1 11 12 1 1 11 100 12 1 1 1 100 1 10 100 12 1 1 1 11 12 1 1 1 1 1 1 1 1 1 1 1 1 1 1 1 1 1 1 1 1 1 1 1 1 1 1 1 1 1 1 1 1 1 1 100 1 1 1 1
ciMethod java/lang/System$Logger isLoggable (Ljava/lang/System$Logger$Level;)Z 0 0 1 0 -1
ciInstanceKlass java/util/ImmutableCollections 1 1 213 10 7 12 1 1 1 100 1 10 7 1 7 1 9 12 1 1 7 1 11 7 12 1 1 1 11 12 1 1 11 12 1 1 11 12 1 10 7 12 1 1 1 10 12 1 9 7 12 1 1 10 12 1 1 100 1 100 1 10 9 12 1 1 10 12 1 10 12 1 9 12 1 10 7 12 1 1 5 0 10 7 12 1 1 1 10 7 12 1 1 5 0 9 12 1 1 9 12 1 10 12 1 1 9 12 1 9 12 1 1 7 1 10 12 1 9 12 1 1 7 1 10 9 12 1 1 1 1 1 1 1 1 1 3 1 1 1 1 1 1 1 1 1 1 1 1 1 1 1 1 1 1 1 1 1 1 1 1 1 1 1 1 1 1 1 1 1 1 100 1 100 1 100 1 100 1 100 1 100 1 100 1 100 1 100 1 100 1 100 1 100 1 100 1 100 1 1 1 1 1 1 1 1 1 1 1 1 1 1 1 1 1
staticfield java/util/ImmutableCollections SALT32L J 4232689294
staticfield java/util/ImmutableCollections REVERSE Z 1
staticfield java/util/ImmutableCollections EMPTY Ljava/lang/Object; java/lang/Object
staticfield java/util/ImmutableCollections EMPTY_LIST Ljava/util/ImmutableCollections$ListN; java/util/ImmutableCollections$ListN
staticfield java/util/ImmutableCollections EMPTY_LIST_NULLS Ljava/util/ImmutableCollections$ListN; java/util/ImmutableCollections$ListN
staticfield java/util/ImmutableCollections EMPTY_SET Ljava/util/ImmutableCollections$SetN; java/util/ImmutableCollections$SetN
staticfield java/util/ImmutableCollections EMPTY_MAP Ljava/util/ImmutableCollections$MapN; java/util/ImmutableCollections$MapN
staticfield java/util/ImmutableCollections $assertionsDisabled Z 1
ciInstanceKlass java/util/ImmutableCollections$SetN 1 1 168 100 1 10 7 12 1 1 1 9 7 12 1 1 1 7 1 9 12 1 1 10 12 1 1 100 1 7 1 10 8 1 10 12 1 1 10 12 1 10 12 1 1 10 12 1 10 7 12 1 1 1 7 1 10 12 1 10 12 1 1 10 7 12 1 1 1 10 12 1 1 100 1 8 1 10 100 1 10 12 1 10 12 1 1 11 7 12 1 1 1 10 12 1 1 10 7 12 1 1 10 100 12 1 1 1 100 7 1 1 1 1 1 1 1 1 1 1 1 1 1 1 1 1 1 1 1 1 1 1 1 1 1 1 1 1 1 1 1 1 1 1 1 100 1 7 1 1 1 1 1 1 1 1 1 1 1 1 1 1 1 1 1 1 1 1 1 1
instanceKlass java/util/ImmutableCollections$SetN
instanceKlass java/util/ImmutableCollections$Set12
ciInstanceKlass java/util/ImmutableCollections$AbstractImmutableSet 1 1 66 10 7 12 1 1 1 100 1 100 1 11 12 1 1 10 100 1 11 12 1 1 11 100 12 1 1 1 11 12 1 1 10 12 1 1 1 1 1 1 1 1 1 1 1 1 1 1 1 1 1 100 1 1 1 1 1 1 1 1 1 100 1 1 1 1
ciMethod java/util/ImmutableCollections$SetN hashCode ()I 578 784 6565 0 312
ciInstanceKlass java/util/ImmutableCollections$Set12 1 1 149 10 7 12 1 1 1 10 7 12 1 1 1 9 7 12 1 1 1 9 7 12 1 1 9 12 1 10 7 12 1 1 1 100 1 7 1 10 8 1 10 12 1 1 10 12 1 10 12 1 1 10 12 1 10 12 1 1 7 1 10 12 1 100 1 8 1 10 100 1 10 12 1 9 12 1 1 10 12 1 10 12 1 1 10 7 12 1 1 10 100 12 1 1 1 100 1 7 1 1 1 1 1 1 1 1 1 1 1 1 1 1 1 1 1 1 1 1 1 1 1 1 1 1 1 1 1 100 1 7 1 1 1 1 1 1 1 1 1 1 1 1 1 1 1 1 1 1 1
ciMethod java/util/ImmutableCollections$Set12 hashCode ()I 1024 0 5100 0 0
instanceKlass java/util/LinkedHashMap$Entry
ciInstanceKlass java/util/HashMap$Node 1 1 95 10 7 12 1 1 1 9 7 12 1 1 1 9 12 1 1 9 12 1 9 12 1 1 7 1 10 10 12 1 1 8 1 10 12 1 10 12 1 1 10 7 12 1 1 1 7 1 11 12 1 1 10 12 1 1 11 12 1 1 1 1 1 1 1 1 1 1 1 1 1 1 1 1 1 1 1 1 1 1 1 1 1 1 1 1 1 1 100 1 1 1 7 1 1
ciInstanceKlass java/util/HashMap$TreeNode 0 0 250 100 1 10 100 12 1 1 1 9 100 12 1 1 1 9 12 1 1 9 12 1 9 12 1 1 9 12 1 1 10 12 1 1 100 1 10 12 1 9 12 1 9 12 1 9 12 1 1 10 100 12 1 1 1 10 12 1 1 10 12 1 1 10 12 1 1 10 12 1 1 10 12 1 1 10 100 12 1 1 1 10 100 12 1 1 1 10 100 12 1 1 1 9 12 1 10 12 1 1 10 12 1 1 10 12 1 1 10 12 1 1 9 100 1 10 12 1 1 10 12 1 1 10 12 1 10 12 1 1 10 12 1 10 12 1 10 12 1 1 1 1 1 1 1 1 1 1 1 1 1 1 1 1 1 1 1 1 1 1 1 1 1 1 100 1 1 1 1 1 1 1 1 1 1 1 1 1 1 1 1 1 1 1 1 1 1 1 1 1 1 1 1 1 1 1 1 1 1 1 1 1 1 1 1 1 1 1 1 1 1 1 1 1 1 1 1 1 1 1 1 1 1 1 1 1 1 1 1 1 1 1 1 1 1 1 1 1 1 1 1 1 1 1 1 100 1 1 1 1
instanceKlass java/util/HashMap$TreeNode
ciInstanceKlass java/util/LinkedHashMap$Entry 1 1 41 10 7 12 1 1 1 100 1 1 1 1 1 1 1 1 1 1 1 1 1 1 1 1 1 1 1 1 1 1 1 1 1 1 100 1 1 100 1 1 1
ciMethod java/util/HashMap$TreeNode putTreeVal (Ljava/util/HashMap;[Ljava/util/HashMap$Node;ILjava/lang/Object;Ljava/lang/Object;)Ljava/util/HashMap$TreeNode; 0 0 1 0 -1
ciMethod java/util/HashMap$TreeNode getTreeNode (ILjava/lang/Object;)Ljava/util/HashMap$TreeNode; 0 0 1 0 -1
ciInstanceKlass java/util/Arrays$ArrayList 1 1 149 10 7 12 1 1 1 10 7 12 1 1 1 7 1 9 7 12 1 1 10 7 12 1 1 1 10 12 1 1 10 100 12 1 1 1 10 100 12 1 1 1 10 12 1 1 10 12 1 1 100 1 10 7 12 1 1 1 11 100 12 1 1 1 11 100 12 1 1 10 12 1 1 7 1 10 12 1 100 1 100 1 1 1 1 5 0 1 1 1 1 1 1 1 1 1 1 1 1 1 1 1 1 1 1 1 1 1 1 1 1 1 1 1 1 1 1 1 1 1 1 1 1 1 1 1 1 1 1 1 1 1 1 1 1 1 1 1 1 1 1 1 1 1 1 1 1 1 1
instanceKlass java/util/Collections$UnmodifiableList
instanceKlass java/util/Collections$UnmodifiableSet
ciInstanceKlass java/util/Collections$UnmodifiableCollection 1 1 136 10 7 12 1 1 1 100 1 10 9 7 12 1 1 1 11 7 12 1 1 1 11 12 1 1 11 12 1 1 11 12 1 1 11 12 1 11 12 1 11 12 1 1 7 1 10 12 1 100 1 10 11 12 1 1 11 12 1 1 11 12 1 1 11 12 1 1 11 12 1 100 1 1 1 1 5 0 1 1 1 1 1 1 1 1 1 1 1 1 1 1 1 1 1 1 1 1 1 1 1 1 1 1 1 1 1 1 1 1 1 1 1 1 1 1 1 1 1 1 1 1 1 1 1 1 1 1 1 1 1 1 100 1 1 1
ciMethod java/util/Collections$UnmodifiableCollection size ()I 1024 0 5637 0 112
instanceKlass java/util/Collections$UnmodifiableRandomAccessList
ciInstanceKlass java/util/Collections$UnmodifiableList 1 1 127 10 7 12 1 1 1 9 7 12 1 1 1 11 7 12 1 1 1 11 12 1 1 11 12 1 1 100 1 10 12 1 11 12 1 1 11 12 1 10 12 1 1 7 1 10 12 1 11 12 1 1 10 12 1 100 1 100 1 10 1 1 1 5 0 1 1 1 1 1 1 1 1 1 1 1 1 1 1 1 1 1 1 1 1 1 1 1 1 1 1 1 1 1 1 1 1 1 1 1 1 1 1 1 1 1 1 1 1 1 1 1 1 1 1 100 1 1 1 1 1 100 1 1 1 1 1
ciMethod java/util/Collections$UnmodifiableList get (I)Ljava/lang/Object; 520 0 5600 0 264
ciInstanceKlass java/util/Collections$UnmodifiableRandomAccessList 1 1 52 10 7 12 1 1 1 100 1 9 12 1 1 11 100 12 1 1 1 10 100 1 1 1 1 5 0 1 1 1 1 1 1 1 1 1 1 1 1 1 1 1 1 1 1 1 1 100 1 1 1 1
ciInstanceKlass java/util/Collections$EmptyList 1 1 150 10 7 12 1 1 1 10 7 12 1 1 1 10 12 1 1 11 7 12 1 1 1 7 1 100 1 7 1 10 8 1 10 12 1 1 10 12 1 10 12 1 1 10 12 1 7 1 11 10 100 12 1 1 1 10 100 12 1 1 1 9 12 1 1 7 1 7 1 7 1 1 1 1 5 0 1 1 1 1 1 1 1 1 1 1 1 1 1 1 1 1 1 1 1 1 1 1 1 1 1 1 1 1 1 1 1 1 1 1 1 1 1 1 1 1 1 1 1 1 1 1 1 1 1 1 1 1 1 1 1 1 1 1 1 1 1 1 1 1 1 1 1 1 1 1 1 1 1 1
ciMethod java/util/Collections$EmptyList isEmpty ()Z 324 0 162 0 0
ciInstanceKlass java/lang/module/ModuleDescriptor$Requires 1 1 205 10 7 12 1 1 1 9 7 12 1 1 1 100 1 10 11 7 12 1 1 1 9 12 1 1 9 12 1 1 9 12 1 1 9 12 1 11 12 1 1 11 7 12 1 1 1 11 12 1 1 100 1 10 12 1 1 9 100 12 1 1 1 10 100 12 1 1 1 10 100 12 1 1 1 10 7 12 1 1 1 10 12 1 10 12 10 7 12 1 1 1 10 12 1 1 10 7 12 1 1 1 10 7 12 1 1 1 10 12 1 10 12 1 1 11 10 100 12 1 1 10 12 1 10 12 1 1 10 7 1 10 10 12 1 1 8 1 10 12 1 8 1 10 10 12 1 10 12 1 10 7 12 1 1 7 1 1 1 1 1 1 1 1 1 1 1 1 1 1 1 1 1 1 1 1 1 1 1 1 1 1 1 1 1 1 1 1 1 1 1 1 1 1 1 1 1 1 1 1 1 1 1 1 1
staticfield java/lang/module/ModuleDescriptor$Requires $assertionsDisabled Z 1
ciInstanceKlass java/util/zip/ZipFile$Source$Key 1 1 88 10 7 12 1 1 1 9 7 12 1 1 1 9 12 1 1 10 7 12 1 1 1 9 12 1 1 7 1 5 0 11 7 12 1 1 1 10 7 12 1 1 1 11 12 1 1 10 12 1 1 10 12 1 10 7 1 10 12 1 1 10 10 1 1 1 1 1 1 1 1 1 1 1 1 1 1 1 1 1 1 100 1 1 100 1 1 1
ciInstanceKlass java/util/logging/Level 1 1 294 10 7 12 1 1 1 10 12 1 10 7 12 1 1 100 1 10 9 12 1 1 9 12 1 1 9 12 1 9 12 1 9 12 1 1 10 7 12 1 1 1 10 12 1 1 10 12 1 1 10 7 12 1 1 1 9 7 12 1 1 1 11 7 12 1 1 1 10 7 12 1 1 1 8 1 10 7 12 1 1 1 10 12 1 1 9 7 12 1 1 10 10 12 1 1 10 12 1 10 12 1 10 12 1 7 1 18 12 1 1 10 12 1 1 10 7 12 1 1 1 10 12 1 1 10 7 12 1 1 1 10 12 1 1 10 12 1 100 1 10 12 1 10 12 1 1 10 12 1 1 18 100 1 18 12 1 10 12 1 8 1 3 9 12 1 8 1 9 12 8 1 9 12 8 1 9 12 8 1 9 12 8 1 9 12 8 1 9 12 8 1 9 12 8 1 3 9 12 9 12 1 1 7 1 1 1 1 1 5 0 1 1 1 1 1 1 1 1 1 1 1 1 1 1 1 1 1 1 1 1 7 1 1 1 1 1 1 1 1 1 1 1 1 1 1 1 1 1 1 1 1 1 1 1 1 1 1 16 1 15 10 12 1 1 16 1 15 10 12 1 8 1 15 10 7 12 1 1 1 15 10 100 12 1 1 1 1 1 100 1 100 1 1
staticfield java/util/logging/Level OFF Ljava/util/logging/Level; java/util/logging/Level
staticfield java/util/logging/Level SEVERE Ljava/util/logging/Level; java/util/logging/Level
staticfield java/util/logging/Level WARNING Ljava/util/logging/Level; java/util/logging/Level
staticfield java/util/logging/Level INFO Ljava/util/logging/Level; java/util/logging/Level
staticfield java/util/logging/Level CONFIG Ljava/util/logging/Level; java/util/logging/Level
staticfield java/util/logging/Level FINE Ljava/util/logging/Level; java/util/logging/Level
staticfield java/util/logging/Level FINER Ljava/util/logging/Level; java/util/logging/Level
staticfield java/util/logging/Level FINEST Ljava/util/logging/Level; java/util/logging/Level
staticfield java/util/logging/Level ALL Ljava/util/logging/Level; java/util/logging/Level
staticfield java/util/logging/Level standardLevels [Ljava/util/logging/Level; 9 [Ljava/util/logging/Level;
ciMethod java/util/logging/Level intValue ()I 260 0 130 0 0
ciInstanceKlass sun/util/logging/PlatformLogger$Bridge 1 0 62 100 1 100 1 10 12 1 1 100 1 1 1 1 1 1 1 1 1 1 1 1 1 1 1 1 1 1 1 1 1 1 1 1 1 1 1 1 1 1 1 1 1 1 1 1 1 1 1 1 100 1 1 1 100 1 100 1 1 100 1 1
ciInstanceKlass sun/util/logging/PlatformLogger$ConfigurableBridge 1 1 31 100 1 11 12 1 1 100 1 1 1 1 1 1 1 1 1 1 1 1 1 100 1 1 1 100 1 1 100 1 1
instanceKlass java/util/logging/LogManager$RootLogger
ciInstanceKlass java/util/logging/Logger 1 1 742 10 7 12 1 1 1 9 7 12 1 1 1 10 12 1 1 10 7 12 1 1 9 12 1 1 9 12 1 9 12 1 1 9 12 1 1 7 1 10 9 12 1 1 9 12 1 1 10 12 1 1 9 12 1 10 7 12 1 1 1 7 1 8 1 10 12 1 10 12 1 10 12 1 1 7 1 10 12 1 9 12 1 1 10 12 1 1 7 1 10 9 100 12 1 1 10 7 12 1 1 1 10 7 12 1 1 1 10 12 1 1 10 12 1 10 100 12 1 1 1 10 12 1 1 10 10 12 10 12 1 8 1 10 12 1 10 12 1 1 10 12 1 8 1 10 12 10 12 1 1 10 12 1 1 10 12 1 1 9 7 12 1 1 10 12 1 1 9 12 1 1 10 7 12 1 1 1 10 12 1 1 11 100 12 1 1 10 12 1 1 10 12 1 10 7 12 1 1 1 9 12 1 10 12 1 1 9 12 1 10 12 1 1 10 12 1 10 12 1 1 9 12 1 1 10 12 1 10 12 1 1 10 12 1 10 12 1 10 12 1 11 100 1 10 12 1 1 10 12 1 1 10 12 1 10 12 1 10 100 12 1 1 10 12 1 10 12 1 9 7 12 1 1 1 8 1 10 12 1 1 8 1 10 12 1 7 1 10 10 12 1 1 10 12 1 10 12 1 10 12 1 8 1 8 1 8 1 9 12 1 10 12 9 12 1 9 12 1 9 12 1 9 12 1 9 12 1 10 12 1 9 12 1 1 10 12 1 1 10 12 1 9 12 1 9 12 1 1 10 12 1 1 9 12 1 10 7 12 1 1 1 10 12 1 1 10 12 1 9 12 1 1 9 12 1 1 10 7 12 1 1 1 7 10 12 1 1 9 12 1 10 100 12 1 1 1 10 12 1 1 9 12 1 1 10 9 12 1 10 7 12 1 1 1 10 12 1 1 10 7 12 1 1 10 12 1 10 12 1 10 12 1 9 100 12 1 1 1 11 100 12 1 1 1 100 1 18 12 1 1 10 7 12 1 1 1 10 12 1 100 1 18 12 1 1 10 10 12 1 1 9 12 1 18 12 1 10 12 1 10 12 1 10 12 1 8 1 8 1 100 1 10 9 12 1 1 10 7 12 1 1 1 11 7 12 1 1 11 12 1 7 1 10 12 1 11 12 1 10 12 1 10 12 1 10 12 1 1 10 12 1 10 12 1 10 10 12 1 10 12 1 10 12 1 9 12 1 10 12 1 8 10 1 1 1 1 1 1 1 1 1 1 1 1 1 1 1 1 1 1 1 1 1 1 1 1 1 1 100 1 1 1 1 1 1 1 1 1 1 1 1 1 1 1 1 1 1 1 1 1 1 1 1 1 1 1 1 1 1 1 1 1 1 1 1 1 1 1 1 1 1 1 1 1 1 1 1 1 1 1 1 1 1 1 1 1 1 1 1 1 1 1 1 1 1 1 1 1 1 1 1 1 1 1 1 1 1 1 1 1 1 1 1 7 1 1 1 1 1 1 1 1 1 1 1 1 1 1 1 1 100 1 1 1 1 1 1 1 1 1 1 1 1 1 1 1 1 1 1 1 1 1 1 1 1 100 1 1 16 15 10 12 16 8 1 8 1 15 10 100 12 1 1 1 15 10 100 12 1 1 1 1 1 1 1 1 100 1 100 1 1
staticfield java/util/logging/Logger emptyHandlers [Ljava/util/logging/Handler; 0 [Ljava/util/logging/Handler;
staticfield java/util/logging/Logger offValue I 2147483647
staticfield java/util/logging/Logger SYSTEM_BUNDLE Ljava/util/logging/Logger$LoggerBundle; java/util/logging/Logger$LoggerBundle
staticfield java/util/logging/Logger NO_RESOURCE_BUNDLE Ljava/util/logging/Logger$LoggerBundle; java/util/logging/Logger$LoggerBundle
staticfield java/util/logging/Logger treeLock Ljava/lang/Object; java/lang/Object
staticfield java/util/logging/Logger global Ljava/util/logging/Logger; java/util/logging/Logger
ciMethod java/util/logging/Logger isLoggable (Ljava/util/logging/Level;)Z 518 0 4051 0 0
ciInstanceKlass java/util/logging/Logger$ConfigurationData 1 1 144 10 7 12 1 1 1 7 1 10 9 7 12 1 1 1 9 12 1 1 9 12 1 1 9 7 12 1 1 1 10 12 1 1 9 12 1 1 9 12 1 1 9 12 1 10 12 1 1 10 12 1 10 12 1 9 100 12 1 1 7 1 8 1 10 12 1 9 12 1 10 12 1 1 11 7 12 1 1 1 11 12 1 1 100 1 10 12 1 10 12 1 1 10 12 1 1 10 12 1 1 9 12 1 1 10 12 1 1 1 1 1 1 1 1 1 1 1 1 7 1 1 1 1 100 1 1 1 1 1 1 1 1 1 1 1 1 1 1 1 1 1 1 1
ciMethod java/util/HashSet <init> (Ljava/util/Collection;)V 350 0 452 0 -1
ciMethod java/util/Objects requireNonNull (Ljava/lang/Object;Ljava/lang/String;)Ljava/lang/Object; 562 0 65460 0 -1
ciMethod java/util/Objects checkIndex (II)I 686 0 30165 0 -1
ciMethod java/util/HashMap getNode (Ljava/lang/Object;)Ljava/util/HashMap$Node; 1024 14 27753 0 680
ciMethod java/util/HashMap resize ()[Ljava/util/HashMap$Node; 114 196 2049 0 -1
ciMethod java/util/HashMap treeifyBin ([Ljava/util/HashMap$Node;I)V 0 0 1 0 -1
ciMethod java/util/HashMap putVal (ILjava/lang/Object;Ljava/lang/Object;ZZ)Ljava/lang/Object; 18136 1854 22436 0 2640
ciMethod java/util/HashMap tableSizeFor (I)I 512 0 3822 0 0
ciMethod java/util/HashMap hash (Ljava/lang/Object;)I 794 0 46217 0 208
ciMethod java/util/HashMap <init> ()V 682 0 5780 0 -1
ciMethod java/util/HashMap <init> (IF)V 512 0 1528 0 0
ciMethod java/util/HashMap <init> (I)V 518 0 1509 0 0
ciMethod java/util/Collection isEmpty ()Z 0 0 1 0 -1
ciMethod java/util/Collection size ()I 0 0 1 0 -1
ciMethod java/util/AbstractMap <init> ()V 1024 0 10132 0 0
ciMethod java/util/List isEmpty ()Z 0 0 1 0 -1
ciMethod java/util/List get (I)Ljava/lang/Object; 0 0 1 0 -1
ciMethod java/util/List size ()I 0 0 1 0 -1
ciMethod java/lang/Enum ordinal ()I 256 0 128 0 0
ciMethod java/lang/Enum compareTo (Ljava/lang/Enum;)I 438 0 4906 0 -1
ciMethod jdk/internal/util/ArraysSupport hashCodeOfUTF16 ([BIII)I 2 0 19 0 -1
ciMethod jdk/internal/util/ArraysSupport hashCodeOfUnsigned ([BIII)I 400 0 18606 0 664
ciMethod jdk/internal/util/ArraysSupport vectorizedHashCode (Ljava/lang/Object;IIII)I 900 0 18625 0 -1
ciMethod java/lang/Integer numberOfLeadingZeros (I)I 34 0 4098 0 -1
ciMethod java/util/Set of ([Ljava/lang/Object;)Ljava/util/Set; 536 0 514 0 -1
ciMethod java/util/Set of ()Ljava/util/Set; 512 0 1081 0 -1
ciMethod java/util/Set copyOf (Ljava/util/Collection;)Ljava/util/Set; 516 0 358 0 0
ciMethod java/lang/String concat (Ljava/lang/String;)Ljava/lang/String; 512 0 5934 0 -1
ciMethod java/lang/String format (Ljava/lang/String;[Ljava/lang/Object;)Ljava/lang/String; 0 0 3 0 -1
ciMethod java/lang/String isLatin1 ()Z 684 0 427176 0 88
ciMethod java/lang/String valueOf (Ljava/lang/Object;)Ljava/lang/String; 248 0 546 0 -1
ciMethod java/util/Map containsKey (Ljava/lang/Object;)Z 0 0 1 0 -1
ciMethod java/util/Map isEmpty ()Z 0 0 1 0 -1
ciMethod java/util/Map put (Ljava/lang/Object;Ljava/lang/Object;)Ljava/lang/Object; 0 0 1 0 -1
ciMethod java/util/Map get (Ljava/lang/Object;)Ljava/lang/Object; 0 0 1 0 -1
ciMethod java/lang/Object getClass ()Ljava/lang/Class; 256 0 128 0 -1
ciMethod java/lang/Object <init> ()V 1024 0 580239 0 80
ciInstanceKlass javafx/beans/value/WritableValue 1 0 15 100 1 100 1 1 1 1 1 1 1 1 1 1 1
instanceKlass javafx/scene/control/ComboBoxBase$9
instanceKlass javafx/scene/control/ComboBoxBase$8
instanceKlass javafx/scene/control/ComboBoxBase$7
instanceKlass javafx/scene/control/ComboBoxBase$6
instanceKlass javafx/scene/control/ComboBoxBase$5
instanceKlass javafx/scene/effect/InnerShadow$4
instanceKlass javafx/scene/effect/InnerShadow$6
instanceKlass javafx/scene/control/ContextMenu$1
instanceKlass javafx/scene/control/PopupControl$1
instanceKlass javafx/stage/PopupWindow$6
instanceKlass javafx/scene/control/Label$1
instanceKlass javafx/scene/control/MenuButton$2
instanceKlass javafx/scene/control/MenuButton$6
instanceKlass javafx/scene/control/MenuButton$5
instanceKlass javafx/scene/control/MenuButton$4
instanceKlass javafx/scene/control/MenuButton$3
instanceKlass javafx/collections/transformation/FilteredList$1
instanceKlass javafx/scene/control/ToggleButton$2
instanceKlass javafx/scene/shape/Path$2
instanceKlass javafx/scene/control/Menu$5
instanceKlass javafx/scene/control/Menu$4
instanceKlass javafx/scene/control/Menu$3
instanceKlass javafx/scene/control/Menu$2
instanceKlass javafx/scene/control/MenuItem$2
instanceKlass javafx/scene/control/MenuItem$1
instanceKlass javafx/animation/Animation$6
instanceKlass javafx/animation/Animation$3
instanceKlass javafx/scene/shape/SVGPath$2
instanceKlass javafx/scene/effect/DropShadow$4
instanceKlass javafx/scene/effect/DropShadow$6
instanceKlass javafx/scene/effect/Effect$EffectInputProperty
instanceKlass javafx/scene/Node$MiscProperties$8
instanceKlass javafx/scene/Node$MiscProperties$6
instanceKlass javafx/scene/Node$MiscProperties$5
instanceKlass javafx/scene/text/Text$TextAttribute$8
instanceKlass javafx/scene/Node$NodeTransformation$9
instanceKlass javafx/scene/image/ImageView$11
instanceKlass javafx/scene/image/ImageView$2
instanceKlass javafx/beans/property/IntegerProperty$2
instanceKlass javafx/scene/control/MultipleSelectionModel$1
instanceKlass javafx/scene/control/ListView$6
instanceKlass javafx/scene/control/ListView$4
instanceKlass javafx/scene/control/ListView$5
instanceKlass javafx/scene/control/ListView$3
instanceKlass javafx/scene/control/ButtonBase$2
instanceKlass javafx/scene/control/Control$3
instanceKlass javafx/scene/transform/Rotate$5
instanceKlass javafx/css/StyleableObjectProperty
instanceKlass javafx/scene/Scene$45
instanceKlass javafx/scene/Scene$43
instanceKlass javafx/scene/Scene$42
instanceKlass javafx/scene/Scene$37
instanceKlass javafx/scene/Scene$39
instanceKlass javafx/scene/Scene$33
instanceKlass javafx/scene/Scene$38
instanceKlass javafx/scene/Scene$36
instanceKlass javafx/scene/Scene$40
instanceKlass javafx/scene/Scene$47
instanceKlass javafx/scene/Scene$48
instanceKlass javafx/scene/Scene$35
instanceKlass javafx/scene/Scene$31
instanceKlass javafx/scene/Scene$41
instanceKlass javafx/scene/Scene$23
instanceKlass javafx/scene/Scene$15
instanceKlass javafx/scene/Scene$14
instanceKlass javafx/scene/Scene$13
instanceKlass javafx/scene/Scene$30
instanceKlass javafx/scene/Scene$27
instanceKlass javafx/scene/Scene$21
instanceKlass javafx/scene/Scene$28
instanceKlass javafx/scene/Scene$19
instanceKlass javafx/scene/Scene$25
instanceKlass javafx/scene/Scene$18
instanceKlass javafx/scene/Scene$16
instanceKlass javafx/scene/Scene$17
instanceKlass javafx/scene/Scene$20
instanceKlass javafx/scene/Scene$24
instanceKlass javafx/scene/Scene$22
instanceKlass javafx/scene/Scene$12
instanceKlass javafx/scene/Scene$50
instanceKlass javafx/scene/Scene$8
instanceKlass javafx/scene/Scene$6
instanceKlass javafx/scene/Scene$7
instanceKlass javafx/scene/Scene$49
instanceKlass javafx/scene/Scene$34
instanceKlass javafx/scene/Scene$29
instanceKlass javafx/scene/Scene$26
instanceKlass javafx/scene/Scene$32
instanceKlass javafx/scene/Scene$46
instanceKlass javafx/scene/Scene$9
instanceKlass javafx/scene/Scene$44
instanceKlass javafx/beans/property/DoubleProperty$2
instanceKlass javafx/stage/Window$10
instanceKlass javafx/stage/Window$9
instanceKlass javafx/stage/Window$11
instanceKlass javafx/stage/Window$8
instanceKlass javafx/stage/Window$7
instanceKlass javafx/beans/property/SimpleObjectProperty
instanceKlass javafx/beans/property/BooleanProperty$2
ciInstanceKlass javafx/beans/property/ObjectPropertyBase 1 1 201 10 7 12 1 1 1 9 7 12 1 1 1 9 12 1 1 9 12 1 1 9 12 1 1 9 12 1 1 10 7 12 1 1 1 10 12 1 1 10 12 1 10 12 1 10 12 1 1 10 12 1 10 12 11 7 12 1 1 1 10 12 1 1 100 1 10 12 1 10 12 1 1 10 100 12 1 1 1 10 100 12 1 1 18 12 1 1 8 1 18 12 1 10 12 1 10 12 1 100 1 8 1 10 11 12 1 1 10 12 1 7 1 10 12 1 11 12 1 11 12 100 1 8 1 10 8 1 10 12 1 1 10 12 1 8 1 10 100 1 8 1 8 1 8 1 10 12 1 8 1 8 1 10 12 1 1 1 1 1 1 1 1 1 1 1 1 1 1 1 1 1 1 1 1 1 1 8 1 8 1 15 10 100 12 1 1 1 1 100 1 100 1 1 1 100 1 8 10 1 8
ciInstanceKlass javafx/scene/paint/Color 1 1 925 7 1 10 12 1 1 10 12 1 1 6 0 10 12 1 1 10 12 1 10 12 1 1 7 1 18 12 1 1 10 12 1 18 18 10 12 1 1 10 7 12 1 1 1 10 12 1 1 18 12 1 18 100 1 8 1 10 10 7 12 1 1 1 8 1 9 7 12 1 1 1 10 12 1 1 8 1 10 12 1 1 10 12 1 8 1 8 8 1 10 12 1 10 12 1 1 8 1 8 1 10 12 1 10 7 12 1 1 1 9 12 1 1 9 12 1 9 12 1 10 12 1 10 12 1 1 10 12 1 10 7 12 1 1 1 6 0 7 1 10 12 1 1 10 12 1 1 10 12 1 1 8 1 10 12 1 10 12 1 10 100 12 1 1 1 6 0 6 0 10 12 1 1 8 1 10 12 10 12 1 6 0 10 7 12 1 1 1 10 12 1 9 12 1 6 0 10 12 1 6 0 6 0 6 0 6 0 10 7 12 1 1 18 18 18 18 9 12 1 1 10 7 12 1 1 1 10 12 1 1 10 12 1 1 10 12 1 1 8 1 100 1 10 12 1 1 10 12 1 1 10 12 1 1 9 12 1 1 4 4 10 12 1 9 12 1 4 4 4 9 12 1 9 12 1 4 4 9 12 1 9 12 1 4 4 9 12 1 4 4 9 12 1 9 12 1 4 9 12 1 9 12 1 4 4 4 9 12 1 4 4 9 12 1 4 4 4 9 12 1 4 4 4 9 12 1 9 12 1 4 4 4 9 12 1 4 9 12 1 4 4 4 9 12 1 9 12 1 4 4 9 12 1 9 12 1 4 9 12 1 9 12 1 4 4 9 12 1 4 9 12 1 9 12 1 9 12 1 4 4 4 9 12 1 9 12 1 4 4 9 12 1 4 9 12 1 4 4 4 9 12 1 9 12 1 4 4 4 9 12 1 4 4 9 12 1 4 4 9 12 1 4 9 12 1 9 12 1 4 4 9 12 1 4 4 9 12 1 4 9 12 1 4 9 12 1 9 12 1 9 12 1 4 9 12 1 4 4 9 12 1 9 12 1 9 12 1 9 12 1 9 12 1 9 12 1 9 12 1 4 4 9 12 1 4 9 12 1 9 12 1 4 9 12 1 9 12 1 9 12 1 4 9 12 1 4 9 12 1 4 4 9 12 1 9 12 1 4 9 12 1 9 12 1 9 12 1 4 4 9 12 1 9 12 1 4 9 12 1 9 12 1 4 9 12 1 9 12 1 9 12 1 4 9 12 1 9 12 1 4 4 9 12 1 9 12 1 4 9 12 1 9 12 1 4 4 9 12 1 9 12 1 4 9 12 1 9 12 1 9 12 1 9 12 1 9 12 1 9 12 1 9 12 1 4 9 12 1 9 12 1 4 9 12 1 4 4 9 12 1 4 4 9 12 1 4 4 9 12 1 4 9 12 1 9 12 1 4 4 4 9 12 1 4 9 12 1 9 12 1 4 9 12 1 4 9 12 1 9 12 1 9 12 1 4 9 12 1 9 12 1 4 4 9 12 1 9 12 1 4 9 12 1 4 9 12 1 4 9 12 1 4 4 9 12 1 4 9 12 1 9 12 1 4 4 9 12 1 4 9 12 1 4 9 12 1 4 4 9 12 1 4 9 12 1 9 12 1 9 12 1 9 12 1 9 12 1 4 9 12 1 4 9 12 1 4 9 12 1 4 4 4 9 12 1 4 4 9 12 1 9 12 1 4 4 9 12 1 9 12 1 9 12 1 4 4 9 12 1 9 12 1 9 12 1 9 12 1 9 12 1 4 9 12 1 9 12 1 9 12 1 9 12 1 4 4 9 12 1 4 4 9 12 1 9 12 1 9 12 1 9 12 1 9 12 1 9 12 1 9 12 1 100 1 1 1 1 1 1 1 3 1 3 1 3 1 3 1 1 1 1 1 1 1 1 1 1 1 1 100 1 1 1 1 1 1 1 1 1 1 1 1 1 1 1 1 1 1 1 1 1 1 1 1 1 1 1 1 1 1 1 1 1 8 1 8 1 8 1 8 1 8 1 8 1 8 1 8 1 8 1 15 10 100 12 1 1 1 1 100 1 100 1 1
staticfield javafx/scene/paint/Color TRANSPARENT Ljavafx/scene/paint/Color; javafx/scene/paint/Color
staticfield javafx/scene/paint/Color ALICEBLUE Ljavafx/scene/paint/Color; javafx/scene/paint/Color
staticfield javafx/scene/paint/Color ANTIQUEWHITE Ljavafx/scene/paint/Color; javafx/scene/paint/Color
staticfield javafx/scene/paint/Color AQUA Ljavafx/scene/paint/Color; javafx/scene/paint/Color
staticfield javafx/scene/paint/Color AQUAMARINE Ljavafx/scene/paint/Color; javafx/scene/paint/Color
staticfield javafx/scene/paint/Color AZURE Ljavafx/scene/paint/Color; javafx/scene/paint/Color
staticfield javafx/scene/paint/Color BEIGE Ljavafx/scene/paint/Color; javafx/scene/paint/Color
staticfield javafx/scene/paint/Color BISQUE Ljavafx/scene/paint/Color; javafx/scene/paint/Color
staticfield javafx/scene/paint/Color BLACK Ljavafx/scene/paint/Color; javafx/scene/paint/Color
staticfield javafx/scene/paint/Color BLANCHEDALMOND Ljavafx/scene/paint/Color; javafx/scene/paint/Color
staticfield javafx/scene/paint/Color BLUE Ljavafx/scene/paint/Color; javafx/scene/paint/Color
staticfield javafx/scene/paint/Color BLUEVIOLET Ljavafx/scene/paint/Color; javafx/scene/paint/Color
staticfield javafx/scene/paint/Color BROWN Ljavafx/scene/paint/Color; javafx/scene/paint/Color
staticfield javafx/scene/paint/Color BURLYWOOD Ljavafx/scene/paint/Color; javafx/scene/paint/Color
staticfield javafx/scene/paint/Color CADETBLUE Ljavafx/scene/paint/Color; javafx/scene/paint/Color
staticfield javafx/scene/paint/Color CHARTREUSE Ljavafx/scene/paint/Color; javafx/scene/paint/Color
staticfield javafx/scene/paint/Color CHOCOLATE Ljavafx/scene/paint/Color; javafx/scene/paint/Color
staticfield javafx/scene/paint/Color CORAL Ljavafx/scene/paint/Color; javafx/scene/paint/Color
staticfield javafx/scene/paint/Color CORNFLOWERBLUE Ljavafx/scene/paint/Color; javafx/scene/paint/Color
staticfield javafx/scene/paint/Color CORNSILK Ljavafx/scene/paint/Color; javafx/scene/paint/Color
staticfield javafx/scene/paint/Color CRIMSON Ljavafx/scene/paint/Color; javafx/scene/paint/Color
staticfield javafx/scene/paint/Color CYAN Ljavafx/scene/paint/Color; javafx/scene/paint/Color
staticfield javafx/scene/paint/Color DARKBLUE Ljavafx/scene/paint/Color; javafx/scene/paint/Color
staticfield javafx/scene/paint/Color DARKCYAN Ljavafx/scene/paint/Color; javafx/scene/paint/Color
staticfield javafx/scene/paint/Color DARKGOLDENROD Ljavafx/scene/paint/Color; javafx/scene/paint/Color
staticfield javafx/scene/paint/Color DARKGRAY Ljavafx/scene/paint/Color; javafx/scene/paint/Color
staticfield javafx/scene/paint/Color DARKGREEN Ljavafx/scene/paint/Color; javafx/scene/paint/Color
staticfield javafx/scene/paint/Color DARKGREY Ljavafx/scene/paint/Color; javafx/scene/paint/Color
staticfield javafx/scene/paint/Color DARKKHAKI Ljavafx/scene/paint/Color; javafx/scene/paint/Color
staticfield javafx/scene/paint/Color DARKMAGENTA Ljavafx/scene/paint/Color; javafx/scene/paint/Color
staticfield javafx/scene/paint/Color DARKOLIVEGREEN Ljavafx/scene/paint/Color; javafx/scene/paint/Color
staticfield javafx/scene/paint/Color DARKORANGE Ljavafx/scene/paint/Color; javafx/scene/paint/Color
staticfield javafx/scene/paint/Color DARKORCHID Ljavafx/scene/paint/Color; javafx/scene/paint/Color
staticfield javafx/scene/paint/Color DARKRED Ljavafx/scene/paint/Color; javafx/scene/paint/Color
staticfield javafx/scene/paint/Color DARKSALMON Ljavafx/scene/paint/Color; javafx/scene/paint/Color
staticfield javafx/scene/paint/Color DARKSEAGREEN Ljavafx/scene/paint/Color; javafx/scene/paint/Color
staticfield javafx/scene/paint/Color DARKSLATEBLUE Ljavafx/scene/paint/Color; javafx/scene/paint/Color
staticfield javafx/scene/paint/Color DARKSLATEGRAY Ljavafx/scene/paint/Color; javafx/scene/paint/Color
staticfield javafx/scene/paint/Color DARKSLATEGREY Ljavafx/scene/paint/Color; javafx/scene/paint/Color
staticfield javafx/scene/paint/Color DARKTURQUOISE Ljavafx/scene/paint/Color; javafx/scene/paint/Color
staticfield javafx/scene/paint/Color DARKVIOLET Ljavafx/scene/paint/Color; javafx/scene/paint/Color
staticfield javafx/scene/paint/Color DEEPPINK Ljavafx/scene/paint/Color; javafx/scene/paint/Color
staticfield javafx/scene/paint/Color DEEPSKYBLUE Ljavafx/scene/paint/Color; javafx/scene/paint/Color
staticfield javafx/scene/paint/Color DIMGRAY Ljavafx/scene/paint/Color; javafx/scene/paint/Color
staticfield javafx/scene/paint/Color DIMGREY Ljavafx/scene/paint/Color; javafx/scene/paint/Color
staticfield javafx/scene/paint/Color DODGERBLUE Ljavafx/scene/paint/Color; javafx/scene/paint/Color
staticfield javafx/scene/paint/Color FIREBRICK Ljavafx/scene/paint/Color; javafx/scene/paint/Color
staticfield javafx/scene/paint/Color FLORALWHITE Ljavafx/scene/paint/Color; javafx/scene/paint/Color
staticfield javafx/scene/paint/Color FORESTGREEN Ljavafx/scene/paint/Color; javafx/scene/paint/Color
staticfield javafx/scene/paint/Color FUCHSIA Ljavafx/scene/paint/Color; javafx/scene/paint/Color
staticfield javafx/scene/paint/Color GAINSBORO Ljavafx/scene/paint/Color; javafx/scene/paint/Color
staticfield javafx/scene/paint/Color GHOSTWHITE Ljavafx/scene/paint/Color; javafx/scene/paint/Color
staticfield javafx/scene/paint/Color GOLD Ljavafx/scene/paint/Color; javafx/scene/paint/Color
staticfield javafx/scene/paint/Color GOLDENROD Ljavafx/scene/paint/Color; javafx/scene/paint/Color
staticfield javafx/scene/paint/Color GRAY Ljavafx/scene/paint/Color; javafx/scene/paint/Color
staticfield javafx/scene/paint/Color GREEN Ljavafx/scene/paint/Color; javafx/scene/paint/Color
staticfield javafx/scene/paint/Color GREENYELLOW Ljavafx/scene/paint/Color; javafx/scene/paint/Color
staticfield javafx/scene/paint/Color GREY Ljavafx/scene/paint/Color; javafx/scene/paint/Color
staticfield javafx/scene/paint/Color HONEYDEW Ljavafx/scene/paint/Color; javafx/scene/paint/Color
staticfield javafx/scene/paint/Color HOTPINK Ljavafx/scene/paint/Color; javafx/scene/paint/Color
staticfield javafx/scene/paint/Color INDIANRED Ljavafx/scene/paint/Color; javafx/scene/paint/Color
staticfield javafx/scene/paint/Color INDIGO Ljavafx/scene/paint/Color; javafx/scene/paint/Color
staticfield javafx/scene/paint/Color IVORY Ljavafx/scene/paint/Color; javafx/scene/paint/Color
staticfield javafx/scene/paint/Color KHAKI Ljavafx/scene/paint/Color; javafx/scene/paint/Color
staticfield javafx/scene/paint/Color LAVENDER Ljavafx/scene/paint/Color; javafx/scene/paint/Color
staticfield javafx/scene/paint/Color LAVENDERBLUSH Ljavafx/scene/paint/Color; javafx/scene/paint/Color
staticfield javafx/scene/paint/Color LAWNGREEN Ljavafx/scene/paint/Color; javafx/scene/paint/Color
staticfield javafx/scene/paint/Color LEMONCHIFFON Ljavafx/scene/paint/Color; javafx/scene/paint/Color
staticfield javafx/scene/paint/Color LIGHTBLUE Ljavafx/scene/paint/Color; javafx/scene/paint/Color
staticfield javafx/scene/paint/Color LIGHTCORAL Ljavafx/scene/paint/Color; javafx/scene/paint/Color
staticfield javafx/scene/paint/Color LIGHTCYAN Ljavafx/scene/paint/Color; javafx/scene/paint/Color
staticfield javafx/scene/paint/Color LIGHTGOLDENRODYELLOW Ljavafx/scene/paint/Color; javafx/scene/paint/Color
staticfield javafx/scene/paint/Color LIGHTGRAY Ljavafx/scene/paint/Color; javafx/scene/paint/Color
staticfield javafx/scene/paint/Color LIGHTGREEN Ljavafx/scene/paint/Color; javafx/scene/paint/Color
staticfield javafx/scene/paint/Color LIGHTGREY Ljavafx/scene/paint/Color; javafx/scene/paint/Color
staticfield javafx/scene/paint/Color LIGHTPINK Ljavafx/scene/paint/Color; javafx/scene/paint/Color
staticfield javafx/scene/paint/Color LIGHTSALMON Ljavafx/scene/paint/Color; javafx/scene/paint/Color
staticfield javafx/scene/paint/Color LIGHTSEAGREEN Ljavafx/scene/paint/Color; javafx/scene/paint/Color
staticfield javafx/scene/paint/Color LIGHTSKYBLUE Ljavafx/scene/paint/Color; javafx/scene/paint/Color
staticfield javafx/scene/paint/Color LIGHTSLATEGRAY Ljavafx/scene/paint/Color; javafx/scene/paint/Color
staticfield javafx/scene/paint/Color LIGHTSLATEGREY Ljavafx/scene/paint/Color; javafx/scene/paint/Color
staticfield javafx/scene/paint/Color LIGHTSTEELBLUE Ljavafx/scene/paint/Color; javafx/scene/paint/Color
staticfield javafx/scene/paint/Color LIGHTYELLOW Ljavafx/scene/paint/Color; javafx/scene/paint/Color
staticfield javafx/scene/paint/Color LIME Ljavafx/scene/paint/Color; javafx/scene/paint/Color
staticfield javafx/scene/paint/Color LIMEGREEN Ljavafx/scene/paint/Color; javafx/scene/paint/Color
staticfield javafx/scene/paint/Color LINEN Ljavafx/scene/paint/Color; javafx/scene/paint/Color
staticfield javafx/scene/paint/Color MAGENTA Ljavafx/scene/paint/Color; javafx/scene/paint/Color
staticfield javafx/scene/paint/Color MAROON Ljavafx/scene/paint/Color; javafx/scene/paint/Color
staticfield javafx/scene/paint/Color MEDIUMAQUAMARINE Ljavafx/scene/paint/Color; javafx/scene/paint/Color
staticfield javafx/scene/paint/Color MEDIUMBLUE Ljavafx/scene/paint/Color; javafx/scene/paint/Color
staticfield javafx/scene/paint/Color MEDIUMORCHID Ljavafx/scene/paint/Color; javafx/scene/paint/Color
staticfield javafx/scene/paint/Color MEDIUMPURPLE Ljavafx/scene/paint/Color; javafx/scene/paint/Color
staticfield javafx/scene/paint/Color MEDIUMSEAGREEN Ljavafx/scene/paint/Color; javafx/scene/paint/Color
staticfield javafx/scene/paint/Color MEDIUMSLATEBLUE Ljavafx/scene/paint/Color; javafx/scene/paint/Color
staticfield javafx/scene/paint/Color MEDIUMSPRINGGREEN Ljavafx/scene/paint/Color; javafx/scene/paint/Color
staticfield javafx/scene/paint/Color MEDIUMTURQUOISE Ljavafx/scene/paint/Color; javafx/scene/paint/Color
staticfield javafx/scene/paint/Color MEDIUMVIOLETRED Ljavafx/scene/paint/Color; javafx/scene/paint/Color
staticfield javafx/scene/paint/Color MIDNIGHTBLUE Ljavafx/scene/paint/Color; javafx/scene/paint/Color
staticfield javafx/scene/paint/Color MINTCREAM Ljavafx/scene/paint/Color; javafx/scene/paint/Color
staticfield javafx/scene/paint/Color MISTYROSE Ljavafx/scene/paint/Color; javafx/scene/paint/Color
staticfield javafx/scene/paint/Color MOCCASIN Ljavafx/scene/paint/Color; javafx/scene/paint/Color
staticfield javafx/scene/paint/Color NAVAJOWHITE Ljavafx/scene/paint/Color; javafx/scene/paint/Color
staticfield javafx/scene/paint/Color NAVY Ljavafx/scene/paint/Color; javafx/scene/paint/Color
staticfield javafx/scene/paint/Color OLDLACE Ljavafx/scene/paint/Color; javafx/scene/paint/Color
staticfield javafx/scene/paint/Color OLIVE Ljavafx/scene/paint/Color; javafx/scene/paint/Color
staticfield javafx/scene/paint/Color OLIVEDRAB Ljavafx/scene/paint/Color; javafx/scene/paint/Color
staticfield javafx/scene/paint/Color ORANGE Ljavafx/scene/paint/Color; javafx/scene/paint/Color
staticfield javafx/scene/paint/Color ORANGERED Ljavafx/scene/paint/Color; javafx/scene/paint/Color
staticfield javafx/scene/paint/Color ORCHID Ljavafx/scene/paint/Color; javafx/scene/paint/Color
staticfield javafx/scene/paint/Color PALEGOLDENROD Ljavafx/scene/paint/Color; javafx/scene/paint/Color
staticfield javafx/scene/paint/Color PALEGREEN Ljavafx/scene/paint/Color; javafx/scene/paint/Color
staticfield javafx/scene/paint/Color PALETURQUOISE Ljavafx/scene/paint/Color; javafx/scene/paint/Color
staticfield javafx/scene/paint/Color PALEVIOLETRED Ljavafx/scene/paint/Color; javafx/scene/paint/Color
staticfield javafx/scene/paint/Color PAPAYAWHIP Ljavafx/scene/paint/Color; javafx/scene/paint/Color
staticfield javafx/scene/paint/Color PEACHPUFF Ljavafx/scene/paint/Color; javafx/scene/paint/Color
staticfield javafx/scene/paint/Color PERU Ljavafx/scene/paint/Color; javafx/scene/paint/Color
staticfield javafx/scene/paint/Color PINK Ljavafx/scene/paint/Color; javafx/scene/paint/Color
staticfield javafx/scene/paint/Color PLUM Ljavafx/scene/paint/Color; javafx/scene/paint/Color
staticfield javafx/scene/paint/Color POWDERBLUE Ljavafx/scene/paint/Color; javafx/scene/paint/Color
staticfield javafx/scene/paint/Color PURPLE Ljavafx/scene/paint/Color; javafx/scene/paint/Color
staticfield javafx/scene/paint/Color RED Ljavafx/scene/paint/Color; javafx/scene/paint/Color
staticfield javafx/scene/paint/Color ROSYBROWN Ljavafx/scene/paint/Color; javafx/scene/paint/Color
staticfield javafx/scene/paint/Color ROYALBLUE Ljavafx/scene/paint/Color; javafx/scene/paint/Color
staticfield javafx/scene/paint/Color SADDLEBROWN Ljavafx/scene/paint/Color; javafx/scene/paint/Color
staticfield javafx/scene/paint/Color SALMON Ljavafx/scene/paint/Color; javafx/scene/paint/Color
staticfield javafx/scene/paint/Color SANDYBROWN Ljavafx/scene/paint/Color; javafx/scene/paint/Color
staticfield javafx/scene/paint/Color SEAGREEN Ljavafx/scene/paint/Color; javafx/scene/paint/Color
staticfield javafx/scene/paint/Color SEASHELL Ljavafx/scene/paint/Color; javafx/scene/paint/Color
staticfield javafx/scene/paint/Color SIENNA Ljavafx/scene/paint/Color; javafx/scene/paint/Color
staticfield javafx/scene/paint/Color SILVER Ljavafx/scene/paint/Color; javafx/scene/paint/Color
staticfield javafx/scene/paint/Color SKYBLUE Ljavafx/scene/paint/Color; javafx/scene/paint/Color
staticfield javafx/scene/paint/Color SLATEBLUE Ljavafx/scene/paint/Color; javafx/scene/paint/Color
staticfield javafx/scene/paint/Color SLATEGRAY Ljavafx/scene/paint/Color; javafx/scene/paint/Color
staticfield javafx/scene/paint/Color SLATEGREY Ljavafx/scene/paint/Color; javafx/scene/paint/Color
staticfield javafx/scene/paint/Color SNOW Ljavafx/scene/paint/Color; javafx/scene/paint/Color
staticfield javafx/scene/paint/Color SPRINGGREEN Ljavafx/scene/paint/Color; javafx/scene/paint/Color
staticfield javafx/scene/paint/Color STEELBLUE Ljavafx/scene/paint/Color; javafx/scene/paint/Color
staticfield javafx/scene/paint/Color TAN Ljavafx/scene/paint/Color; javafx/scene/paint/Color
staticfield javafx/scene/paint/Color TEAL Ljavafx/scene/paint/Color; javafx/scene/paint/Color
staticfield javafx/scene/paint/Color THISTLE Ljavafx/scene/paint/Color; javafx/scene/paint/Color
staticfield javafx/scene/paint/Color TOMATO Ljavafx/scene/paint/Color; javafx/scene/paint/Color
staticfield javafx/scene/paint/Color TURQUOISE Ljavafx/scene/paint/Color; javafx/scene/paint/Color
staticfield javafx/scene/paint/Color VIOLET Ljavafx/scene/paint/Color; javafx/scene/paint/Color
staticfield javafx/scene/paint/Color WHEAT Ljavafx/scene/paint/Color; javafx/scene/paint/Color
staticfield javafx/scene/paint/Color WHITE Ljavafx/scene/paint/Color; javafx/scene/paint/Color
staticfield javafx/scene/paint/Color WHITESMOKE Ljavafx/scene/paint/Color; javafx/scene/paint/Color
staticfield javafx/scene/paint/Color YELLOW Ljavafx/scene/paint/Color; javafx/scene/paint/Color
staticfield javafx/scene/paint/Color YELLOWGREEN Ljavafx/scene/paint/Color; javafx/scene/paint/Color
ciInstanceKlass java/lang/AssertionError 0 0 79 10 100 12 1 1 1 10 12 1 10 100 12 1 1 1 10 100 1 100 1 10 12 1 1 10 12 1 10 12 1 10 12 1 10 12 1 10 12 1 10 12 1 10 12 1 1 1 1 5 0 1 1 1 1 1 1 1 1 1 1 100 1 1 1 1 1 1 1 1 1 1 1 1 1 1 1 1 1
instanceKlass javafx/scene/control/ListCell$4
instanceKlass com/sun/javafx/scene/control/inputmap/InputMap$1
instanceKlass javafx/scene/Scene$FocusOwnerProperty
instanceKlass javafx/scene/Node$ReadOnlyObjectWrapperManualFire
instanceKlass javafx/scene/Node$2
instanceKlass javafx/scene/Scene$3
instanceKlass javafx/stage/Window$SceneModel
instanceKlass com/sun/javafx/application/preferences/PreferenceProperties$ColorSchemeProperty
ciInstanceKlass javafx/beans/property/ReadOnlyObjectWrapper 1 1 47 10 7 12 1 1 1 10 12 1 10 12 1 10 12 1 9 7 12 1 1 1 7 1 10 12 1 10 12 1 10 1 1 1 1 1 1 1 1 1 1 1 1 1 1 1 1
ciInstanceKlass javafx/collections/ObservableList 1 1 142 7 1 10 12 1 1 100 1 10 12 1 100 1 10 12 1 11 100 12 1 1 1 100 1 100 1 100 1 1 1 1 1 1 1 1 1 1 1 1 1 1 1 1 1 1 1 1 1 1 1 1 1 1 1 1 1 1 100 1 8 1 12 10 1 1 8 1 1 8 1 1 1 8 1 1 8 1 1 1 8 1 1 1 8 1 1 8 1 1 1 8 1 1 8 1 1 8 1 1 1 8 1 1 1 8 1 1 8 1 1 1 8 1 1 8 1 1 8 1 8 1 1 1 8 1 8 1 8 1 1 1 8 1 1 8 1 1 8 1 1 8
ciInstanceKlass javafx/collections/ObservableSet 1 0 74 100 1 100 1 100 1 100 1 1 1 1 1 1 1 1 1 1 100 1 8 1 1 12 10 1 1 1 8 1 1 1 8 1 1 1 8 1 1 1 8 1 1 8 1 1 1 8 1 1 8 1 1 1 8 1 1 8 1 1 1 8 1 1 8 1 1 8 1 1 8 1 1 8
ciInstanceKlass javafx/event/EventTarget 1 1 24 100 1 10 12 1 1 100 1 100 1 1 1 1 1 1 1 1 1 1 1 1 1 1
instanceKlass com/sun/javafx/stage/EmbeddedWindow
instanceKlass javafx/stage/PopupWindow
instanceKlass javafx/stage/Stage
ciInstanceKlass javafx/stage/Window 1 1 682 10 7 12 1 1 1 9 100 12 1 1 1 10 100 12 1 1 1 9 7 12 1 1 1 10 7 12 1 1 1 9 12 1 1 10 7 12 1 1 1 9 12 1 1 7 1 10 12 1 9 12 1 1 9 12 1 1 7 1 8 1 10 12 1 9 12 1 8 1 9 12 7 1 8 1 10 12 1 9 12 1 7 1 8 1 10 12 1 9 12 1 7 1 8 1 10 9 12 9 12 1 8 1 7 1 6 0 9 12 9 12 1 8 1 9 12 9 12 1 8 1 9 12 9 12 1 8 1 9 12 7 1 10 9 12 1 1 7 1 10 9 12 1 1 7 1 10 9 12 1 9 12 1 7 1 10 7 12 1 1 1 10 12 1 9 12 1 1 10 12 1 10 7 12 1 1 9 12 1 1 9 12 1 1 10 12 1 1 10 100 12 1 1 1 10 12 1 1 10 7 12 1 1 1 6 0 10 10 12 1 10 10 12 1 1 10 12 1 10 12 1 10 12 1 1 10 7 12 1 1 10 6 0 10 12 1 10 6 0 10 12 1 1 4 4 10 12 1 1 10 12 1 1 10 7 12 1 1 1 10 7 12 1 1 10 100 12 1 1 1 10 10 12 10 12 1 1 10 12 10 10 12 1 10 12 1 1 10 12 1 10 12 1 10 12 1 10 12 1 10 7 1 11 7 12 1 1 10 10 12 1 9 12 1 1 100 1 10 10 7 12 1 1 1 11 100 12 1 1 10 12 1 1 9 12 1 1 11 12 1 1 11 12 1 10 12 10 12 1 10 12 1 10 12 1 1 9 12 1 100 1 10 12 1 10 12 1 1 10 7 1 9 12 1 1 10 100 1 100 1 10 10 12 1 9 12 1 100 1 10 10 12 1 9 12 1 100 1 10 10 12 1 9 12 1 100 1 10 10 12 1 9 12 1 100 1 10 10 7 12 1 1 1 10 12 1 10 12 1 10 12 1 1 10 7 12 1 1 1 9 12 1 100 1 10 10 12 1 7 1 9 12 1 10 12 1 1 10 7 12 1 1 1 10 7 12 1 1 1 10 12 1 10 12 1 10 12 1 10 12 1 9 12 1 1 10 12 1 7 1 8 10 12 1 10 10 7 12 1 1 1 11 7 12 1 1 1 9 12 1 1 10 12 1 11 12 1 11 12 1 10 12 1 10 12 1 10 12 1 1 10 12 1 10 12 10 100 12 1 1 1 10 12 1 1 10 10 12 1 1 10 10 7 12 1 1 10 12 1 1 9 12 1 10 12 1 1 7 1 10 10 12 1 1 100 1 1 1 1 1 1 1 1 1 1 1 1 1 1 1 1 1 1 1 1 1 1 1 1 1 1 1 1 1 1 1 1 1 1 1 1 1 1 1 1 1 1 1 1 1 1 1 1 1 1 1 1 1 1 1 1 1 1 1 1 1 1 1 1 1 1 1 1 1 1 1 1 1 1 1 1 1 1 1 1 1 1 1 1 1 1 1 1 1 1 1 1 1 1 1 1 1 1 1 1 1 1 1 100 1 1
staticfield javafx/stage/Window USER_DATA_KEY Ljava/lang/Object; java/lang/Object
staticfield javafx/stage/Window $assertionsDisabled Z 1
ciInstanceKlass javafx/css/Styleable 1 1 27 100 1 100 1 1 1 1 1 1 1 1 1 1 1 1 1 1 1 1 1 1 1 1 1 1 1
instanceKlass javafx/scene/shape/Shape3D
instanceKlass javafx/scene/SubScene
instanceKlass javafx/scene/image/ImageView
instanceKlass javafx/scene/shape/Shape
instanceKlass javafx/scene/Camera
instanceKlass javafx/scene/Parent
ciInstanceKlass javafx/scene/Node 1 1 3335 7 1 10 7 12 1 1 1 10 12 1 1 9 12 1 1 11 7 12 1 1 1 10 12 1 1 10 7 12 1 1 1 10 12 1 1 10 7 12 1 1 11 12 1 11 12 1 11 12 1 11 12 1 9 12 1 1 9 7 12 1 1 1 10 12 1 1 9 12 1 10 7 12 1 1 10 12 1 10 12 1 1 10 12 1 9 12 1 9 12 1 9 12 1 9 12 1 10 12 1 1 10 12 1 9 12 1 1 9 7 12 1 1 1 10 12 1 1 9 12 1 10 12 1 10 12 1 1 9 7 12 1 1 9 12 1 10 12 1 1 10 7 12 1 1 1 10 7 12 1 1 10 7 1 10 12 1 18 12 1 1 10 7 12 1 1 1 9 12 1 10 12 1 1 9 12 1 10 12 1 1 10 12 1 1 10 12 1 1 10 12 1 1 9 12 1 10 12 1 10 7 12 1 1 1 10 12 1 1 9 12 1 10 12 1 10 12 1 1 10 12 1 1 9 12 1 10 12 1 1 9 12 1 10 12 1 1 10 7 12 1 1 1 10 12 1 9 12 1 10 12 1 10 12 1 1 10 12 1 10 12 1 1 9 12 1 10 12 1 10 12 1 9 12 1 10 12 1 1 10 12 1 1 10 12 1 1 9 12 1 1 7 1 10 12 1 10 7 12 1 1 1 11 7 1 10 12 1 1 9 12 1 1 11 12 1 1 11 12 1 1 10 12 1 1 10 7 12 1 1 1 9 12 1 1 10 12 1 7 1 10 12 1 1 7 1 10 12 10 12 1 10 7 1 9 12 1 1 10 12 1 1 10 12 1 10 12 1 10 12 1 10 12 1 1 10 12 1 1 10 12 1 9 12 1 1 10 12 1 10 12 1 10 12 1 1 10 12 1 9 12 1 1 10 7 12 1 1 9 12 1 1 10 12 1 1 10 100 12 1 1 10 10 12 1 10 12 1 10 10 10 10 12 1 1 10 7 1 9 12 1 1 10 7 1 10 9 12 1 1 10 12 1 9 12 1 8 1 7 1 10 12 1 10 12 1 1 10 7 12 1 9 12 1 1 10 12 7 1 10 12 1 10 12 1 1 10 7 1 9 12 1 1 9 12 1 1 10 7 12 1 1 1 10 12 1 1 10 10 12 1 1 10 7 12 1 9 12 1 1 10 12 100 1 10 12 1 10 12 1 9 12 1 1 10 100 1 100 1 10 12 1 10 12 1 9 12 1 1 10 10 10 12 1 10 10 10 12 1 9 12 1 1 10 10 10 12 1 9 12 1 1 10 10 10 12 1 9 12 1 1 10 12 1 1 10 10 9 7 12 1 1 10 9 12 1 10 12 1 9 12 1 10 12 1 10 12 1 10 10 12 1 9 12 1 7 1 8 10 12 1 10 12 1 1 10 7 1 9 12 1 1 10 10 12 1 7 1 10 10 10 12 1 10 10 12 1 10 10 100 12 1 1 1 10 12 1 1 10 100 12 1 1 1 10 12 1 1 100 1 10 12 1 100 1 10 11 7 1 10 12 1 10 12 1 10 12 1 1 10 12 1 1 10 100 12 1 1 10 12 1 1 10 12 1 1 9 12 1 1 9 7 12 1 1 10 12 1 10 12 1 10 12 1 1 11 7 12 1 1 1 11 12 1 10 12 1 10 12 1 10 12 1 10 12 1 10 12 1 10 12 1 10 12 10 100 12 1 1 1 100 1 10 10 100 12 1 1 1 10 12 1 1 10 100 12 1 1 10 12 1 10 12 1 10 12 1 10 7 12 1 1 1 9 12 1 10 7 12 1 1 10 12 10 12 10 12 10 12 1 10 12 1 1 10 12 1 1 10 12 1 1 10 7 12 1 1 1 10 12 1 10 10 10 12 1 1 10 10 12 1 10 10 12 1 1 10 12 1 100 1 8 1 10 12 10 12 1 1 18 12 1 1 10 12 1 1 10 12 1 9 12 1 1 10 7 12 1 1 1 10 12 1 1 10 10 12 1 10 12 1 10 10 12 1 10 12 1 10 10 12 1 10 12 1 10 10 12 1 10 12 1 10 10 12 1 1 100 1 8 1 10 10 12 1 1 8 1 9 12 1 10 12 1 10 12 1 9 100 12 1 1 1 10 100 12 1 1 8 1 10 12 10 100 12 1 1 10 12 1 1 10 9 12 1 1 10 7 12 1 1 1 7 1 4 10 12 1 10 7 1 10 7 1 10 9 12 1 1 9 12 1 10 9 12 1 9 12 1 9 12 1 9 12 1 9 12 1 9 12 1 9 12 1 1 7 1 10 9 12 1 1 7 1 10 9 12 1 7 1 10 9 12 1 1 9 12 1 9 12 1 7 1 10 9 12 1 1 10 12 1 1 9 12 1 10 12 1 9 12 1 7 1 10 10 12 1 9 12 1 7 1 10 10 12 1 9 12 1 7 1 10 10 12 1 1 10 7 1 10 12 1 10 10 12 1 10 7 12 1 1 1 9 7 12 1 1 1 10 7 12 1 1 1 10 12 1 18 12 1 10 12 1 10 12 1 1 10 12 1 10 10 12 1 1 10 10 12 1 10 12 1 1 6 0 10 12 1 10 12 1 10 12 1 10 12 1 10 12 1 9 7 12 1 1 1 10 12 1 1 10 7 12 1 1 1 10 12 1 10 12 1 6 0 10 12 1 10 12 1 100 1 10 12 1 9 12 1 1 100 1 10 12 1 10 12 1 10 12 1 10 12 1 10 12 1 10 7 1 10 7 12 1 1 10 12 1 10 12 1 10 12 1 10 12 1 10 12 1 10 12 1 10 12 1 10 12 1 9 12 1 1 10 7 12 1 1 10 12 1 1 9 12 1 1 10 12 1 10 12 1 10 12 1 10 10 12 1 10 12 1 1 10 12 1 10 12 1 1 10 12 10 12 1 10 12 10 12 1 9 12 1 1 10 12 1 1 10 100 12 1 1 10 12 1 1 10 10 12 1 10 12 1 6 0 10 12 1 10 12 1 10 10 12 1 10 12 1 10 10 12 1 10 12 1 7 1 10 12 1 10 12 1 9 7 12 1 1 10 12 1 9 12 1 1 10 7 12 1 1 10 12 1 10 12 1 10 12 1 10 12 1 10 12 1 1 10 12 1 10 12 1 10 12 1 10 12 1 10 12 10 12 10 12 1 10 12 1 10 10 10 10 10 10 10 10 10 10 12 1 1 10 12 1 1 10 12 1 10 12 1 10 12 1 10 12 1 10 10 12 1 10 12 1 1 9 12 1 1 10 12 1 1 7 1 10 12 1 10 12 1 10 12 1 1 10 12 1 10 10 10 12 1 10 12 1 10 12 1 7 1 10 12 1 10 12 1 10 12 1 10 12 1 1 10 12 1 10 12 1 1 10 12 1 9 12 1 1 9 7 12 1 1 1 9 12 1 10 12 1 1 7 1 10 12 10 7 12 1 1 10 12 1 10 12 1 1 10 12 1 10 12 1 1 10 10 7 1 10 10 10 12 1 1 10 12 10 100 12 1 1 1 10 12 1 1 10 7 1 10 10 12 1 10 12 1 1 10 7 12 1 1 1 10 12 10 12 1 10 12 10 12 1 10 12 1 10 12 1 10 12 9 12 9 12 10 12 10 12 1 10 12 1 1 10 12 10 12 10 12 1 1 10 7 12 1 1 10 7 12 1 1 1 10 12 1 10 12 10 12 10 12 1 10 12 1 10 12 1 10 12 1 10 12 1 10 12 10 12 10 12 10 12 1 10 12 10 12 10 12 10 12 1 9 12 1 10 12 1 10 12 1 10 12 1 10 12 10 10 10 10 12 1 10 12 1 1 10 12 1 1 10 12 1 10 12 1 10 12 1 10 12 1 10 12 1 10 12 1 10 12 1 10 12 1 10 12 1 10 12 1 10 12 1 10 12 10 12 1 10 12 1 1 10 12 1 1 10 12 1 10 12 1 11 12 1 1 11 7 12 1 1 11 12 1 10 12 1 1 10 12 1 1 10 12 1 10 10 10 10 10 12 10 12 10 12 1 10 12 1 10 7 12 1 1 1 10 12 1 10 12 1 10 12 1 1 10 12 1 10 12 1 10 12 1 1 10 7 12 1 1 1 10 12 1 1 10 12 1 1 10 12 1 10 10 6 0 6 0 10 12 1 6 0 6 0 10 12 1 10 10 10 12 1 10 12 1 1 10 10 12 1 10 10 10 12 1 10 10 10 12 1 10 10 10 12 1 10 10 10 12 1 10 10 10 12 1 10 10 10 12 1 10 10 10 12 1 9 12 1 1 10 10 10 12 1 10 10 10 12 1 10 10 10 10 9 12 1 1 9 100 12 1 1 10 12 1 1 10 7 12 1 1 1 10 12 1 10 12 1 9 12 1 9 7 12 1 1 7 1 10 12 1 10 12 1 1 9 12 1 9 12 1 9 12 1 1 7 1 10 10 12 1 1 10 12 1 10 12 1 1 10 12 1 10 10 12 1 10 12 1 10 12 1 10 12 1 10 12 1 10 12 1 10 10 12 1 10 10 10 12 1 9 12 1 7 1 10 10 12 1 9 12 1 7 1 10 10 12 1 10 12 1 10 10 12 1 10 12 1 10 10 12 1 10 12 1 10 10 12 1 10 12 1 10 10 12 1 10 12 1 10 10 12 1 10 12 1 10 10 12 1 10 12 1 10 10 12 1 10 12 1 10 10 12 1 10 12 1 10 10 12 1 10 12 1 10 10 12 1 10 12 1 10 10 12 1 10 12 1 10 10 12 1 10 12 1 10 10 12 1 10 12 1 10 10 12 1 10 12 1 10 10 12 1 10 12 1 10 10 12 1 10 12 1 10 10 12 1 10 12 1 10 10 12 1 10 12 1 10 10 12 1 10 12 1 10 10 12 1 10 12 1 10 10 12 1 10 12 1 10 10 12 1 10 12 1 10 10 12 1 10 12 1 10 10 12 1 10 12 1 10 10 12 1 10 12 1 10 10 12 1 10 12 1 10 10 12 1 10 12 1 10 10 12 1 10 12 1 10 10 12 1 10 12 1 10 10 12 1 10 12 1 10 10 12 1 10 12 1 10 10 12 1 10 12 1 10 10 12 1 10 12 1 10 10 12 1 9 12 1 1 10 12 1 1 10 10 7 1 10 12 1 10 10 9 12 1 1 10 12 1 1 10 12 1 10 12 1 1 10 10 12 1 9 12 1 7 1 10 10 12 1 10 12 1 10 12 1 10 12 1 1 10 12 1 1 10 12 1 1 100 1 10 10 12 1 10 12 1 11 10 12 1 1 10 12 1 10 100 12 1 1 10 12 1 8 1 8 1 8 1 8 1 10 12 1 10 10 7 12 1 1 1 9 12 1 1 10 12 1 10 12 1 9 12 1 10 12 1 1 9 12 1 9 12 1 10 12 1 9 12 1 9 12 1 9 12 1 1 9 7 12 1 9 12 1 10 12 1 1 10 12 1 10 12 1 10 12 1 1 10 10 12 1 10 12 1 10 12 1 10 12 1 10 12 1 9 12 1 1 10 7 1 10 12 10 7 1 10 10 10 12 1 18 12 1 10 12 1 9 12 1 7 1 10 10 12 1 7 1 10 9 12 1 10 7 12 1 1 1 10 12 1 10 12 1 10 12 1 10 12 1 9 12 1 1 10 12 1 7 1 8 10 12 1 10 12 9 12 1 1 18 12 1 1 11 7 12 1 1 1 10 12 1 1 7 1 10 12 1 9 12 1 10 7 1 10 9 12 1 9 12 1 10 12 1 10 12 1 10 12 1 1 10 12 1 1 10 7 1 10 12 1 9 100 12 1 1 1 9 7 12 1 1 1 10 12 1 1 10 7 12 1 1 1 8 1 10 12 1 10 12 1 11 12 10 12 1 1 9 12 9 12 1 10 12 1 11 7 1 11 9 12 1 1 10 12 1 1 10 12 1 9 12 1 10 9 10 9 10 12 1 1 9 12 1 10 12 1 10 12 10 12 1 1 11 11 9 7 12 1 1 1 10 12 1 10 12 1 10 12 1 9 7 12 1 1 1 10 12 1 9 12 1 8 10 12 1 9 12 1 1 9 100 12 1 1 10 12 1 1 10 12 1 10 12 1 9 12 1 10 12 1 10 12 1 9 12 1 10 12 1 10 9 12 1 10 100 1 10 12 1 1 10 12 10 12 10 12 10 12 10 12 1 1 10 12 1 9 12 1 10 100 1 10 12 100 1 9 12 1 100 1 10 12 1 10 12 1 10 12 1 1 10 12 1 1 10 100 12 1 1 1 10 12 1 1 100 1 10 10 12 1 11 12 1 10 12 1 1 100 1 10 12 1 11 100 12 1 1 100 1 7 1 8 1 10 12 1 1 8 1 10 7 12 1 1 7 1 10 10 12 1 1 9 7 12 1 1 9 7 12 1 1 8 10 7 12 1 1 1 9 12 1 1 8 9 12 1 8 9 12 1 8 9 12 1 8 1 9 12 1 8 1 9 12 1 8 1 9 12 1 18 12 1 100 1 100 1 1 1 1 1 1 1 1 1 1 1 1 1 6 0 1 1 1 6 0 1 1 1 1 1 3 1 3 1 1 1 3 1 1 1 1 1 1 1 1 1 1 1 1 1 100 1 100 1 1 1 1 1 1 1 1 1 1 1 1 1 1 1 1 100 1 1 1 1 1 1 1 1 1 1 1 100 1 1 1 1 1 1 1 1 1 1 1 1 1 1 100 1 1 1 1 1 1 1 100 1 1 1 1 1 1 1 1 1 1 1 1 1 1 1 1 1 1 1 1 1 1 1 1 1 1 1 1 1 1 1 1 1 1 1 1 1 1 1 1 1 1 1 1 1 1 1 1 1 1 1 1 1 1 1 1 1 1 1 1 1 1 1 1 1 1 1 1 1 1 1 1 1 1 1 1 1 1 1 1 1 1 1 1 1 1 1 1 1 1 1 1 1 1 1 1 1 1 1 1 1 1 1 1 1 1 1 1 1 1 1 1 1 1 1 1 1 1 1 1 1 1 1 1 1 1 100 1 1 1 1 1 1 1 1 1 1 1 1 1 100 1 1 1 1 1 1 1 1 1 1 1 1 1 1 1 1 1 1 1 1 1 1 1 1 1 100 1 1 1 1 1 1 1 1 1 1 1 1 1 1 1 1 1 1 1 1 1 1 1 1 1 1 1 1 1 1 1 1 1 1 1 1 1 1 1 1 1 1 100 1 100 1 100 1 100 1 100 1 100 1 100 1 100 1 100 1 100 1 100 1 100 1 100 1 100 1 100 1 100 1 100 1 100 1 100 1 100 1 100 1 100 1 100 1 100 1 100 1 100 1 100 1 100 1 100 1 100 1 100 1 100 1 100 1 100 1 100 1 100 1 100 1 100 1 1 8 1 16 15 10 12 8 1 8 1 16 15 10 12 16 15 10 12 15 10 100 12 1 1 15 10 7 12 1 1 1 1 100 1 1 1 1 1 1 1 1 1 1 1 1 1 1 100 1 1 100 1 1 1 100 1 100 1 1
staticfield javafx/scene/Node USER_DATA_KEY Ljava/lang/Object; java/lang/Object
staticfield javafx/scene/Node DEFAULT_ROTATION_AXIS Ljavafx/geometry/Point3D; javafx/geometry/Point3D
staticfield javafx/scene/Node DEFAULT_CACHE_HINT Ljavafx/scene/CacheHint; javafx/scene/CacheHint
staticfield javafx/scene/Node DEFAULT_CLIP Ljavafx/scene/Node; null
staticfield javafx/scene/Node DEFAULT_CURSOR Ljavafx/scene/Cursor; null
staticfield javafx/scene/Node DEFAULT_DEPTH_TEST Ljavafx/scene/DepthTest; javafx/scene/DepthTest
staticfield javafx/scene/Node DEFAULT_EFFECT Ljavafx/scene/effect/Effect; null
staticfield javafx/scene/Node DEFAULT_INPUT_METHOD_REQUESTS Ljavafx/scene/input/InputMethodRequests; null
staticfield javafx/scene/Node HOVER_PSEUDOCLASS_STATE Ljavafx/css/PseudoClass; com/sun/javafx/css/PseudoClassImpl
staticfield javafx/scene/Node PRESSED_PSEUDOCLASS_STATE Ljavafx/css/PseudoClass; com/sun/javafx/css/PseudoClassImpl
staticfield javafx/scene/Node DISABLED_PSEUDOCLASS_STATE Ljavafx/css/PseudoClass; com/sun/javafx/css/PseudoClassImpl
staticfield javafx/scene/Node FOCUSED_PSEUDOCLASS_STATE Ljavafx/css/PseudoClass; com/sun/javafx/css/PseudoClassImpl
staticfield javafx/scene/Node FOCUS_VISIBLE_PSEUDOCLASS_STATE Ljavafx/css/PseudoClass; com/sun/javafx/css/PseudoClassImpl
staticfield javafx/scene/Node FOCUS_WITHIN_PSEUDOCLASS_STATE Ljavafx/css/PseudoClass; com/sun/javafx/css/PseudoClassImpl
staticfield javafx/scene/Node SHOW_MNEMONICS_PSEUDOCLASS_STATE Ljavafx/css/PseudoClass; com/sun/javafx/css/PseudoClassImpl
staticfield javafx/scene/Node boundsAccessor Lcom/sun/javafx/scene/BoundsAccessor; javafx/scene/Node$$Lambda+0x000001de14126390
instanceKlass javafx/scene/Group
instanceKlass javafx/scene/layout/Region
ciInstanceKlass javafx/scene/Parent 1 1 900 10 7 12 1 1 1 7 1 10 7 12 1 1 1 10 12 1 1 11 7 12 1 1 1 9 12 1 1 9 100 12 1 1 1 18 12 1 1 10 100 12 1 1 1 9 7 12 1 1 1 10 12 1 1 9 12 1 10 12 1 1 9 12 1 1 11 7 1 11 12 1 1 7 1 10 10 12 1 1 9 12 1 1 10 12 1 1 9 12 1 1 11 12 1 11 10 12 1 1 11 12 1 9 12 1 10 12 1 9 12 1 10 12 1 1 10 12 1 18 10 12 1 1 10 7 12 1 1 1 18 12 1 18 100 1 8 1 10 12 1 1 11 12 1 1 11 7 12 1 1 11 12 1 1 18 12 1 9 12 1 10 7 12 1 1 11 10 12 1 1 11 12 1 1 18 12 1 1 10 100 12 1 1 1 9 12 1 9 12 1 7 1 10 12 10 12 1 11 12 1 10 12 1 9 12 1 1 11 100 12 1 1 8 1 9 12 1 11 12 1 11 11 12 1 10 7 12 1 1 1 10 12 1 1 10 12 1 1 9 12 1 1 9 7 12 1 1 10 7 12 1 1 10 7 1 9 12 1 10 9 12 1 10 12 1 10 12 1 1 10 12 1 10 12 1 10 12 1 1 10 7 12 1 1 10 12 1 1 10 7 12 1 1 1 10 12 1 1 10 12 1 10 12 1 1 10 12 1 1 10 12 1 10 12 1 1 10 12 1 1 9 12 1 1 10 12 1 1 9 12 1 9 12 1 10 12 1 1 9 12 1 1 100 1 8 10 12 1 9 12 1 10 12 1 10 7 12 1 1 1 10 12 1 10 12 1 1 10 12 1 10 12 1 10 12 1 9 12 1 10 9 12 1 6 0 9 12 1 1 9 12 1 9 12 1 9 12 1 10 12 1 1 10 12 1 10 12 1 10 12 1 10 12 1 1 10 7 12 1 1 10 12 1 10 7 12 1 1 1 10 12 1 10 12 1 10 12 1 10 12 1 1 10 12 1 10 12 1 10 12 1 10 12 1 10 12 1 10 12 1 10 10 10 12 1 6 0 9 12 1 1 9 7 12 1 1 1 10 12 1 10 12 1 10 12 1 10 12 1 10 12 1 10 12 1 9 12 1 10 7 12 1 1 1 11 10 12 9 12 1 1 9 7 12 1 9 12 10 12 1 10 12 1 1 11 12 1 1 7 1 9 12 1 9 10 12 1 1 10 12 10 7 1 10 7 1 7 1 10 12 10 12 1 10 7 12 1 1 1 7 1 10 10 12 1 7 1 10 9 12 1 1 9 12 1 9 7 12 1 1 1 10 12 1 1 10 10 12 1 10 7 12 1 1 1 10 7 12 1 1 9 12 1 10 12 1 9 12 1 1 10 9 12 1 10 12 1 10 12 1 10 12 1 10 12 10 12 1 10 12 1 10 12 1 10 12 1 10 12 1 10 12 1 10 12 1 1 10 12 1 6 0 6 0 10 12 1 10 12 1 1 10 9 12 1 10 10 10 12 1 1 9 12 1 9 12 1 9 12 1 9 12 1 9 12 1 9 12 1 9 12 1 1 10 12 1 1 10 12 1 10 12 1 1 10 12 1 9 12 1 10 12 1 10 12 1 10 12 1 10 100 12 1 1 9 12 1 1 9 100 12 1 1 1 9 12 1 10 12 1 1 100 1 10 12 1 9 12 1 10 100 1 10 12 1 1 10 12 1 1 10 12 1 8 1 10 7 12 1 1 1 9 12 1 7 1 10 10 12 1 1 1 1 3 1 3 1 1 1 1 1 1 1 1 3 1 3 1 3 1 3 1 3 1 3 1 1 1 1 1 1 1 1 1 1 1 1 1 1 100 1 1 1 1 1 1 1 1 1 1 1 1 1 1 1 1 1 1 1 1 1 1 1 1 1 1 1 1 1 1 1 1 1 1 1 1 1 1 1 1 1 8 1 8 1 8 1 8 1 8 1 16 1 15 10 12 16 15 10 100 12 1 1 15 10 100 12 1 1 1 1 100 1 1 100 1 100 1 1
staticfield javafx/scene/Parent warnOnAutoMove Z 0
instanceKlass javafx/scene/Scene$2$1
ciInstanceKlass javafx/scene/Scene 1 1 2502 7 1 6 0 9 7 12 1 1 1 9 7 12 1 1 1 10 12 1 1 10 7 12 1 1 1 10 12 1 1 10 7 12 1 1 1 10 100 12 1 1 1 8 1 10 12 1 1 10 7 12 1 1 9 12 1 1 9 12 1 9 12 1 1 7 1 10 7 12 1 1 1 9 12 1 1 10 7 12 1 1 1 9 12 1 1 7 1 10 12 1 9 12 1 1 9 12 1 1 7 1 10 9 12 1 1 7 1 10 9 12 1 1 9 12 1 1 7 1 10 9 12 1 1 9 12 1 9 12 1 9 12 1 7 1 10 9 12 1 1 9 12 1 1 9 12 1 1 9 12 1 1 9 12 1 7 1 10 9 12 1 1 18 12 1 1 9 12 1 1 9 12 1 7 1 10 9 12 1 1 7 1 10 9 12 1 1 9 12 1 1 7 1 10 9 12 1 1 9 12 1 9 12 1 100 1 8 1 10 12 9 7 12 1 1 1 10 7 12 1 1 1 8 1 10 12 1 10 12 1 1 10 12 1 10 12 1 1 18 12 1 1 9 7 12 1 1 1 10 12 1 1 9 7 12 1 1 9 12 1 9 12 1 9 12 1 10 7 12 1 1 9 12 1 100 1 8 1 10 12 1 9 12 1 1 9 12 1 9 12 1 1 10 12 1 7 1 10 7 12 1 1 1 10 12 1 1 9 7 12 1 1 1 9 7 12 1 1 9 7 12 1 1 1 10 12 1 1 10 12 1 10 12 1 10 12 1 8 1 9 12 1 100 1 10 11 100 12 1 1 1 11 12 1 9 12 1 10 12 1 1 10 7 12 1 1 9 12 1 1 10 12 1 1 7 1 10 12 1 1 7 1 10 9 12 1 10 10 12 1 1 10 7 12 1 1 1 9 12 1 10 100 12 1 1 8 1 10 7 12 1 1 10 12 1 1 10 12 1 10 12 1 11 7 12 1 1 1 8 1 7 1 10 11 7 12 1 1 1 7 1 10 11 12 1 1 8 1 10 12 1 11 12 1 10 12 1 1 10 12 1 1 11 12 1 10 12 1 1 10 7 12 1 1 1 10 7 1 7 1 11 12 1 1 11 12 1 8 1 10 12 1 1 7 1 10 10 12 1 1 7 1 10 10 12 1 1 8 1 8 1 10 12 1 9 12 1 1 10 12 1 10 12 1 10 100 12 1 1 11 8 1 10 12 1 1 10 7 12 1 1 9 12 1 1 10 12 1 10 12 1 8 10 12 1 10 12 1 9 12 1 8 10 12 1 9 12 1 7 1 10 10 12 1 9 12 1 7 1 10 10 12 1 10 12 1 1 10 7 1 9 12 1 10 100 1 10 10 12 1 100 1 9 12 1 1 7 1 10 10 12 1 10 12 1 10 12 1 10 12 1 10 12 1 9 12 1 1 10 12 1 10 12 1 9 12 1 10 12 1 9 12 1 7 1 7 1 10 12 1 10 12 1 9 12 1 7 1 10 11 12 1 10 12 1 10 12 1 10 12 1 10 12 1 11 12 1 11 12 1 10 12 1 11 12 1 100 1 10 10 100 12 1 1 1 10 12 1 10 12 1 1 100 1 10 12 1 10 10 9 12 9 12 9 12 9 12 9 12 1 1 9 10 9 12 1 9 12 1 1 10 12 1 10 12 1 9 12 1 9 12 1 11 12 1 11 12 1 1 100 1 11 12 1 100 1 10 10 12 1 1 11 100 12 1 1 1 9 12 1 10 12 1 1 11 12 1 1 10 12 1 9 100 12 1 1 10 12 1 1 9 12 1 1 9 12 1 9 12 1 9 12 1 18 12 1 1 10 12 1 18 12 1 1 10 12 1 8 1 18 12 1 10 12 1 1 10 12 1 9 12 1 100 1 7 1 10 10 12 1 1 100 1 8 10 12 1 100 1 10 12 1 10 12 1 10 12 1 10 12 1 10 12 1 1 18 12 1 1 7 1 10 9 12 1 1 7 1 10 9 12 1 1 18 10 12 1 10 12 1 10 12 1 10 12 1 10 12 1 1 10 7 1 10 12 1 10 12 1 10 12 1 10 12 1 10 10 12 1 8 1 10 12 1 1 10 12 1 1 10 12 1 9 100 12 1 1 1 10 12 1 10 12 1 10 12 1 10 12 1 1 10 12 1 10 12 1 10 12 1 10 12 1 1 10 12 1 1 10 12 1 10 12 1 1 10 12 1 6 0 10 12 1 6 0 10 12 1 1 10 7 12 1 1 100 1 9 12 1 10 12 1 10 7 12 1 1 1 10 100 12 1 1 1 9 100 12 1 1 9 100 12 1 1 9 100 12 1 1 9 12 1 1 9 12 1 10 12 1 10 100 1 100 1 10 12 1 1 10 9 12 1 9 12 1 9 12 1 100 1 10 12 1 10 12 1 10 12 9 12 1 1 10 12 1 10 12 1 9 12 1 10 100 12 1 1 1 10 100 12 1 1 1 9 100 12 1 1 1 10 12 1 1 10 100 12 1 1 9 12 1 9 12 1 9 12 1 10 100 12 1 1 1 10 12 1 10 12 1 10 12 1 10 12 1 10 12 1 10 12 1 10 12 1 10 100 12 1 1 11 100 12 1 1 1 9 12 1 1 11 12 1 7 1 100 1 6 0 6 0 10 12 1 10 12 1 1 10 12 1 10 12 1 7 1 10 12 1 1 9 100 12 1 1 1 10 12 1 1 10 12 1 1 10 7 12 1 1 10 12 1 10 12 1 1 10 12 1 7 1 9 12 9 12 9 12 1 10 12 1 10 12 1 10 12 1 1 10 12 1 1 10 12 1 1 10 7 12 1 1 1 10 12 1 10 12 1 10 12 1 9 12 1 9 12 1 10 12 1 1 10 12 1 9 100 12 1 1 1 10 12 1 1 10 12 1 1 10 7 12 1 1 1 10 7 12 1 1 10 12 1 1 10 100 12 1 1 1 10 7 12 1 1 1 10 12 1 9 100 12 1 1 1 9 100 12 1 1 1 10 10 100 12 1 1 1 10 12 1 1 10 12 1 1 10 12 1 10 10 9 12 1 1 10 12 1 11 12 1 10 9 12 1 10 7 12 1 10 12 1 10 12 1 10 12 1 11 12 1 10 12 1 9 12 1 1 9 100 12 1 10 12 1 10 10 12 1 10 10 12 1 11 9 12 1 10 12 1 1 11 12 1 1 11 12 1 1 10 12 1 10 12 1 7 1 10 12 1 9 12 1 10 12 1 1 10 7 12 1 1 10 12 1 10 10 12 1 10 12 1 9 12 1 1 10 12 1 7 1 8 10 12 1 10 10 12 1 1 10 12 1 10 12 1 10 12 1 1 10 12 1 11 7 12 1 1 1 10 12 1 1 10 12 1 9 12 1 100 1 100 1 10 10 12 1 9 12 1 100 1 10 10 12 1 9 12 1 100 1 10 10 12 1 9 12 1 100 1 10 10 12 1 9 12 1 100 1 10 10 12 1 9 12 1 100 1 10 10 12 1 9 12 1 100 1 10 10 12 1 9 12 1 100 1 10 10 12 1 9 12 1 100 1 10 10 12 1 9 12 1 100 1 10 10 12 1 9 12 1 100 1 10 10 12 1 9 12 1 100 1 10 10 12 1 9 12 1 100 1 10 10 12 1 9 12 1 100 1 10 10 12 1 9 12 1 100 1 10 10 12 1 9 12 1 100 1 10 10 12 1 9 12 1 100 1 10 10 12 1 9 12 1 100 1 10 10 12 1 9 12 1 100 1 10 10 12 1 9 12 1 100 1 10 10 12 1 9 12 1 100 1 10 10 12 1 9 12 1 100 1 10 10 12 1 9 12 1 100 1 10 10 12 1 9 12 1 100 1 10 10 12 1 9 12 1 100 1 10 10 12 1 9 12 1 100 1 10 10 12 1 9 12 1 100 1 10 10 12 1 9 12 1 100 1 10 10 12 1 9 12 1 100 1 10 10 12 1 9 12 1 100 1 10 10 12 1 9 12 1 100 1 10 10 12 1 9 12 1 100 1 10 10 12 1 9 12 1 100 1 10 10 12 1 9 12 1 100 1 10 10 12 1 9 12 1 100 1 10 10 12 1 1 10 12 1 1 9 12 1 1 9 100 12 1 1 100 1 8 1 10 100 1 10 100 12 1 1 1 11 12 1 1 11 100 12 1 1 11 12 1 11 100 1 10 12 1 1 8 1 10 12 1 8 1 10 12 1 9 12 1 100 1 10 10 12 1 9 12 1 100 1 10 10 12 1 9 12 1 100 1 10 10 12 1 9 12 1 100 1 10 9 12 1 1 10 100 12 1 1 1 11 100 1 10 12 1 9 12 1 11 11 12 10 12 1 9 12 1 9 12 1 1 7 1 7 1 10 12 1 9 12 1 10 12 1 1 9 12 1 1 100 1 10 10 12 1 9 12 1 10 12 1 10 12 1 10 12 1 10 12 1 7 1 10 7 1 10 12 1 10 10 12 1 9 12 1 9 12 1 11 12 1 1 11 100 1 11 12 1 11 12 1 9 9 12 1 1 8 1 10 100 12 1 1 8 1 11 10 100 12 1 1 1 10 12 1 1 100 1 10 10 12 1 10 12 1 1 10 100 1 8 1 10 7 12 1 1 1 10 12 1 10 12 100 1 10 12 1 11 100 12 1 1 100 1 7 1 8 1 10 12 1 1 18 12 1 10 12 1 1 11 100 12 1 8 1 11 10 12 1 7 1 10 10 12 1 1 7 1 10 10 7 12 1 1 9 12 1 18 12 1 10 12 1 10 12 1 9 12 1 1 1 1 1 1 3 1 3 1 1 1 1 1 1 1 1 1 1 1 1 1 1 1 1 1 1 1 1 1 1 1 1 1 1 1 1 1 1 1 1 1 1 1 1 1 1 1 1 1 1 1 1 1 1 1 1 1 1 1 1 1 1 1 1 1 1 1 1 1 1 1 1 1 1 1 1 1 1 1 1 1 1 1 1 1 1 1 1 1 1 1 1 1 1 1 1 1 1 1 1 1 1 1 1 1 1 1 100 100 1 1 1 1 1 1 1 1 1 1 1 1 1 1 1 1 1 1 1 1 1 100 1 1 1 1 1 1 1 1 1 1 1 1 1 1 1 1 1 1 1 1 1 1 1 1 1 1 1 1 1 1 1 1 1 1 1 1 1 1 1 1 1 1 1 1 1 1 1 1 1 1 1 1 1 1 1 1 1 1 1 1 1 1 1 1 1 1 1 1 1 1 1 1 1 1 1 1 1 1 1 1 1 1 1 1 1 1 1 1 1 1 1 1 1 1 1 1 1 1 1 1 1 1 1 1 1 1 1 1 1 1 1 1 1 1 1 1 1 1 1 1 1 1 1 1 1 1 1 1 1 1 1 1 1 1 1 1 1 1 1 1 1 1 1 1 1 1 1 1 1 1 1 1 1 1 1 1 100 1 100 1 100 1 100 1 100 1 1 16 15 10 12 16 15 10 12 16 16 15 10 12 15 10 12 15 10 12 8 1 8 1 16 15 10 12 16 1 15 10 12 16 15 10 7 12 1 1 1 15 10 100 12 1 1 1 1 1 1 1 1 1 1 1 1 1 1 1 1 1 1 1 1 1 1 1 100 1 1 100 1 1 100 1 1 1 1 100 1 100 1 1
staticfield javafx/scene/Scene trackerMonitor Ljava/lang/Object; java/lang/Object
staticfield javafx/scene/Scene USER_DATA_KEY Ljava/lang/Object; java/lang/Object
staticfield javafx/scene/Scene defaultNodeOrientation Ljavafx/geometry/NodeOrientation; javafx/geometry/NodeOrientation
staticfield javafx/scene/Scene $assertionsDisabled Z 1
ciInstanceKlass javafx/css/StyleableProperty 1 0 19 100 1 100 1 100 1 1 1 1 1 1 1 1 1 1 1 1 1
instanceKlass jdk/internal/logger/SimpleConsoleLogger
instanceKlass sun/util/logging/internal/LoggingProviderImpl$JULWrapper
ciInstanceKlass sun/util/logging/PlatformLogger$ConfigurableBridge$LoggerConfiguration 1 1 31 10 7 12 1 1 1 100 1 1 1 1 1 1 1 1 1 1 1 1 1 100 1 1 100 1 1 1 100 1 1
ciInstanceKlass sun/util/logging/internal/LoggingProviderImpl$JULWrapper 1 1 299 10 7 12 1 1 1 9 7 12 1 1 1 10 7 12 1 1 1 10 12 1 1 10 12 1 1 10 12 1 10 12 1 10 12 1 10 12 1 10 12 1 1 10 12 1 10 12 1 1 10 12 1 10 12 1 10 12 1 10 12 1 10 12 1 10 12 1 10 12 1 1 10 12 1 10 100 12 1 1 1 18 12 1 1 9 12 1 1 10 7 12 1 1 1 9 12 1 1 100 1 10 10 12 1 1 9 7 12 1 1 1 10 10 100 12 1 1 1 100 1 10 12 1 10 12 1 10 12 1 1 10 9 12 1 10 100 12 1 1 1 10 12 1 10 12 1 10 12 1 7 1 10 7 12 1 1 1 9 12 1 9 12 1 9 12 1 9 12 1 9 12 1 9 12 1 9 12 1 9 12 1 100 1 100 1 100 1 1 1 1 1 1 1 1 1 1 1 1 1 1 1 1 1 1 1 1 1 1 1 1 1 1 1 1 1 1 1 1 1 1 1 1 1 1 1 1 1 1 1 1 1 1 1 1 1 1 1 1 1 1 1 1 1 1 1 1 1 1 1 1 1 1 1 1 1 1 1 1 1 1 1 1 1 1 1 1 1 1 1 16 1 15 10 12 16 15 10 100 12 1 1 1 1 100 1 1 1 1 1 100 1 1 1 100 1 100 1 1
staticfield sun/util/logging/internal/LoggingProviderImpl$JULWrapper spi2JulLevelMapping [Ljava/util/logging/Level; 7 [Ljava/util/logging/Level;
staticfield sun/util/logging/internal/LoggingProviderImpl$JULWrapper platform2JulLevelMapping [Ljava/util/logging/Level; 9 [Ljava/util/logging/Level;
staticfield sun/util/logging/internal/LoggingProviderImpl$JULWrapper $assertionsDisabled Z 1
ciInstanceKlass java/lang/System$Logger$Level 1 1 96 7 1 9 12 1 1 9 12 1 9 12 1 9 12 1 9 12 1 9 12 1 9 12 1 9 12 1 1 10 7 12 1 1 10 7 12 1 1 1 10 12 1 1 9 12 1 1 10 12 1 1 8 100 1 3 10 12 1 8 8 8 8 8 8 3 10 12 1 1 1 1 1 1 1 1 1 1 1 1 1 1 1 1 1 1 1 1 1 100 1 1 100 1 1 1
staticfield java/lang/System$Logger$Level ALL Ljava/lang/System$Logger$Level; java/lang/System$Logger$Level
staticfield java/lang/System$Logger$Level TRACE Ljava/lang/System$Logger$Level; java/lang/System$Logger$Level
staticfield java/lang/System$Logger$Level DEBUG Ljava/lang/System$Logger$Level; java/lang/System$Logger$Level
staticfield java/lang/System$Logger$Level INFO Ljava/lang/System$Logger$Level; java/lang/System$Logger$Level
staticfield java/lang/System$Logger$Level WARNING Ljava/lang/System$Logger$Level; java/lang/System$Logger$Level
staticfield java/lang/System$Logger$Level ERROR Ljava/lang/System$Logger$Level; java/lang/System$Logger$Level
staticfield java/lang/System$Logger$Level OFF Ljava/lang/System$Logger$Level; java/lang/System$Logger$Level
staticfield java/lang/System$Logger$Level $VALUES [Ljava/lang/System$Logger$Level; 7 [Ljava/lang/System$Logger$Level;
instanceKlass com/sun/javafx/scene/control/ContextMenuContent
instanceKlass org/fxmisc/flowless/Navigator
instanceKlass org/fxmisc/flowless/VirtualFlow
instanceKlass org/fxmisc/richtext/ParagraphBox
instanceKlass com/sun/javafx/scene/control/ContextMenuContent$MenuItemContainer
instanceKlass org/fxmisc/richtext/GenericStyledArea
instanceKlass javafx/scene/control/skin/ScrollBarSkin$EndButton
instanceKlass javafx/scene/control/skin/VirtualFlow$ClippedContainer
instanceKlass javafx/scene/control/skin/VirtualFlow
instanceKlass javafx/scene/layout/Pane
instanceKlass javafx/scene/control/Control
ciInstanceKlass javafx/scene/layout/Region 1 1 1425 7 1 10 7 12 1 1 1 9 7 12 1 1 1 10 12 1 1 10 12 1 1 10 12 1 1 10 12 1 10 12 1 10 12 1 10 12 1 10 7 12 1 1 1 10 12 1 1 10 7 12 1 1 1 10 7 12 1 1 10 12 1 10 12 1 10 10 12 1 10 7 12 1 1 1 10 12 1 10 12 1 10 12 1 10 12 1 1 10 12 1 1 10 12 1 18 12 1 1 10 12 1 11 7 12 1 1 1 11 12 1 1 10 12 1 1 10 12 1 11 7 12 1 1 1 10 12 1 1 10 12 1 6 0 6 0 10 12 1 1 9 7 12 1 1 1 10 100 12 1 1 1 11 100 12 1 10 12 1 100 1 10 12 1 10 12 1 1 10 12 1 10 12 1 1 10 7 12 1 1 10 12 1 10 12 1 10 12 1 1 11 12 1 1 11 100 12 1 1 11 12 1 1 10 12 1 10 12 1 1 10 7 12 1 1 9 7 12 1 1 1 10 7 12 1 1 6 0 100 1 8 1 10 12 1 1 9 12 1 10 7 1 8 1 10 7 12 1 18 12 1 1 9 12 1 1 10 7 12 1 1 1 9 12 1 1 7 1 10 12 1 9 12 1 1 7 1 10 12 1 9 12 1 7 1 10 12 1 9 12 1 7 1 10 12 9 12 1 1 9 12 1 1 9 12 1 9 12 1 9 12 1 9 12 1 9 12 1 9 12 1 9 12 1 9 12 1 9 12 1 9 12 1 9 12 1 9 12 1 9 12 1 1 9 12 1 9 12 1 10 12 1 1 9 12 1 10 12 1 10 100 12 1 1 100 1 10 12 1 10 7 12 1 10 12 7 1 100 1 10 100 12 1 1 1 11 100 12 1 1 1 10 100 12 1 1 1 10 12 1 9 12 1 100 1 10 10 12 1 1 10 12 1 10 12 1 9 12 1 1 10 12 1 1 10 7 12 1 9 12 1 9 12 1 9 12 1 1 10 7 12 1 1 1 10 12 1 9 7 12 1 1 1 10 12 1 1 10 12 1 10 12 7 1 10 12 1 10 12 1 1 9 12 1 10 12 1 9 12 1 7 1 10 9 12 1 1 10 100 1 10 7 1 8 9 7 12 1 1 1 10 12 1 9 12 8 9 12 1 10 12 1 10 12 1 9 12 1 8 9 12 1 9 12 8 9 12 1 10 12 1 10 12 1 9 12 1 8 9 12 1 9 12 8 9 12 1 10 12 1 10 12 1 9 12 1 1 100 1 10 12 1 7 1 10 10 12 1 1 10 12 100 1 10 10 12 1 100 1 10 10 12 1 100 1 10 10 12 1 10 12 1 10 7 12 1 1 1 9 7 12 1 1 1 10 7 12 1 1 1 10 12 1 1 18 12 1 1 10 12 1 1 10 12 1 10 12 10 12 10 12 1 1 10 12 1 10 10 10 12 1 10 10 12 1 10 10 12 1 10 12 1 10 12 1 10 12 1 10 12 1 10 12 1 6 0 10 12 1 10 12 1 10 12 1 10 12 1 10 12 1 10 12 1 10 12 1 1 9 12 1 10 12 10 10 12 10 12 1 1 10 12 10 12 1 10 10 12 1 10 12 1 1 10 12 1 1 7 1 10 10 12 1 6 0 9 12 1 1 10 12 10 12 1 1 10 12 10 12 1 1 10 12 1 1 10 12 1 10 12 1 9 12 1 1 10 12 1 1 9 12 1 10 12 1 9 12 1 10 12 1 10 12 1 10 12 1 1 10 12 1 1 10 12 1 10 12 1 10 12 1 10 12 1 1 7 1 10 12 1 10 12 1 1 10 10 10 12 1 1 9 12 1 10 12 1 10 12 1 10 12 1 10 12 1 1 9 12 1 1 10 12 1 1 9 12 1 10 12 1 1 10 12 1 1 9 12 1 10 12 1 9 12 1 10 12 1 9 12 1 10 12 1 1 10 12 1 1 10 12 1 10 12 1 1 100 1 4 10 12 1 10 12 1 1 10 10 100 12 1 1 1 10 100 12 1 1 10 12 10 12 1 10 12 1 10 12 1 1 10 12 1 1 11 7 1 10 10 100 12 1 1 1 10 12 1 1 10 12 1 1 10 12 1 10 12 1 100 1 10 12 1 1 10 10 12 1 10 12 1 10 12 1 100 1 10 10 12 1 10 9 7 12 1 1 10 100 12 1 1 10 10 12 1 10 10 12 1 10 10 12 1 10 10 12 1 10 12 1 10 12 1 10 12 1 10 12 1 10 12 1 10 12 1 10 12 1 10 12 1 6 0 10 12 1 1 10 9 7 12 1 1 10 12 1 1 10 100 12 1 1 1 11 12 1 10 12 1 1 9 12 1 10 12 1 10 12 1 10 12 1 10 12 1 10 12 1 10 12 1 10 12 1 10 12 1 10 12 1 10 12 1 1 10 7 12 1 1 1 10 12 1 1 7 1 10 12 1 4 4 10 12 1 10 12 1 10 12 1 10 12 1 1 10 12 1 10 12 1 10 12 1 9 100 12 1 1 1 10 12 1 1 9 12 1 10 12 1 1 10 12 1 1 10 12 1 10 12 1 1 9 7 12 1 1 1 10 12 1 1 10 7 12 1 1 1 10 12 1 1 10 12 1 1 10 10 10 10 10 10 10 10 12 1 1 10 10 12 1 1 10 7 12 1 1 1 9 12 1 1 10 12 1 9 12 1 10 12 1 100 1 10 12 1 100 1 10 12 1 11 12 1 1 10 12 1 1 10 12 1 7 1 10 10 12 1 1 1 1 1 1 1 1 1 1 1 1 1 1 1 1 1 1 1 1 1 1 1 1 1 1 1 1 1 1 1 1 100 1 1 1 1 1 1 1 1 1 1 1 1 1 1 1 1 1 1 1 1 1 1 1 1 1 1 1 1 1 1 1 1 1 1 1 1 1 1 1 1 1 1 1 1 1 1 1 1 1 1 1 1 1 1 1 1 1 1 1 1 1 1 1 1 1 1 1 1 1 1 1 1 1 1 1 1 1 1 100 1 1 1 1 1 1 1 1 1 1 1 1 1 1 1 1 100 1 100 1 100 1 100 1 100 1 100 1 100 1 100 1 100 1 100 1 100 1 100 1 100 1 100 1 100 1 1 16 15 10 12 16 1 16 15 10 12 8 1 15 10 7 12 1 1 1 15 10 100 12 1 1 1 1 1 1 1 1 1 100 1 1 100 1 100 1 1
ciInstanceKlass javafx/scene/control/Button 1 1 129 10 7 12 1 1 1 10 7 12 1 1 10 12 1 10 12 1 10 12 1 1 7 1 8 1 11 7 12 1 1 1 9 7 12 1 1 1 10 12 1 1 10 12 1 1 10 12 1 1 10 7 12 1 1 9 12 1 1 10 12 1 1 7 1 10 12 1 10 12 1 9 12 1 7 1 10 10 12 1 100 1 10 10 12 1 1 7 1 10 12 1 8 1 10 7 12 1 1 1 9 12 1 1 8 1 9 12 1 1 1 1 1 1 1 1 1 1 1 1 1 1 1 1 1 1 1 1 1
staticfield javafx/scene/control/Button PSEUDO_CLASS_DEFAULT Ljavafx/css/PseudoClass; com/sun/javafx/css/PseudoClassImpl
staticfield javafx/scene/control/Button PSEUDO_CLASS_CANCEL Ljavafx/css/PseudoClass; com/sun/javafx/css/PseudoClassImpl
instanceKlass javafx/scene/control/skin/ComboBoxListViewSkin$3
ciInstanceKlass javafx/scene/control/ListView 1 1 585 10 7 12 1 1 1 9 12 1 1 9 12 1 9 12 1 9 12 1 10 7 12 1 1 1 10 12 1 1 10 7 12 1 1 9 12 1 1 18 12 1 1 9 12 1 1 7 1 8 1 10 12 1 9 12 1 10 12 1 7 1 8 1 11 7 12 1 1 1 9 7 12 1 1 1 10 12 1 1 10 12 1 7 1 10 12 1 10 12 1 1 7 1 10 10 12 1 1 10 12 1 1 10 12 1 1 18 12 1 1 11 7 12 1 1 1 9 12 1 1 10 12 1 1 10 12 1 1 10 7 12 1 1 1 9 12 1 10 12 1 1 8 9 12 1 8 10 12 1 100 1 10 12 1 7 1 10 12 1 9 12 1 7 1 8 10 12 1 9 12 1 9 7 12 1 1 1 7 1 10 12 1 10 12 1 9 12 1 7 1 8 10 12 1 1 10 7 12 1 1 9 12 1 1 100 1 6 0 10 12 1 7 1 10 12 1 10 12 1 1 10 100 12 1 1 9 12 1 1 10 12 1 100 1 8 10 12 1 10 12 1 1 10 7 12 1 1 9 12 1 1 10 12 1 10 12 1 1 8 10 12 1 10 12 1 9 12 1 100 1 100 1 10 10 12 1 9 12 1 7 1 10 10 12 1 9 12 1 100 1 10 10 12 1 10 12 1 10 100 12 1 1 1 10 12 1 11 12 1 1 10 12 1 9 12 1 100 1 10 7 1 10 100 1 8 1 9 7 12 1 1 1 11 12 1 1 9 7 12 1 1 1 10 12 1 1 9 100 12 1 1 1 10 100 12 1 1 10 12 1 1 10 12 1 1 9 100 12 1 1 1 10 12 1 1 10 12 1 1 10 100 12 1 1 11 100 12 1 1 10 12 1 11 12 1 10 7 12 1 1 8 10 12 1 10 12 1 1 10 12 1 10 12 1 7 1 9 7 12 1 1 8 1 10 12 1 10 12 1 1 8 1 8 1 8 1 8 1 10 7 12 1 1 1 8 1 9 12 1 1 1 1 1 1 1 1 1 1 1 1 1 1 1 1 1 1 1 1 1 1 1 1 1 1 1 1 1 1 1 1 1 1 1 1 1 1 1 1 1 1 1 1 1 1 1 1 1 1 1 1 1 1 1 1 1 1 1 1 1 1 1 1 1 1 1 1 1 1 1 1 1 1 1 1 1 1 1 1 1 1 1 1 1 1 1 1 1 1 1 1 1 1 1 100 1 100 1 100 1 100 1 100 1 1 16 1 15 10 12 16 16 15 10 12 15 10 7 12 1 1 1 1 1 1 1 1 100 1 1 100 1 100 1 1
staticfield javafx/scene/control/ListView EDIT_ANY_EVENT Ljavafx/event/EventType; javafx/event/EventType
staticfield javafx/scene/control/ListView EDIT_START_EVENT Ljavafx/event/EventType; javafx/event/EventType
staticfield javafx/scene/control/ListView EDIT_CANCEL_EVENT Ljavafx/event/EventType; javafx/event/EventType
staticfield javafx/scene/control/ListView EDIT_COMMIT_EVENT Ljavafx/event/EventType; javafx/event/EventType
staticfield javafx/scene/control/ListView PSEUDO_CLASS_VERTICAL Ljavafx/css/PseudoClass; com/sun/javafx/css/PseudoClassImpl
staticfield javafx/scene/control/ListView PSEUDO_CLASS_HORIZONTAL Ljavafx/css/PseudoClass; com/sun/javafx/css/PseudoClassImpl
ciInstanceKlass javafx/scene/layout/AnchorPane 1 1 245 7 1 8 1 10 12 1 1 10 12 1 1 100 1 8 1 8 1 8 1 10 12 1 1 10 12 1 10 12 1 10 12 1 10 7 12 1 1 1 10 12 1 1 11 100 12 1 1 1 10 12 1 1 10 12 1 6 0 10 12 1 1 10 7 12 1 1 1 10 12 1 10 12 1 1 11 7 12 1 1 1 11 7 12 1 1 1 11 12 1 1 7 1 10 12 1 1 10 12 1 10 12 1 10 12 1 1 10 7 12 1 1 10 12 1 10 12 1 1 9 7 12 1 1 1 10 12 1 10 12 1 10 12 1 1 10 12 1 1 10 12 1 1 10 7 12 1 1 1 10 12 1 10 12 1 10 12 1 10 12 1 10 12 1 1 10 12 1 10 12 1 10 12 1 10 12 1 10 12 1 10 12 1 10 12 1 10 12 1 9 12 1 10 12 1 10 12 1 10 12 1 1 10 12 1 10 12 1 10 12 1 9 12 1 1 10 12 1 10 12 1 10 12 1 1 1 1 1 1 1 1 1 1 1 1 1 1 1 1 1 1 1 1 1
ciInstanceKlass javafx/scene/text/Font 1 1 257 9 7 12 1 1 1 4 10 7 12 1 1 1 10 12 1 1 10 7 12 1 1 1 9 12 1 1 8 1 10 12 1 10 12 1 1 10 12 1 1 10 12 1 10 12 1 8 1 10 7 12 1 1 1 8 1 10 12 1 1 10 12 1 6 0 9 12 1 1 9 12 1 9 12 1 9 12 1 1 10 7 12 1 1 9 12 1 1 10 12 1 1 9 12 1 1 10 12 1 1 100 1 10 12 1 100 1 10 12 1 1 8 1 10 12 1 100 1 10 10 12 1 10 100 12 1 1 1 100 1 8 1 10 12 1 10 100 12 1 1 1 10 12 10 12 1 1 10 100 12 1 1 1 10 12 1 10 100 12 1 1 100 1 8 1 10 10 12 1 1 8 1 8 1 8 1 10 12 1 8 1 10 12 1 5 0 5 0 10 12 1 1 10 100 12 1 1 1 10 12 1 7 1 10 10 7 12 1 1 1 1 1 1 1 1 1 1 1 1 1 1 1 1 1 1 1 1 1 1 1 1 1 1 1 1 100 1 1 1 100 1 1 1 1 1 1 1 1 1 1 1 1 1 100 1 1
ciInstanceKlass javafx/scene/SubScene 0 0 589 9 100 12 1 1 1 10 100 12 1 1 1 10 100 12 1 1 10 100 12 1 1 1 9 12 1 1 9 12 1 1 9 12 1 100 1 10 12 9 12 1 1 9 12 1 1 100 1 10 9 12 1 1 9 12 1 9 12 1 10 12 1 1 10 12 1 1 10 12 1 9 12 1 10 100 12 1 1 1 10 100 12 1 1 1 8 1 10 12 1 1 10 100 12 1 1 1 10 12 1 1 8 1 10 12 1 1 10 100 12 1 1 1 9 12 1 10 12 1 1 100 1 100 1 10 10 12 1 9 12 1 100 1 100 1 10 10 12 1 1 100 1 9 12 1 1 100 1 10 10 12 1 10 12 1 1 10 12 1 10 12 1 10 12 1 9 100 12 1 1 1 10 12 1 1 10 12 1 1 10 100 12 1 9 12 1 1 10 12 100 1 10 10 12 1 9 12 1 100 1 10 10 12 1 9 12 1 100 1 100 1 10 12 1 10 12 1 10 12 1 1 100 1 10 12 1 10 12 1 1 10 12 1 10 12 1 9 12 1 10 12 1 1 10 12 1 1 11 100 12 1 1 1 10 12 1 9 12 1 10 12 1 10 12 9 12 1 10 100 1 10 12 1 1 9 12 1 10 12 1 1 10 10 12 1 10 12 1 10 12 1 10 12 1 10 12 1 9 12 1 1 9 100 12 1 1 9 10 12 1 1 10 12 1 9 100 12 1 1 1 10 12 1 10 12 1 1 9 12 1 10 100 1 8 10 12 1 100 1 10 12 1 10 12 1 10 10 12 1 10 100 12 1 1 1 10 100 12 1 1 1 10 100 12 1 1 1 10 10 12 1 1 10 12 1 10 10 12 1 10 100 12 1 1 1 10 12 1 1 9 12 1 10 100 12 1 1 10 12 1 10 12 1 1 10 12 1 1 100 1 10 100 1 10 10 12 1 1 10 12 1 1 10 100 12 1 1 10 12 1 1 10 12 1 1 10 12 1 1 10 100 12 1 1 1 10 12 1 10 12 1 1 10 100 12 1 1 10 12 1 10 12 1 1 10 12 1 1 10 12 1 10 12 1 1 11 100 12 1 1 1 9 12 1 11 12 1 11 12 1 10 12 1 1 11 12 1 10 12 1 1 11 12 1 100 1 11 12 1 100 1 10 100 1 10 10 12 1 1 9 100 12 1 1 1 10 100 12 1 1 1 1 1 1 1 1 1 1 1 1 1 1 1 1 1 1 1 1 1 1 1 1 1 1 1 100 1 1 1 1 1 1 1 1 1 1 1 1 1 1 1 100 1 1 1 1 100 1 1 1 1 1 1 1 1 100 1 1
ciInstanceKlass javafx/scene/Node$2 1 1 116 9 7 12 1 1 1 10 7 12 1 1 1 9 12 1 1 9 7 12 1 1 1 9 7 12 1 1 1 10 12 1 1 10 12 1 1 10 100 12 1 1 1 10 12 1 10 12 1 10 12 1 1 7 1 10 12 1 1 10 12 1 10 12 1 9 7 12 1 1 1 9 12 1 10 12 1 1 10 12 1 10 12 1 9 7 12 1 1 1 10 12 1 1 8 1 1 1 1 1 1 1 1 1 1 1 1 1 1 1 12 1 1 1 1 1
ciInstanceKlass com/sun/javafx/css/PseudoClassState 1 1 190 10 7 12 1 1 1 11 7 12 1 1 1 11 12 1 1 7 1 10 7 12 1 1 1 10 12 1 1 7 1 10 10 12 1 1 11 100 12 1 1 1 11 12 1 1 7 1 10 12 1 1 11 11 12 1 10 12 1 7 1 10 12 1 9 12 1 1 11 7 12 1 1 7 1 9 12 1 1 10 12 1 1 10 12 1 10 12 1 11 12 1 1 10 12 1 10 12 1 100 1 8 1 10 12 1 9 12 1 1 100 1 10 10 12 1 1 10 12 1 10 12 1 10 12 10 12 1 10 12 1 10 12 1 10 12 1 10 12 1 10 12 1 1 10 12 1 10 12 1 10 12 1 10 12 1 10 12 1 10 10 10 10 10 7 12 1 1 7 1 10 12 1 1 1 1 1 1 1 1 1 1 1 1 1 1 1 1 1 1
staticfield com/sun/javafx/css/PseudoClassState pseudoClassMap Ljava/util/Map; java/util/HashMap
staticfield com/sun/javafx/css/PseudoClassState pseudoClasses Ljava/util/List; java/util/ArrayList
staticfield com/sun/javafx/css/PseudoClassState $assertionsDisabled Z 1
ciInstanceKlass com/sun/javafx/css/PseudoClassImpl 1 1 27 10 7 12 1 1 1 9 7 12 1 1 1 9 12 1 1 1 1 1 1 1 1 1 1 1 1
ciInstanceKlass com/sun/javafx/logging/PlatformLogger 1 1 138 10 7 12 1 1 1 9 7 12 1 1 1 9 12 1 9 12 1 9 12 1 9 12 1 9 12 1 9 12 1 9 7 12 1 1 1 11 7 12 1 1 1 7 1 10 12 1 10 7 12 1 1 1 10 12 1 1 10 12 1 11 12 1 1 10 7 12 1 1 9 12 1 1 9 12 1 1 11 7 12 1 1 1 11 12 1 1 11 12 1 1 11 12 1 100 1 10 10 12 1 1 100 1 11 12 1 11 12 1 7 1 10 1 1 1 1 1 1 1 1 1 1 1 1 1 1 1 1 1 1 1 1 1 1 1 1 1
staticfield com/sun/javafx/logging/PlatformLogger loggers Ljava/util/Map; java/util/HashMap
ciInstanceKlass javafx/geometry/Insets 1 1 84 9 7 12 1 1 1 9 12 1 9 12 1 9 12 1 10 7 12 1 1 1 9 12 1 1 5 0 5 0 10 7 12 1 1 1 18 12 1 1 10 12 1 9 12 1 1 1 1 1 1 1 1 1 1 1 1 1 1 1 1 1 1 1 1 1 1 1 1 1 8 1 15 10 100 12 1 1 1 100 1 100 1 1
staticfield javafx/geometry/Insets EMPTY Ljavafx/geometry/Insets; javafx/geometry/Insets
ciInstanceKlass com/sun/javafx/util/Logging 1 1 59 10 100 12 1 1 1 9 7 12 1 1 1 8 1 10 7 12 1 1 1 9 12 1 8 1 9 12 1 8 1 9 12 1 8 1 9 12 1 8 1 9 12 1 8 1 1 1 1 1 1 1 1 1 1 1 1 1 1
instanceKlass javafx/scene/control/PopupControl$9
instanceKlass javafx/scene/layout/HBox$StyleableProperties$3
instanceKlass javafx/scene/layout/HBox$StyleableProperties$2
instanceKlass javafx/scene/layout/HBox$StyleableProperties$1
instanceKlass javafx/scene/control/skin/MenuBarSkin$5
instanceKlass javafx/scene/control/skin/MenuBarSkin$4
instanceKlass javafx/scene/layout/VBox$StyleableProperties$3
instanceKlass javafx/scene/layout/VBox$StyleableProperties$2
instanceKlass javafx/scene/layout/VBox$StyleableProperties$1
instanceKlass javafx/scene/text/TextFlow$StyleableProperties$3
instanceKlass javafx/scene/text/TextFlow$StyleableProperties$2
instanceKlass javafx/scene/text/TextFlow$StyleableProperties$1
instanceKlass javafx/scene/control/MenuBar$StyleableProperties$1
instanceKlass org/fxmisc/flowless/VirtualFlow$2
instanceKlass org/fxmisc/richtext/CustomCssMetaData
instanceKlass javafx/scene/control/skin/CellSkinBase$StyleableProperties$1
instanceKlass javafx/scene/layout/StackPane$StyleableProperties$1
instanceKlass javafx/scene/control/ScrollBar$StyleableProperties$3
instanceKlass javafx/scene/control/ScrollBar$StyleableProperties$2
instanceKlass javafx/scene/control/ScrollBar$StyleableProperties$1
instanceKlass javafx/scene/shape/Rectangle$StyleableProperties$2
instanceKlass javafx/scene/shape/Rectangle$StyleableProperties$1
instanceKlass javafx/scene/image/ImageView$StyleableProperties$5
instanceKlass javafx/scene/image/ImageView$StyleableProperties$4
instanceKlass javafx/scene/image/ImageView$StyleableProperties$3
instanceKlass javafx/scene/image/ImageView$StyleableProperties$2
instanceKlass javafx/scene/image/ImageView$StyleableProperties$1
instanceKlass com/sun/javafx/scene/control/LabeledText$5
instanceKlass com/sun/javafx/scene/control/LabeledText$4
instanceKlass com/sun/javafx/scene/control/LabeledText$3
instanceKlass com/sun/javafx/scene/control/LabeledText$2
instanceKlass javafx/scene/control/ListView$StyleableProperties$2
instanceKlass javafx/scene/control/ListView$StyleableProperties$1
instanceKlass javafx/scene/text/Text$StyleableProperties$9
instanceKlass javafx/scene/text/Text$StyleableProperties$8
instanceKlass javafx/scene/text/Text$StyleableProperties$7
instanceKlass javafx/scene/text/Text$StyleableProperties$6
instanceKlass javafx/scene/text/Text$StyleableProperties$5
instanceKlass javafx/scene/text/Text$StyleableProperties$4
instanceKlass javafx/scene/text/Text$StyleableProperties$3
instanceKlass javafx/scene/text/Text$StyleableProperties$2
instanceKlass com/sun/javafx/css/SubCssMetaData
instanceKlass javafx/scene/layout/Region$StyleableProperties$15
instanceKlass javafx/scene/layout/Region$StyleableProperties$14
instanceKlass javafx/scene/layout/Region$StyleableProperties$13
instanceKlass javafx/scene/layout/Region$StyleableProperties$12
instanceKlass javafx/scene/layout/Region$StyleableProperties$11
instanceKlass javafx/scene/layout/Region$StyleableProperties$10
instanceKlass javafx/scene/layout/Region$StyleableProperties$9
instanceKlass javafx/scene/layout/Region$StyleableProperties$8
instanceKlass javafx/scene/layout/Region$StyleableProperties$7
instanceKlass javafx/scene/layout/Region$StyleableProperties$6
instanceKlass javafx/scene/layout/Region$StyleableProperties$5
instanceKlass javafx/scene/layout/Region$StyleableProperties$4
instanceKlass javafx/scene/layout/Region$StyleableProperties$3
instanceKlass javafx/scene/layout/Region$StyleableProperties$2
instanceKlass javafx/scene/layout/Region$StyleableProperties$1
instanceKlass javafx/scene/control/Control$StyleableProperties$1
instanceKlass javafx/scene/control/Labeled$StyleableProperties$13
instanceKlass javafx/scene/control/Labeled$StyleableProperties$12
instanceKlass javafx/scene/control/Labeled$StyleableProperties$11
instanceKlass javafx/scene/control/Labeled$StyleableProperties$10
instanceKlass javafx/scene/control/Labeled$StyleableProperties$9
instanceKlass javafx/scene/control/Labeled$StyleableProperties$8
instanceKlass javafx/scene/control/Labeled$StyleableProperties$7
instanceKlass javafx/scene/control/Labeled$StyleableProperties$6
instanceKlass javafx/scene/control/Labeled$StyleableProperties$5
instanceKlass javafx/scene/control/Labeled$StyleableProperties$4
instanceKlass javafx/scene/control/Labeled$StyleableProperties$3
instanceKlass javafx/scene/control/Labeled$StyleableProperties$2
instanceKlass javafx/css/FontCssMetaData$4
instanceKlass javafx/css/FontCssMetaData$3
instanceKlass javafx/css/FontCssMetaData$2
instanceKlass javafx/css/FontCssMetaData$1
instanceKlass javafx/scene/Node$StyleableProperties$16
instanceKlass javafx/scene/Node$StyleableProperties$15
instanceKlass javafx/scene/Node$StyleableProperties$13
instanceKlass javafx/scene/Node$StyleableProperties$12
instanceKlass javafx/scene/Node$StyleableProperties$11
instanceKlass javafx/scene/Node$StyleableProperties$10
instanceKlass javafx/scene/Node$StyleableProperties$9
instanceKlass javafx/scene/Node$StyleableProperties$8
instanceKlass javafx/scene/Node$StyleableProperties$7
instanceKlass javafx/scene/Node$StyleableProperties$6
instanceKlass javafx/scene/Node$StyleableProperties$5
instanceKlass javafx/scene/Node$StyleableProperties$4
instanceKlass javafx/scene/Node$StyleableProperties$3
instanceKlass javafx/scene/Node$StyleableProperties$2
instanceKlass javafx/scene/Node$StyleableProperties$1
instanceKlass javafx/scene/shape/Shape$StyleableProperties$10
instanceKlass javafx/scene/shape/Shape$StyleableProperties$9
instanceKlass javafx/scene/shape/Shape$StyleableProperties$8
instanceKlass javafx/scene/shape/Shape$StyleableProperties$7
instanceKlass javafx/scene/shape/Shape$StyleableProperties$6
instanceKlass javafx/scene/shape/Shape$StyleableProperties$5
instanceKlass javafx/scene/shape/Shape$StyleableProperties$4
instanceKlass javafx/scene/shape/Shape$StyleableProperties$3
instanceKlass javafx/scene/shape/Shape$StyleableProperties$2
instanceKlass javafx/scene/shape/Shape$StyleableProperties$1
instanceKlass javafx/css/FontCssMetaData
ciInstanceKlass javafx/css/CssMetaData 1 1 161 10 7 12 1 1 1 11 100 12 1 1 1 11 12 1 1 10 7 12 1 1 1 11 12 1 1 9 12 1 1 9 12 1 1 9 12 1 1 9 12 1 1 9 12 1 1 10 12 1 1 10 7 12 1 1 1 100 1 8 1 10 12 1 10 12 1 10 12 1 1 10 7 1 10 12 1 1 100 1 8 1 10 8 1 10 12 1 1 8 1 10 12 1 1 8 1 10 12 1 1 8 1 10 12 1 8 1 11 100 1 8 1 8 1 10 1 1 1 1 1 1 1 1 1 100 1 1 1 1 1 1 1 1 1 1 1 1 1 1 1 1 1 1 1 1 1 1 1 100 1 1 1 1 1 1 1 1 1 1 1
ciInstanceKlass javafx/scene/control/Labeled$6 1 1 88 9 7 12 1 1 1 10 7 12 1 1 1 9 12 1 1 10 12 1 1 100 1 10 12 1 1 7 1 10 12 1 1 10 12 1 10 7 12 1 1 1 10 12 1 1 9 100 12 1 1 1 8 1 10 12 1 10 12 1 1 1 1 1 1 100 1 1 1 1 1 1 1 1 1 1 1 1 1 1 100 1 12 1 1 1 1 1
ciInstanceKlass com/sun/javafx/css/StyleManager 1 1 1075 9 7 12 1 1 1 10 100 12 1 1 1 9 7 12 1 1 1 10 7 12 1 1 1 7 1 10 9 12 1 1 9 12 1 9 12 1 1 7 1 10 9 12 1 1 7 1 10 9 12 1 1 9 12 1 1 7 1 10 9 12 1 1 10 100 12 1 1 1 7 1 10 12 1 1 10 7 1 100 1 10 9 12 1 1 9 12 1 11 7 12 1 1 1 7 1 10 11 12 1 1 10 12 1 1 10 12 1 1 7 1 10 7 1 10 12 1 9 100 12 1 1 1 10 12 1 1 10 12 1 1 10 12 1 1 10 7 12 1 1 10 12 1 1 11 7 12 1 1 1 11 12 1 7 1 9 12 1 1 10 12 1 1 9 12 1 1 10 7 12 1 1 1 9 12 1 11 12 11 12 1 1 11 7 12 1 1 1 11 7 12 1 1 11 12 1 1 7 1 11 12 1 11 7 1 10 12 7 1 10 10 12 1 11 12 11 11 12 1 10 12 1 10 100 12 1 1 10 12 10 12 1 10 12 1 1 10 12 1 1 10 12 1 10 12 1 11 12 10 12 1 1 9 12 1 1 10 7 1 10 12 1 1 10 12 1 1 10 11 12 1 1 10 12 1 10 12 1 9 12 1 11 11 12 1 11 12 1 11 10 100 12 1 1 1 10 12 1 1 7 1 10 12 10 12 1 8 1 10 12 1 1 8 1 10 12 1 8 1 10 7 12 1 1 1 8 1 10 12 1 1 8 1 10 12 1 1 10 12 1 10 12 1 1 10 7 12 1 1 1 7 1 100 1 100 1 100 1 100 1 10 100 12 1 1 10 100 12 1 1 1 10 12 1 10 12 1 8 1 10 100 12 1 1 10 12 1 1 100 1 100 1 10 12 1 8 1 10 12 1 10 12 1 1 7 1 8 1 10 7 12 1 1 1 10 12 1 10 12 1 1 10 10 12 1 1 10 12 1 1 10 12 1 10 7 1 7 1 10 12 1 1 100 1 100 1 100 1 100 1 10 12 1 1 100 1 9 7 12 1 1 1 18 12 1 1 10 100 12 1 1 8 1 10 12 1 1 8 1 10 12 1 18 12 1 1 10 7 12 1 1 1 10 12 1 10 12 1 10 12 1 100 1 8 10 12 1 10 12 1 1 10 100 12 1 1 100 1 100 1 10 12 1 10 12 1 18 12 1 10 12 1 100 1 100 1 10 12 1 1 18 12 1 10 12 1 7 1 18 10 12 1 7 1 10 12 1 18 12 1 10 12 1 1 18 10 12 1 1 7 1 10 10 12 1 10 100 12 1 1 1 8 1 10 12 1 10 12 1 8 1 10 12 1 8 1 8 1 8 1 10 12 1 8 1 10 100 12 1 1 10 12 1 1 100 1 100 1 8 1 10 12 1 1 9 12 1 1 100 1 10 11 100 1 10 12 1 9 100 12 1 1 1 10 100 12 1 1 1 10 12 1 10 12 1 10 12 1 10 12 100 1 10 12 1 10 12 1 8 1 18 8 1 10 12 1 100 1 100 1 10 12 1 100 1 10 12 1 1 9 100 12 1 1 1 10 12 1 6 0 10 100 12 1 1 1 18 10 12 1 100 1 18 9 12 1 18 10 12 1 18 9 12 1 1 10 12 1 10 12 1 1 9 12 1 1 10 7 12 1 1 11 10 12 1 10 12 1 10 12 1 10 12 1 10 12 1 9 7 12 1 1 1 10 12 1 1 10 12 1 8 1 10 8 1 10 12 1 11 12 1 1 11 12 1 10 100 1 11 7 1 10 7 1 11 12 1 11 12 1 9 12 1 10 12 1 10 12 10 7 12 1 1 10 7 12 1 1 1 10 12 1 1 10 9 12 1 100 1 10 10 12 10 10 12 1 10 12 1 1 10 12 1 7 1 18 12 1 1 10 12 1 1 10 12 1 10 12 1 10 12 1 7 1 10 9 12 1 9 12 1 9 12 1 1 10 7 12 1 1 10 10 12 1 1 7 1 10 10 12 1 1 11 12 1 1 10 12 1 10 12 1 10 100 12 1 1 8 1 10 12 1 10 12 1 9 12 1 1 10 10 12 1 1 10 12 1 1 10 100 12 1 1 10 12 1 1 10 12 1 1 1 1 1 1 1 1 1 1 1 1 1 1 1 1 100 1 1 1 1 1 1 1 1 1 1 1 100 100 1 1 1 1 1 1 1 1 1 1 1 100 1 1 1 1 1 1 1 1 1 1 1 1 1 1 1 100 1 1 8 1 16 15 10 12 16 15 10 12 16 1 15 10 12 16 1 15 10 12 16 1 8 1 8 1 8 1 8 1 8 1 8 1 8 1 16 15 10 16 1 15 10 7 12 1 1 15 10 7 12 1 1 1 1 1 1 1 1 1 1 1 100 1 1 1 1 1 1 1 100 1 100 1 1
staticfield com/sun/javafx/css/StyleManager styleLock Ljava/lang/Object; java/lang/Object
staticfield com/sun/javafx/css/StyleManager cacheContainerMap Ljava/util/Map; java/util/WeakHashMap
staticfield com/sun/javafx/css/StyleManager $assertionsDisabled Z 1
ciInstanceKlass com/sun/javafx/css/StyleManager$InstanceHolder 1 1 24 10 100 12 1 1 1 7 1 10 9 7 12 1 1 1 1 1 1 1 1 1 1 1
staticfield com/sun/javafx/css/StyleManager$InstanceHolder INSTANCE Lcom/sun/javafx/css/StyleManager; com/sun/javafx/css/StyleManager
ciInstanceKlass javafx/css/StyleOrigin 1 1 55 7 1 9 12 1 1 9 12 1 9 12 1 9 12 1 9 12 1 1 10 7 12 1 1 10 7 12 1 1 1 10 12 1 1 8 10 8 8 8 10 12 1 1 1 1 1 1 1 1 1 1 1 1 1
staticfield javafx/css/StyleOrigin USER_AGENT Ljavafx/css/StyleOrigin; javafx/css/StyleOrigin
staticfield javafx/css/StyleOrigin USER Ljavafx/css/StyleOrigin; javafx/css/StyleOrigin
staticfield javafx/css/StyleOrigin AUTHOR Ljavafx/css/StyleOrigin; javafx/css/StyleOrigin
staticfield javafx/css/StyleOrigin INLINE Ljavafx/css/StyleOrigin; javafx/css/StyleOrigin
staticfield javafx/css/StyleOrigin $VALUES [Ljavafx/css/StyleOrigin; 4 [Ljavafx/css/StyleOrigin;
instanceKlass com/sun/javafx/css/ParsedValueImpl
ciInstanceKlass javafx/css/ParsedValue 1 1 45 9 7 12 1 1 1 9 12 1 1 10 100 12 1 1 1 10 7 12 1 1 1 1 1 1 1 1 1 1 1 1 1 1 1 1 1 1 1 1 1 1 1 1 1
ciInstanceKlass com/sun/javafx/css/StyleClassSet 1 1 202 10 7 12 1 1 1 11 7 12 1 1 1 11 12 1 1 7 1 10 12 1 1 10 7 12 1 1 1 10 12 1 1 100 1 8 1 10 12 1 10 12 1 1 11 100 12 1 1 11 12 1 1 7 1 10 12 1 1 10 12 1 1 8 1 10 12 1 10 12 1 10 12 1 10 12 1 10 12 1 100 1 8 1 10 9 12 1 1 11 7 12 1 1 7 1 10 12 1 9 12 1 1 9 12 1 1 100 1 10 10 12 1 11 10 12 1 1 11 12 1 1 10 12 1 1 10 12 1 10 12 1 10 12 10 12 1 10 12 1 10 12 1 10 12 1 10 12 1 10 12 1 1 10 12 1 10 12 1 10 12 1 10 12 1 10 12 1 10 10 10 10 10 7 12 1 1 7 1 10 12 1 7 1 10 1 1 1 1 1 1 1 1 1 1 1 1 1 1 1 1 1
staticfield com/sun/javafx/css/StyleClassSet styleClassMap Ljava/util/Map; java/util/HashMap
staticfield com/sun/javafx/css/StyleClassSet styleClasses Ljava/util/List; java/util/ArrayList
staticfield com/sun/javafx/css/StyleClassSet $assertionsDisabled Z 1
ciInstanceKlass com/sun/javafx/css/ImmutablePseudoClassSetsCache 1 1 51 10 100 12 1 1 1 9 7 12 1 1 1 8 1 10 7 12 1 1 1 11 7 12 1 1 1 7 1 11 12 1 1 11 12 1 1 7 1 10 1 1 1 1 1 1 1 1 1 1 1
staticfield com/sun/javafx/css/ImmutablePseudoClassSetsCache CACHE Ljava/util/Map; java/util/HashMap
ciInstanceKlass com/sun/javafx/css/ParsedValueImpl 1 1 396 9 7 12 1 1 1 9 12 1 7 1 7 1 7 1 10 7 12 1 1 1 10 12 1 1 9 7 12 1 1 1 10 12 1 1 10 12 1 1 7 1 10 12 1 1 100 1 3 9 12 1 1 10 12 1 1 10 12 1 9 12 1 1 10 7 12 1 1 1 9 12 1 1 7 1 9 12 1 10 12 1 10 12 1 1 10 100 12 1 1 1 10 100 12 1 1 1 100 1 10 12 1 10 12 1 10 12 1 1 8 1 8 1 10 12 8 10 12 1 1 8 1 8 1 10 12 1 8 1 10 12 1 8 1 10 12 1 10 12 1 8 1 10 12 1 8 1 8 1 8 1 8 1 8 1 10 7 12 1 1 1 10 12 1 10 10 12 1 1 10 10 12 1 1 10 100 12 1 1 1 10 12 1 1 10 12 1 1 10 10 12 1 1 10 10 12 1 100 1 7 1 10 12 1 1 10 7 12 1 1 1 10 12 1 1 10 12 1 10 12 1 10 12 1 7 1 10 12 1 10 100 12 1 1 1 10 12 1 100 1 10 12 1 10 12 10 100 1 100 1 10 12 1 1 18 12 1 1 10 12 1 10 7 12 1 1 10 12 1 1 10 12 1 1 10 12 1 10 12 1 10 12 1 1 10 12 1 1 10 12 1 1 10 12 1 1 100 1 18 12 1 10 10 12 1 9 12 1 10 12 1 9 12 1 1 10 10 100 12 1 1 100 1 10 10 12 1 10 100 1 18 18 1 1 1 3 1 3 1 3 1 3 1 3 1 3 1 3 1 3 1 3 1 3 1 1 1 1 1 1 1 1 1 1 1 100 1 100 1 1 1 1 1 1 8 1 8 1 8 1 8 1 15 10 100 12 1 1 1 1 100 1 100 1 1
instanceKlass javafx/css/converter/DurationConverter
instanceKlass javafx/css/converter/ShapeConverter
instanceKlass javafx/scene/layout/BackgroundConverter
instanceKlass javafx/scene/layout/BorderConverter
instanceKlass javafx/css/converter/CursorConverter
instanceKlass javafx/scene/Node$StyleableProperties$14
instanceKlass javafx/css/converter/StringConverter
instanceKlass javafx/css/converter/FontConverter
instanceKlass javafx/css/converter/BooleanConverter
instanceKlass javafx/css/converter/SizeConverter
instanceKlass javafx/css/converter/InsetsConverter
instanceKlass javafx/css/converter/PaintConverter$RepeatingImagePatternConverter
instanceKlass javafx/css/converter/PaintConverter$ImagePatternConverter
instanceKlass javafx/css/converter/PaintConverter
instanceKlass javafx/css/converter/EnumConverter
instanceKlass javafx/css/converter/StopConverter
instanceKlass javafx/css/converter/LadderConverter
instanceKlass javafx/css/converter/DeriveSizeConverter
instanceKlass javafx/css/converter/DeriveColorConverter
instanceKlass com/sun/javafx/scene/layout/region/CornerRadiiConverter
instanceKlass com/sun/javafx/scene/layout/region/Margins$SequenceConverter
instanceKlass com/sun/javafx/scene/layout/region/Margins$Converter
instanceKlass com/sun/javafx/scene/layout/region/StrokeBorderPaintConverter
instanceKlass com/sun/javafx/scene/layout/region/SliceSequenceConverter
instanceKlass com/sun/javafx/scene/layout/region/RepeatStructConverter
instanceKlass com/sun/javafx/scene/layout/region/LayeredBorderStyleConverter
instanceKlass com/sun/javafx/scene/layout/region/LayeredBorderPaintConverter
instanceKlass com/sun/javafx/scene/layout/region/LayeredBackgroundSizeConverter
instanceKlass com/sun/javafx/scene/layout/region/LayeredBackgroundPositionConverter
instanceKlass com/sun/javafx/scene/layout/region/BorderStyleConverter
instanceKlass com/sun/javafx/scene/layout/region/BorderStrokeStyleSequenceConverter
instanceKlass com/sun/javafx/scene/layout/region/BorderImageWidthsSequenceConverter
instanceKlass com/sun/javafx/scene/layout/region/BorderImageWidthConverter
instanceKlass com/sun/javafx/scene/layout/region/BorderImageSliceConverter
instanceKlass com/sun/javafx/scene/layout/region/BackgroundSizeConverter
instanceKlass com/sun/javafx/scene/layout/region/BackgroundPositionConverter
instanceKlass javafx/css/converter/URLConverter$SequenceConverter
instanceKlass javafx/css/converter/StringConverter$SequenceConverter
instanceKlass javafx/css/converter/SizeConverter$SequenceConverter
instanceKlass javafx/css/converter/PaintConverter$RadialGradientConverter
instanceKlass javafx/css/converter/PaintConverter$LinearGradientConverter
instanceKlass javafx/css/converter/PaintConverter$SequenceConverter
instanceKlass javafx/css/converter/InsetsConverter$SequenceConverter
instanceKlass javafx/css/converter/FontConverter$FontSizeConverter
instanceKlass javafx/css/converter/FontConverter$FontWeightConverter
instanceKlass javafx/css/converter/FontConverter$FontStyleConverter
instanceKlass javafx/css/converter/EffectConverter
instanceKlass javafx/css/converter/URLConverter
ciInstanceKlass javafx/css/StyleConverter 1 1 564 10 7 12 1 1 1 10 100 12 1 1 1 10 7 12 1 1 1 10 7 1 10 100 1 10 100 1 7 1 10 12 1 10 100 1 10 7 1 10 7 1 10 7 1 10 7 1 10 7 1 10 12 1 1 10 100 12 1 1 1 10 100 12 1 1 1 10 100 12 1 1 1 9 7 12 1 1 1 11 7 12 1 1 11 12 1 1 7 1 10 11 12 1 1 10 7 12 1 1 1 10 7 12 1 1 1 8 1 10 12 1 1 10 12 1 1 10 12 1 1 18 12 1 1 8 1 10 12 1 1 9 12 1 11 12 1 1 10 12 1 10 100 12 1 1 1 9 100 12 1 1 1 10 100 12 1 1 1 18 10 12 1 1 9 100 12 1 1 1 10 100 12 1 1 7 1 10 10 12 1 8 1 10 12 1 8 1 8 1 8 1 8 1 8 1 8 1 8 1 8 1 8 1 8 1 8 1 8 1 8 1 8 1 8 1 8 1 8 1 8 1 8 1 8 1 8 1 8 1 8 1 8 1 8 1 8 1 8 1 8 1 8 1 8 1 8 1 8 1 8 1 8 1 8 1 8 1 8 1 8 1 8 1 8 1 8 1 8 1 8 1 8 1 8 1 8 1 8 1 8 1 8 1 8 1 8 1 8 1 8 1 8 1 8 1 8 1 8 1 8 1 8 1 8 1 8 1 8 1 8 1 10 100 1 10 7 12 1 1 10 7 12 1 1 10 100 12 1 1 10 7 12 1 1 10 7 12 1 1 10 7 12 1 1 10 7 12 1 1 10 7 12 1 1 10 7 12 1 1 10 7 12 1 1 10 100 12 1 1 10 7 12 1 1 10 100 12 1 1 10 7 12 1 1 10 100 12 1 1 10 100 12 1 1 10 100 12 1 1 10 7 12 1 1 10 7 12 1 1 10 100 12 1 1 10 7 12 1 1 10 7 12 1 1 10 7 12 1 1 10 7 12 1 1 10 100 12 1 1 10 7 12 1 1 10 7 12 1 1 10 7 12 1 1 10 7 12 1 1 10 7 12 1 1 10 100 12 1 1 10 7 12 1 1 10 7 12 1 1 18 1 1 1 1 1 1 1 1 1 1 1 1 1 1 1 1 1 1 1 1 1 1 1 1 1 1 1 1 1 1 1 1 1 1 1 1 100 1 1 1 1 1 1 1 1 1 1 1 1 1 1 1 8 1 8 1 8 1 15 10 100 12 1 1 1 1 1 1 1 1 1 1 1 1 1 100 1 1 100 1 100 1 1
ciInstanceKlass javafx/css/converter/FontConverter 1 1 165 9 7 12 1 1 1 10 7 12 1 1 1 10 100 12 1 1 1 100 1 10 100 12 1 1 1 10 12 1 1 100 1 10 100 12 1 1 1 10 12 1 1 10 12 1 1 100 1 10 12 1 1 100 1 9 12 1 1 100 1 9 12 1 1 10 12 1 1 11 100 12 1 1 1 11 100 12 1 1 1 11 100 12 1 1 1 11 12 1 100 1 11 11 12 1 100 1 10 12 1 8 1 10 12 1 1 100 1 10 12 1 8 1 8 1 8 1 8 1 10 100 12 1 1 10 12 1 1 1 1 1 1 1 1 1 100 1 1 1 1 1 1 1 1 1 1 100 1 100 1 100 1 100 1 100 1 100 1 1 1 1 1 1 1
ciInstanceKlass javafx/scene/Node$StyleableProperties$2 1 1 53 10 7 12 1 1 1 9 7 12 1 1 1 10 7 12 1 1 1 10 12 1 1 7 1 10 7 12 1 1 1 10 12 1 1 1 1 1 1 1 1 1 1 1 1 1 1 100 1 1 1 1 1
ciInstanceKlass javafx/scene/CssStyleHelper 1 1 949 10 7 12 1 1 1 9 7 12 1 1 1 9 12 1 9 12 1 1 7 1 10 9 12 1 1 9 12 1 11 7 12 1 1 1 10 7 12 1 1 1 10 7 12 1 1 1 10 12 1 1 10 12 1 1 9 12 1 1 9 12 1 1 10 12 1 1 9 7 12 1 1 1 11 7 12 1 1 9 12 1 10 12 1 1 10 12 1 1 10 7 12 1 1 1 10 12 1 1 11 7 12 1 1 1 11 12 1 1 7 1 10 12 1 10 12 1 1 10 10 12 1 7 1 10 12 1 1 10 12 1 10 9 12 1 1 10 12 1 1 11 7 12 1 1 1 9 7 12 1 1 1 10 12 1 10 12 1 1 11 100 12 1 1 100 1 10 12 1 10 12 1 1 11 12 1 10 12 1 1 10 9 12 1 1 10 7 12 1 1 1 9 12 1 11 7 1 11 12 1 1 10 12 1 11 7 12 1 1 1 11 7 12 1 1 11 12 1 7 1 11 12 1 11 7 1 10 12 1 10 11 12 1 1 10 10 12 1 1 10 12 1 1 9 12 1 1 10 12 1 10 7 12 1 1 1 10 7 12 1 1 1 10 12 1 1 10 12 1 10 12 1 10 12 1 1 8 1 10 7 12 1 1 8 1 10 12 1 1 10 7 12 1 1 1 7 1 10 10 10 10 12 1 1 10 7 12 1 1 1 10 12 1 10 12 1 1 9 12 1 1 9 12 1 11 10 9 12 1 1 9 7 12 1 1 1 10 7 12 1 1 1 10 12 1 18 12 1 1 10 12 1 1 11 12 1 1 100 1 8 1 10 12 1 10 12 1 1 10 7 12 1 1 1 9 12 1 10 12 1 10 12 1 10 12 1 1 7 1 10 7 12 1 1 1 10 12 1 11 12 1 10 12 1 1 10 12 1 1 10 7 12 1 1 1 7 1 10 10 12 1 1 10 12 1 9 12 1 100 1 18 12 1 10 10 12 1 11 12 1 11 12 1 8 1 10 12 1 1 100 1 10 12 1 11 12 1 10 12 1 1 9 12 1 8 1 10 12 1 10 12 1 1 11 10 12 1 1 10 7 12 1 1 1 10 12 1 1 10 7 12 1 10 12 1 7 1 10 10 12 1 1 10 12 1 10 7 12 1 1 1 100 1 10 12 1 1 8 1 10 12 1 1 18 10 12 11 18 8 1 10 7 1 10 12 1 1 10 12 1 1 11 9 12 1 1 10 12 1 11 12 1 1 10 12 1 9 7 12 1 1 1 10 12 1 1 11 10 12 1 1 10 100 1 18 12 1 100 1 10 12 11 10 7 1 10 12 1 11 12 1 10 12 1 7 1 11 10 10 12 1 7 1 7 1 10 12 1 1 100 1 10 8 1 10 12 1 1 8 1 8 1 8 1 10 12 1 8 1 10 100 12 1 1 1 10 100 1 10 12 1 1 10 100 12 1 1 8 1 10 8 1 9 12 1 10 8 1 11 10 8 1 8 1 11 8 1 8 1 8 1 10 10 12 1 10 12 1 10 12 1 10 12 1 10 12 1 1 11 18 10 12 1 1 18 11 100 1 11 9 7 12 1 1 1 10 12 1 8 1 10 12 1 9 12 1 9 7 12 1 1 1 8 1 8 1 9 12 1 8 1 8 1 9 12 1 8 1 9 12 1 8 1 9 12 1 9 12 1 8 1 9 12 1 8 1 8 1 9 12 1 10 12 1 10 12 1 1 10 100 12 1 1 10 12 1 1 10 12 1 1 10 12 1 1 10 12 1 1 6 0 9 12 1 8 1 10 12 1 10 12 1 10 12 1 1 7 1 10 12 1 10 12 1 1 8 1 8 1 8 1 10 100 12 1 1 10 12 1 10 12 1 11 100 1 10 12 1 11 100 1 10 12 1 100 1 10 10 12 1 10 12 1 1 10 12 1 11 10 12 1 1 11 10 7 12 1 1 7 1 10 12 1 1 1 1 1 1 1 100 1 1 1 1 1 1 1 100 1 1 1 100 1 1 1 1 1 1 1 1 1 1 1 1 1 1 1 1 1 1 1 1 8 1 8 1 8 1 8 1 8 1 8 1 8 1 15 10 100 12 1 1 1 1 1 1 1 100 1 100 1 1 1 100 1 100 1 1
staticfield javafx/scene/CssStyleHelper LOGGER Lcom/sun/javafx/logging/PlatformLogger; com/sun/javafx/logging/PlatformLogger
staticfield javafx/scene/CssStyleHelper EMPTY_NODE Ljava/lang/ref/WeakReference; java/lang/ref/WeakReference
staticfield javafx/scene/CssStyleHelper NULL_PSEUDO_CLASS_STATE Ljava/util/Set; null
staticfield javafx/scene/CssStyleHelper dummyFontProperty Ljavafx/css/CssMetaData; javafx/scene/CssStyleHelper$1
staticfield javafx/scene/CssStyleHelper $assertionsDisabled Z 1
ciInstanceKlass javafx/scene/text/FontPosture 1 1 71 7 1 9 12 1 1 9 12 1 9 12 1 1 10 100 12 1 1 10 7 12 1 1 1 10 12 1 1 9 12 1 1 10 12 1 1 10 7 12 1 1 1 8 8 1 8 1 10 12 1 8 8 1 10 12 1 1 1 1 1 1 1 1 1 100 1 1 1 1 1
staticfield javafx/scene/text/FontPosture REGULAR Ljavafx/scene/text/FontPosture; javafx/scene/text/FontPosture
staticfield javafx/scene/text/FontPosture ITALIC Ljavafx/scene/text/FontPosture; javafx/scene/text/FontPosture
staticfield javafx/scene/text/FontPosture $VALUES [Ljavafx/scene/text/FontPosture; 2 [Ljavafx/scene/text/FontPosture;
ciInstanceKlass javafx/scene/text/FontWeight 1 1 129 7 1 9 12 1 1 9 12 1 9 12 1 9 12 1 9 12 1 9 12 1 9 12 1 9 12 1 9 12 1 9 12 1 1 10 100 12 1 1 10 7 12 1 1 1 10 12 1 1 9 12 1 1 9 12 1 1 10 12 1 1 10 7 12 1 1 1 8 8 1 10 12 1 8 8 1 8 1 8 8 1 8 8 1 8 1 8 8 1 8 8 1 8 1 8 8 1 8 8 1 8 1 8 8 1 8 1 10 12 1 1 1 1 1 1 1 1 1 1 1 100 1 1 1 1 1 1 1
staticfield javafx/scene/text/FontWeight THIN Ljavafx/scene/text/FontWeight; javafx/scene/text/FontWeight
staticfield javafx/scene/text/FontWeight EXTRA_LIGHT Ljavafx/scene/text/FontWeight; javafx/scene/text/FontWeight
staticfield javafx/scene/text/FontWeight LIGHT Ljavafx/scene/text/FontWeight; javafx/scene/text/FontWeight
staticfield javafx/scene/text/FontWeight NORMAL Ljavafx/scene/text/FontWeight; javafx/scene/text/FontWeight
staticfield javafx/scene/text/FontWeight MEDIUM Ljavafx/scene/text/FontWeight; javafx/scene/text/FontWeight
staticfield javafx/scene/text/FontWeight SEMI_BOLD Ljavafx/scene/text/FontWeight; javafx/scene/text/FontWeight
staticfield javafx/scene/text/FontWeight BOLD Ljavafx/scene/text/FontWeight; javafx/scene/text/FontWeight
staticfield javafx/scene/text/FontWeight EXTRA_BOLD Ljavafx/scene/text/FontWeight; javafx/scene/text/FontWeight
staticfield javafx/scene/text/FontWeight BLACK Ljavafx/scene/text/FontWeight; javafx/scene/text/FontWeight
staticfield javafx/scene/text/FontWeight $VALUES [Ljavafx/scene/text/FontWeight; 9 [Ljavafx/scene/text/FontWeight;
ciInstanceKlass com/sun/javafx/css/StyleManager$CacheContainer 1 1 200 10 7 12 1 1 1 9 7 12 1 1 1 9 12 1 9 12 1 1 7 1 10 9 12 1 9 7 12 1 1 1 11 7 12 1 1 1 10 7 1 11 7 12 1 1 1 11 12 1 1 11 12 1 1 9 12 1 1 7 1 10 12 1 11 12 1 7 1 9 12 1 1 11 12 1 1 11 12 1 9 12 1 10 10 12 1 1 7 1 9 12 1 1 11 100 1 3 10 12 1 1 9 12 1 11 12 1 7 1 7 1 10 18 12 1 1 10 12 1 1 9 7 12 1 1 1 10 7 12 1 1 1 10 12 1 7 1 10 12 1 1 10 12 1 1 1 1 1 1 1 1 1 1 1 1 1 1 100 1 1 1 1 1 1 1 1 1 1 1 1 1 1 1 8 1 15 10 7 12 1 1 1 1 1 100 1 100 1 1 100 1 100 1 1 100 1 100 1 1
ciInstanceKlass com/sun/javafx/logging/PlatformLogger$Level 1 1 107 7 1 9 12 1 1 9 12 1 9 12 1 9 12 1 9 12 1 9 12 1 9 12 1 9 12 1 9 12 1 1 10 100 12 1 1 10 7 12 1 1 1 10 12 1 1 9 12 1 1 8 9 7 12 1 10 12 1 8 9 12 1 8 8 9 12 1 8 9 12 8 9 12 8 9 12 1 8 9 12 10 12 1 1 1 1 1 1 1 1 1 1 1 1 1 1 1 100 1 1 1 100 1 100 1 1
staticfield com/sun/javafx/logging/PlatformLogger$Level ALL Lcom/sun/javafx/logging/PlatformLogger$Level; com/sun/javafx/logging/PlatformLogger$Level
staticfield com/sun/javafx/logging/PlatformLogger$Level FINEST Lcom/sun/javafx/logging/PlatformLogger$Level; com/sun/javafx/logging/PlatformLogger$Level
staticfield com/sun/javafx/logging/PlatformLogger$Level FINER Lcom/sun/javafx/logging/PlatformLogger$Level; com/sun/javafx/logging/PlatformLogger$Level
staticfield com/sun/javafx/logging/PlatformLogger$Level FINE Lcom/sun/javafx/logging/PlatformLogger$Level; com/sun/javafx/logging/PlatformLogger$Level
staticfield com/sun/javafx/logging/PlatformLogger$Level INFO Lcom/sun/javafx/logging/PlatformLogger$Level; com/sun/javafx/logging/PlatformLogger$Level
staticfield com/sun/javafx/logging/PlatformLogger$Level WARNING Lcom/sun/javafx/logging/PlatformLogger$Level; com/sun/javafx/logging/PlatformLogger$Level
staticfield com/sun/javafx/logging/PlatformLogger$Level SEVERE Lcom/sun/javafx/logging/PlatformLogger$Level; com/sun/javafx/logging/PlatformLogger$Level
staticfield com/sun/javafx/logging/PlatformLogger$Level OFF Lcom/sun/javafx/logging/PlatformLogger$Level; com/sun/javafx/logging/PlatformLogger$Level
staticfield com/sun/javafx/logging/PlatformLogger$Level $VALUES [Lcom/sun/javafx/logging/PlatformLogger$Level; 8 [Lcom/sun/javafx/logging/PlatformLogger$Level;
ciInstanceKlass com/sun/javafx/css/StyleMap 1 1 186 10 7 12 1 1 1 9 7 12 1 1 1 9 12 1 1 11 7 12 1 1 1 9 12 1 1 11 7 1 10 7 12 1 1 1 7 1 10 11 12 1 1 11 12 1 1 7 1 10 12 1 1 10 12 1 1 10 7 12 1 1 1 11 7 1 11 7 1 7 1 10 12 1 11 12 1 1 9 12 1 1 10 12 1 1 7 1 10 12 1 10 12 1 1 11 12 1 10 7 12 1 1 11 12 1 1 11 12 1 1 9 12 1 1 100 1 10 11 12 1 10 12 1 1 10 12 1 10 7 12 1 1 10 12 1 1 10 12 1 9 12 1 1 18 12 1 1 1 1 1 1 1 1 1 1 1 1 100 1 1 1 1 1 1 1 1 16 1 15 10 12 16 15 10 7 12 1 1 1 1 100 1 100 1 1
staticfield com/sun/javafx/css/StyleMap EMPTY_MAP Lcom/sun/javafx/css/StyleMap; com/sun/javafx/css/StyleMap
staticfield com/sun/javafx/css/StyleMap cascadingStyleComparator Ljava/util/Comparator; com/sun/javafx/css/StyleMap$$Lambda+0x000001de141f5060
staticfield com/sun/javafx/css/StyleMap $assertionsDisabled Z 1
ciInstanceKlass com/sun/javafx/css/CascadingStyle 1 1 129 9 7 12 1 1 1 10 7 12 1 1 1 9 12 1 1 9 12 1 1 9 12 1 8 1 10 7 12 1 1 1 10 7 12 1 1 1 10 7 12 1 1 1 9 12 1 1 10 7 12 1 1 1 10 12 1 10 12 1 1 10 12 1 1 10 12 1 10 10 12 1 1 10 10 7 12 1 1 1 10 12 1 1 10 10 12 1 1 11 100 12 1 1 1 10 12 1 11 10 12 1 1 10 7 12 1 1 1 10 12 1 100 1 1 1 1 1 1 1 1 1 1 1 1 1 1 1 1
ciInstanceKlass javafx/scene/CssStyleHelper$CacheContainer 1 1 135 10 7 12 1 1 1 9 7 12 1 1 1 10 7 12 1 1 1 9 12 1 1 10 7 12 1 1 1 9 12 1 1 9 7 12 1 1 1 11 7 1 7 1 10 12 1 9 12 1 1 10 12 1 1 11 7 12 1 1 11 12 1 1 7 1 8 1 10 12 1 1 10 7 12 1 1 1 9 12 1 1 7 1 10 9 12 1 1 9 12 1 10 12 1 1 10 7 12 1 1 1 10 12 1 1 9 12 1 1 1 1 1 1 1 1 1 1 100 1 1 100 1 1 1 1 1 1 100 1 1 100 1 100 1
ciInstanceKlass com/sun/javafx/css/StyleCache$Key 1 1 57 10 7 12 1 1 1 100 1 3 9 7 12 1 1 1 9 12 1 1 10 7 12 1 1 1 10 12 1 10 100 12 1 1 1 10 12 1 1 1 1 1 1 1 1 1 1 1 1 1 1 1 1 100 1 1 1
ciInstanceKlass javafx/scene/control/Labeled$StyleableProperties$1 1 1 52 10 7 12 1 1 1 9 7 12 1 1 1 10 7 12 1 1 1 10 12 1 1 7 1 10 7 12 1 1 1 10 12 1 1 1 1 1 1 1 1 1 1 1 1 1 1 100 1 1 1 1
ciInstanceKlass javafx/scene/layout/Region$StyleableProperties$4 1 1 49 10 7 12 1 1 1 9 7 12 1 1 1 10 7 12 1 1 1 100 1 10 7 12 1 1 1 10 12 1 1 1 1 1 1 1 1 1 1 1 1 1 1 1 100 1 1 1 1
ciInstanceKlass javafx/scene/layout/BackgroundConverter 1 1 130 10 7 12 1 1 1 9 7 12 1 1 1 11 7 12 1 1 1 7 1 9 12 1 100 1 7 1 9 12 1 7 1 7 1 9 12 1 7 1 7 1 9 12 1 1 9 12 1 10 12 1 100 1 9 12 1 100 1 100 1 9 12 1 100 1 100 1 9 12 1 100 1 100 1 10 100 12 1 1 1 10 12 1 1 9 12 1 1 9 12 1 10 12 1 10 12 1 10 7 12 1 1 1 10 9 12 1 1 1 1 1 1 1 100 1 100 1 100 1 100 1 100 1 1 1 1 1 1 1
staticfield javafx/scene/layout/BackgroundConverter INSTANCE Ljavafx/css/StyleConverter; javafx/scene/layout/BackgroundConverter
ciInstanceKlass com/sun/javafx/css/SubCssMetaData 1 1 33 10 7 12 1 1 1 10 12 1 100 1 10 100 12 1 1 1 10 12 1 1 1 1 1 1 1 1 1 1 1 1 1
ciInstanceKlass com/sun/javafx/css/StyleCache 1 1 56 10 7 12 1 1 1 9 7 12 1 1 1 10 100 12 1 1 11 7 12 1 1 11 12 1 1 7 1 7 1 10 12 1 11 12 1 1 1 1 1 1 1 1 1 1 1 1 1 1 100 1 1 1 100 1
ciInstanceKlass com/sun/javafx/css/StyleCacheEntry$Key 1 1 107 10 7 12 1 1 1 100 1 3 9 7 12 1 1 1 7 1 9 12 1 1 10 7 12 1 1 1 10 7 12 1 1 1 10 12 1 1 9 12 1 1 10 100 12 1 1 1 18 12 1 1 10 7 12 1 1 1 10 12 1 1 11 12 1 10 12 1 1 6 0 6 0 11 12 1 1 1 1 1 1 1 1 100 1 1 1 1 1 100 1 1 8 1 15 10 100 12 1 1 1 1 100 1 100 1 1
ciInstanceKlass com/sun/javafx/css/CalculatedValue 1 1 88 10 7 12 1 1 1 9 7 12 1 1 1 9 12 1 1 9 12 1 1 100 1 10 10 12 1 1 10 100 12 1 1 1 10 12 1 8 1 10 12 1 10 12 1 10 12 1 1 10 12 1 1 10 12 1 1 10 12 1 1 10 7 12 1 1 10 7 1 10 12 1 9 12 1 1 1 1 1 1 1 1 1 1 1 1 1 1
staticfield com/sun/javafx/css/CalculatedValue SKIP Lcom/sun/javafx/css/CalculatedValue; com/sun/javafx/css/CalculatedValue
ciInstanceKlass javafx/css/Style 1 1 64 9 7 12 1 1 1 9 12 1 1 10 7 12 1 1 1 10 12 1 1 10 12 1 1 10 100 1 10 12 1 1 10 100 1 10 10 100 12 1 1 1 10 12 1 1 8 1 8 1 10 12 1 1 1 1 1 1 1 1 1 1 1 1
ciInstanceKlass com/sun/javafx/css/StyleCacheEntry 1 1 48 10 7 12 1 1 1 9 7 12 1 1 1 11 7 12 1 1 1 11 12 1 1 7 1 7 1 10 12 1 11 12 1 1 1 1 1 1 1 1 1 1 1 1 100 1 1 1
ciInstanceKlass com/sun/javafx/scene/control/LabeledText$1 1 1 53 10 7 12 1 1 1 9 7 12 1 1 1 10 7 12 1 1 1 10 7 12 1 1 1 10 12 1 1 10 7 12 1 1 1 10 12 1 1 1 1 1 1 1 1 1 1 1 1 1 1 1 1
ciInstanceKlass javafx/scene/Node$MiscProperties$10 1 1 122 9 7 12 1 1 1 10 7 12 1 1 1 9 12 1 1 7 1 10 12 1 9 12 1 1 10 12 1 1 7 1 10 7 12 1 1 1 10 7 12 1 1 1 10 7 12 1 1 1 10 12 1 10 12 1 1 9 7 12 1 1 1 9 7 12 1 1 1 10 7 12 1 1 1 10 12 1 9 12 1 1 9 12 1 10 7 12 1 1 1 9 100 12 1 1 1 8 1 1 1 1 1 1 1 1 1 1 1 1 1 1 1 1 1 12 1 1 1 1 1 1
ciInstanceKlass javafx/scene/control/skin/VirtualFlow 1 1 1298 10 7 12 1 1 1 10 7 12 1 1 1 9 12 1 1 9 12 1 6 0 9 12 1 1 9 12 1 9 12 1 1 9 12 1 9 12 1 7 1 10 9 12 1 1 9 12 1 7 1 10 12 1 9 12 1 1 9 12 1 9 12 1 9 12 1 7 1 10 9 12 1 1 9 12 1 9 12 1 9 12 1 9 12 1 9 12 1 9 12 1 9 12 1 7 1 10 9 12 1 1 9 12 1 7 1 8 1 10 12 1 9 12 1 7 1 8 1 10 12 1 9 12 1 7 1 8 1 10 12 1 9 12 1 7 1 8 1 10 9 12 9 12 1 1 9 12 1 10 12 1 1 8 1 11 7 12 1 1 1 10 12 1 1 7 1 10 9 12 1 1 10 8 10 12 1 10 12 1 9 12 1 1 7 1 10 9 12 1 1 10 12 1 1 10 9 12 1 10 12 1 18 12 1 1 10 12 1 18 12 1 10 12 1 1 18 7 1 10 10 12 1 1 9 7 12 1 1 1 7 1 10 10 12 1 1 9 12 1 18 12 1 1 9 12 1 18 9 7 12 1 1 1 10 12 1 1 9 12 1 18 12 1 10 12 1 9 12 1 18 7 1 10 9 12 1 1 10 7 1 8 11 12 1 1 18 12 1 1 10 12 1 1 10 7 12 1 1 1 10 12 1 1 10 7 1 10 12 1 10 10 12 1 1 10 7 1 18 12 1 1 10 12 1 10 12 1 1 18 10 7 1 18 10 12 1 18 10 12 1 7 1 7 1 10 10 12 1 10 7 12 1 1 1 10 12 1 9 12 1 10 12 1 1 7 1 10 12 1 10 7 12 1 1 10 12 1 10 12 1 10 12 1 10 12 1 1 10 7 12 1 1 9 12 1 1 10 12 1 7 1 7 1 8 10 10 12 1 9 12 1 10 12 1 10 12 1 9 12 1 1 10 12 1 1 11 12 1 10 12 1 10 12 1 7 1 10 12 1 10 10 12 1 10 12 1 10 12 1 10 12 1 10 12 1 1 10 10 12 10 12 1 10 12 1 10 12 1 10 10 9 7 12 1 1 10 12 1 10 12 1 10 12 1 10 12 1 1 10 12 1 1 10 12 1 9 12 1 9 12 1 10 10 12 1 10 12 1 10 12 1 10 12 1 1 10 12 1 1 10 12 1 1 10 12 1 10 12 1 10 12 1 10 12 1 10 12 1 10 12 1 10 10 12 1 9 12 1 100 1 10 10 12 1 1 10 12 1 10 12 1 10 12 1 1 11 12 1 1 10 12 1 1 8 1 11 7 12 1 1 1 10 12 1 1 10 12 1 10 12 1 10 12 1 10 12 1 10 12 1 10 10 12 1 10 12 1 10 12 1 1 10 12 1 10 12 1 1 10 12 1 10 12 1 10 12 1 1 10 12 1 10 7 12 1 1 1 10 10 12 1 10 12 1 10 12 1 9 12 1 10 12 1 10 12 1 1 10 12 1 6 0 10 12 1 10 12 1 10 12 1 10 12 1 10 12 1 10 12 1 10 12 1 7 1 9 7 12 1 1 1 10 12 1 1 10 12 1 18 11 10 12 1 1 11 12 1 10 12 1 11 12 10 12 1 9 12 1 9 12 1 10 12 1 10 12 1 10 12 1 1 10 7 1 10 10 10 10 12 1 10 12 1 10 12 1 10 12 1 10 12 1 10 12 1 10 12 1 10 12 1 10 12 1 10 12 1 10 7 12 1 1 1 10 12 1 1 10 12 1 10 12 1 6 0 10 12 1 10 100 12 1 1 1 9 100 12 1 1 1 10 100 12 1 1 1 10 100 12 1 1 1 10 12 1 1 18 12 1 1 10 12 1 10 10 12 1 10 12 1 9 12 1 1 100 1 10 100 1 10 100 12 1 1 1 18 100 1 10 12 1 9 12 1 1 6 0 18 9 12 1 10 12 1 11 12 1 10 12 1 10 10 9 12 1 10 12 1 10 12 1 9 12 1 10 12 1 10 12 1 10 12 1 10 12 1 10 12 1 10 12 1 10 12 1 10 12 1 10 12 1 1 10 12 1 10 12 1 10 12 1 10 10 10 10 10 10 10 10 10 12 1 10 10 10 12 1 11 11 11 7 1 11 12 1 1 11 10 12 1 1 10 12 1 10 100 12 1 1 1 10 12 1 10 10 100 1 10 12 1 6 0 10 12 1 1 10 12 10 12 10 12 1 10 7 12 1 1 10 12 1 10 12 1 10 12 6 0 6 0 6 0 10 12 10 12 1 10 10 7 1 10 12 1 10 12 1 10 12 1 10 12 1 10 10 12 1 1 10 11 12 1 1 11 7 12 1 1 11 12 1 10 10 12 1 10 12 1 10 7 1 10 12 1 10 12 1 10 12 1 10 12 1 10 12 1 9 12 1 10 12 1 9 12 1 10 12 1 10 100 1 10 10 12 1 10 10 10 100 12 1 1 1 9 100 12 1 1 10 12 1 11 100 12 1 1 1 11 12 1 11 100 12 1 1 10 7 12 1 1 1 1 3 1 1 1 1 3 1 1 1 1 1 1 1 1 1 1 1 1 1 1 1 1 1 1 1 1 1 1 1 1 1 1 1 1 1 1 1 1 1 1 1 1 1 1 1 1 1 1 1 1 1 1 1 1 1 1 1 1 1 1 100 1 1 1 1 1 1 1 1 1 1 1 1 1 100 1 1 1 1 1 1 1 1 1 1 1 1 1 1 1 1 1 1 100 1 1 16 15 10 12 15 10 12 15 10 12 16 1 15 10 12 16 15 10 12 15 10 12 15 10 12 16 15 10 12 16 1 15 10 12 16 15 10 12 15 10 12 16 15 10 12 15 10 12 8 1 15 10 12 16 15 10 12 15 10 7 12 1 1 1 15 10 100 12 1 1 1 1 1 1 100 1 100 1 1
staticfield javafx/scene/control/skin/VirtualFlow $assertionsDisabled Z 1
ciInstanceKlass com/sun/javafx/scene/control/VirtualScrollBar 1 1 162 10 7 12 1 1 1 7 1 8 1 10 12 1 9 7 12 1 1 9 12 1 1 10 12 1 1 18 12 1 1 10 7 12 1 1 1 10 7 12 1 1 1 10 12 1 1 10 12 1 6 0 10 100 12 1 1 1 10 12 1 6 0 10 12 1 9 12 1 1 10 12 1 1 10 12 1 10 12 1 10 100 12 1 1 1 10 12 1 1 10 12 1 10 100 12 1 1 1 10 100 12 1 1 1 10 12 1 10 12 1 10 12 1 1 10 12 1 1 10 12 1 10 12 1 1 10 12 1 10 12 1 1 1 1 1 1 1 1 1 1 1 1 1 16 1 15 10 12 15 10 7 12 1 1 1 1 100 1 100 1 1
ciInstanceKlass com/sun/javafx/scene/control/LabeledText$StyleablePropertyMirror 1 1 69 9 7 12 1 1 1 10 7 12 1 1 1 9 12 1 1 9 12 1 1 100 1 11 12 1 1 10 12 1 1 11 7 12 1 1 1 10 7 12 1 1 1 9 12 1 1 11 100 1 1 1 1 1 1 1 1 1 1 1 1 1 1 1 1 7 1 1 1
ciInstanceKlass javafx/scene/control/skin/ScrollBarSkin$2 1 1 54 9 7 12 1 1 1 10 7 12 1 1 1 9 100 12 1 1 1 10 100 12 1 1 1 10 7 12 1 1 1 100 1 10 12 1 1 10 12 1 1 1 1 1 1 1 1 1 1 12 1 1 1 1
ciInstanceKlass javafx/scene/control/skin/ScrollBarSkin$3 1 1 54 9 7 12 1 1 1 10 7 12 1 1 1 9 100 12 1 1 1 10 100 12 1 1 1 10 7 12 1 1 1 100 1 10 12 1 1 10 12 1 1 1 1 1 1 1 1 1 1 12 1 1 1 1
ciInstanceKlass javafx/scene/control/MenuBar 1 1 145 100 1 10 7 12 1 1 1 10 7 12 1 1 10 7 12 1 1 1 9 12 1 1 8 1 9 12 1 1 10 12 1 7 1 8 1 11 7 12 1 1 1 9 7 12 1 1 1 10 12 1 1 10 12 1 11 12 1 10 12 1 1 7 1 9 7 12 1 1 1 11 12 1 1 9 12 1 1 100 1 10 12 1 10 12 1 10 12 1 1 10 100 12 1 1 1 10 12 1 1 10 12 1 1 7 1 10 9 7 12 1 1 1 10 12 1 1 1 1 1 1 1 1 1 1 1 1 1 1 1 1 1 1 1 1 1 1 1 1 1 100 1 1 1
instanceKlass com/sun/javafx/scene/control/ContextMenuContent$MenuBox
ciInstanceKlass javafx/scene/layout/VBox 1 1 400 7 1 8 1 10 12 1 1 10 12 1 1 7 1 8 1 7 1 10 12 1 1 10 12 1 1 10 7 12 1 1 1 9 12 1 1 10 10 12 1 1 10 12 1 1 11 100 12 1 1 1 9 12 1 1 100 1 10 12 1 10 12 1 1 10 100 12 1 1 10 12 1 1 9 12 1 1 100 1 9 7 12 1 1 1 10 12 1 10 12 1 1 10 100 12 1 1 10 12 1 10 12 1 1 9 12 1 1 100 1 10 12 1 10 12 1 1 10 100 12 1 1 10 12 1 9 12 1 1 10 12 1 1 11 7 12 1 1 1 11 7 12 1 1 11 12 1 7 1 10 12 1 1 9 100 12 1 1 10 12 1 1 6 0 10 10 12 1 1 10 12 1 1 9 12 1 1 10 12 1 1 10 12 1 10 12 1 10 12 1 1 10 12 1 10 12 1 10 12 1 10 12 1 1 10 12 1 10 12 1 10 12 11 12 1 1 10 12 1 1 10 12 1 11 12 1 10 12 1 1 10 12 1 1 10 12 1 10 12 1 1 10 12 1 9 12 1 1 10 12 1 1 9 12 1 10 12 1 1 10 12 1 10 12 1 10 7 12 1 1 1 10 7 12 1 1 10 12 1 10 12 1 10 12 1 10 12 1 10 12 1 10 12 1 10 12 1 1 10 12 1 1 10 12 1 1 10 12 1 1 9 12 1 1 7 10 12 1 1 9 7 12 1 1 1 10 12 1 18 12 1 1 1 1 1 1 1 1 1 1 1 1 1 1 1 1 1 1 1 1 1 1 1 1 1 1 100 1 1 1 1 100 1 100 1 1 1 1 1 1 1 1 100 1 100 1 100 1 1 16 1 15 10 12 16 15 10 7 12 1 1 1 1 1 100 1 100 1 1
staticfield javafx/scene/layout/VBox marginAccessor Ljavafx/util/Callback; javafx/scene/layout/VBox$$Lambda+0x000001de1429f7d0
ciInstanceKlass org/fxmisc/flowless/Navigator 1 1 586 10 9 9 9 9 9 9 10 9 9 9 9 9 18 11 9 10 10 10 18 10 11 10 11 11 11 7 11 7 10 10 11 11 11 11 10 10 10 11 10 7 11 10 11 11 11 7 11 11 11 11 7 10 10 10 9 10 9 10 10 9 9 10 10 10 10 10 10 10 9 10 10 9 9 10 10 10 10 10 10 10 10 10 10 10 10 10 11 10 10 10 10 10 10 10 18 10 6 0 10 10 7 10 18 10 10 11 10 10 10 10 10 10 10 10 10 10 9 10 10 9 100 10 10 10 7 10 7 100 1 1 1 1 1 1 1 1 1 1 1 1 1 1 7 1 1 1 1 1 1 1 1 1 1 1 1 1 1 1 1 1 1 1 1 1 1 1 1 1 1 1 1 1 1 1 1 1 1 1 1 1 1 1 1 1 1 1 1 1 1 1 1 1 1 1 1 1 7 1 1 1 1 1 1 1 1 1 1 1 1 1 1 1 1 1 1 1 1 1 1 7 7 1 1 1 1 1 1 1 1 1 1 1 1 1 1 1 1 1 1 1 1 1 1 1 1 1 1 1 1 1 1 1 1 1 1 1 1 1 1 1 1 1 1 1 1 1 1 1 1 1 1 1 1 1 1 1 1 1 1 1 1 1 1 1 1 1 1 1 1 1 1 1 12 7 12 12 12 12 12 12 7 12 12 12 12 12 12 1 15 16 15 16 12 7 12 12 12 12 7 12 16 15 16 12 7 12 100 12 12 7 12 12 12 1 12 1 12 7 12 12 12 12 12 12 12 7 12 12 7 12 1 7 12 12 7 12 12 12 1 12 12 12 12 1 7 12 12 12 12 12 12 12 12 100 12 12 12 12 12 12 12 12 12 12 12 12 12 12 12 12 12 12 12 12 12 12 12 12 12 12 12 12 12 12 12 12 16 15 16 12 12 12 12 1 12 15 12 12 12 12 12 12 12 12 12 12 12 12 12 12 12 12 12 1 12 12 1 7 12 1 1 100 1 1 1 1 1 1 1 1 1 10 1 10 1 100 1 1 1 1 1 1 1 1 1 1 1 1 10 1 1 1 1 1 1 1 1 1 1 1 1 1 1 1 1 1 1 1 1 1 1 1 1 1 1 1 1 1 1 1 1 1 1 1 1 1 1 1 1 1 1 1 1 1 1 1 1 1 1 1 1 1 1 1 1 1 1 1 1 1 1 1 1 1 1 1 1 1 1 1 1 1 1 1 1 1 1 1 1 1 1 10 1 1 1 1 1 1 1 1 1 10 1 1 1 1 1 1 1 7 12 12 1 12 12 12 1 1 100 1 1 100 1 1
staticfield org/fxmisc/flowless/Navigator $assertionsDisabled Z 1
ciInstanceKlass javafx/scene/control/skin/MenuBarSkin$4 1 1 56 10 7 12 1 1 1 10 7 12 1 1 1 7 1 9 12 1 1 10 7 12 1 1 1 10 12 1 1 7 1 10 7 12 1 1 1 10 12 1 1 1 1 1 1 1 1 1 1 1 1 1 1 1 1 1
ciInstanceKlass javafx/scene/control/MenuBar$StyleableProperties$1 1 1 53 10 7 12 1 1 1 9 7 12 1 1 1 10 100 12 1 1 1 10 12 1 1 100 1 10 7 12 1 1 1 10 12 1 1 1 1 1 1 1 1 1 1 1 1 1 1 1 100 1 1 1 1
ciInstanceKlass com/sun/javafx/scene/control/MenuBarButton 1 1 219 10 7 12 1 1 1 10 12 1 1 10 7 12 1 1 1 9 7 12 1 1 1 9 7 12 1 1 1 10 12 1 1 10 12 1 1 18 12 1 1 9 12 1 1 11 7 12 1 1 1 10 12 1 18 12 1 9 12 1 10 12 1 1 10 10 7 12 1 1 1 10 12 1 1 10 7 12 1 1 1 7 1 9 7 12 1 1 1 10 12 1 1 9 12 1 1 11 12 1 10 12 1 1 9 100 12 1 1 1 10 12 1 1 10 12 1 1 10 7 12 1 1 1 10 12 1 10 12 1 10 11 12 1 1 7 1 11 12 1 1 10 12 1 1 11 7 12 1 1 1 11 7 12 1 1 11 12 1 11 12 1 10 11 12 1 1 10 12 1 11 12 1 1 1 1 1 1 1 1 1 1 1 1 1 1 1 1 1 1 1 1 1 1 1 1 16 15 10 12 15 10 12 15 10 7 12 1 1 1 1 100 1 1 100 1 100 1 1
ciInstanceKlass javafx/scene/control/skin/MenuBarSkin$2 1 1 56 9 7 12 1 1 1 10 7 12 1 1 1 10 12 1 1 9 7 12 1 1 1 10 7 12 1 1 1 8 1 9 12 1 1 1 1 1 1 1 1 1 1 1 1 1 1 1 1 1 1 12 1 1 1 1
ciInstanceKlass org/reactfx/util/HashAccuMap 1 1 105 10 10 10 10 10 10 11 11 10 11 11 10 11 7 7 100 1 1 1 1 1 1 1 1 1 1 1 1 1 1 1 1 1 1 1 1 1 1 1 1 1 1 1 1 1 1 1 1 1 1 1 1 1 100 1 1 1 1 1 1 1 12 12 12 7 12 12 12 7 12 12 12 7 12 12 12 7 12 1 1 1 1 1 1 1 1 1 1 1 1 1 1 1 1 1 1 1 1 1 1 1 1 1 1
ciMethodData java/lang/Byte toUnsignedInt (B)I 2 29521 orig 80 0 0 0 0 0 0 0 0 0 0 0 0 253 127 0 0 0 0 0 0 0 0 0 0 0 0 0 0 0 0 0 0 0 0 0 0 0 0 0 0 0 0 0 0 0 0 0 0 0 0 0 0 0 0 0 0 0 0 0 0 0 0 0 0 0 0 0 0 0 0 0 0 0 0 0 0 0 0 0 0 data 4 0x0 0x9 0x1 0x0 oops 0 methods 0
ciMethodData java/lang/Object <init> ()V 2 579730 orig 80 0 0 0 0 0 0 0 0 0 0 0 0 253 127 0 0 0 0 0 0 0 0 0 0 0 0 0 0 0 0 0 0 0 0 0 0 0 0 0 0 0 0 0 0 0 0 0 0 0 0 0 0 0 0 0 0 0 0 0 0 0 0 0 0 0 0 0 0 0 0 0 0 0 0 0 0 0 0 0 0 data 4 0x0 0x9 0x1 0x0 oops 0 methods 0
ciMethodData java/lang/String isLatin1 ()Z 2 426834 orig 80 1 0 0 0 2 0 0 0 0 0 0 0 253 127 0 0 0 0 0 0 0 0 0 0 0 0 0 0 0 0 0 0 0 0 0 0 0 0 0 4 0 0 0 0 0 0 0 0 0 0 0 0 0 0 0 0 0 0 0 0 0 0 0 0 0 0 0 0 0 0 0 0 0 0 0 0 0 0 0 0 data 18 0x30007 0x0 0x58 0x68352 0x80000006000a0007 0x275 0x38 0x680e1 0xe0003 0x680e1 0x18 0x0 0x0 0x0 0x0 0x9 0x1 0x0 oops 0 methods 0
ciMethodData java/lang/String hashCode ()I 2 21626 orig 80 1 0 0 0 0 0 0 0 0 0 0 0 253 127 0 0 0 0 0 0 0 0 0 0 0 0 0 0 0 0 0 0 0 0 0 0 0 0 0 0 0 0 0 0 0 0 0 0 0 0 0 0 0 0 0 0 0 0 0 0 0 0 0 0 0 0 0 0 0 0 0 0 0 0 0 0 0 0 0 0 data 41 0x60007 0x1793 0x100 0x3ce7 0xd0007 0x5 0xe0 0x3ce2 0x110005 0x3ce2 0x0 0x0 0x0 0x0 0x140007 0x1 0x48 0x3ce2 0x1b0002 0x3ce2 0x1e0003 0x3ce2 0x28 0x250002 0x1 0x2a0007 0x3ce2 0x38 0x1 0x320003 0x1 0x18 0x0 0x0 0x0 0x0 0x0 0x0 0x9 0x1 0xe oops 0 methods 0
ciMethodData java/lang/StringLatin1 hashCode ([B)I 2 15585 orig 80 0 0 0 0 0 0 0 0 0 0 0 0 253 127 0 0 0 0 0 0 0 0 0 0 0 0 0 0 0 0 0 0 0 0 0 0 0 0 0 0 0 0 0 0 0 0 0 0 0 0 0 0 0 0 0 0 0 0 0 0 0 0 0 0 0 0 0 0 0 0 0 0 0 0 0 0 0 0 0 0 data 11 0x50002 0x3ce1 0x0 0x0 0x0 0x0 0x0 0x0 0x9 0x1 0x0 oops 0 methods 0
ciMethodData jdk/internal/util/ArraysSupport hashCodeOfUnsigned ([BIII)I 2 18406 orig 80 0 0 0 0 0 0 0 0 0 0 0 0 253 127 0 0 0 0 0 0 0 0 0 0 0 0 0 0 0 0 0 0 0 0 0 0 0 0 0 0 0 0 0 0 0 0 0 0 0 0 0 0 0 0 0 0 0 0 0 0 0 0 0 0 0 0 0 0 0 0 0 0 0 0 0 0 0 0 0 0 data 30 0x10008 0x6 0x47e2 0x80 0x1 0x40 0x3 0x58 0x1d0003 0x1 0x50 0x270002 0x3 0x2b0003 0x3 0x28 0x330002 0x47e2 0x0 0x0 0x0 0x0 0x0 0x0 0x9 0x4 0x0 0x0 0x0 0x0 oops 0 methods 0
ciMethodData java/lang/String equals (Ljava/lang/Object;)Z 2 21595 orig 80 1 0 0 0 0 0 0 0 0 0 0 0 253 127 0 0 0 0 0 0 0 0 0 0 0 0 0 0 0 0 0 0 0 0 0 0 0 0 0 1 0 0 0 0 0 0 0 0 0 0 0 0 0 0 0 0 0 0 0 0 0 0 0 0 0 0 0 0 0 0 0 0 0 0 0 0 0 0 0 0 data 47 0x20007 0x4e18 0x20 0x643 0x80104 0x3 0x1de7f625168 0x4dfb 0x1de5ea7e950 0x18 0xb0007 0x1d 0xd8 0x4dfb 0xf0004 0x0 0x1de7f625168 0x4dfb 0x0 0x0 0x160007 0x0 0x40 0x4dfb 0x8000000600210007 0x1 0x68 0x4dfb 0x2c0002 0x4dfb 0x2f0007 0x3cb0 0x38 0x114b 0x330003 0x114b 0x18 0x0 0x0 0x0 0x0 0x0 0x0 0x9 0x2 0x0 0x0 oops 3 6 java/lang/String 8 [Lcom/sun/javafx/css/ParsedValueImpl; 16 java/lang/String methods 0
ciMethodData java/util/AbstractCollection <init> ()V 2 54365 orig 80 0 0 0 0 0 0 0 0 0 0 0 0 253 127 0 0 0 0 0 0 0 0 0 0 0 0 0 0 0 0 0 0 0 0 0 0 0 0 0 0 0 0 0 0 0 0 0 0 0 0 0 0 0 0 0 0 0 0 0 0 0 0 0 0 0 0 0 0 0 0 0 0 0 0 0 0 0 0 0 0 data 7 0x10002 0xd45d 0x0 0x0 0x9 0x1 0x0 oops 0 methods 0
ciMethodData java/util/Objects requireNonNull (Ljava/lang/Object;Ljava/lang/String;)Ljava/lang/Object; 2 65179 orig 80 0 0 0 0 0 0 0 0 0 0 0 0 253 127 0 0 0 0 0 0 0 0 0 0 0 0 0 0 0 0 0 0 0 0 0 0 0 0 0 0 0 0 0 0 0 0 0 0 0 0 0 0 0 0 0 0 0 0 0 0 0 0 0 0 0 0 0 0 0 0 0 0 0 0 0 0 0 0 0 0 data 16 0x10007 0xfe9b 0x30 0x0 0x90002 0x0 0x0 0x0 0x0 0x0 0x0 0x0 0x9 0x2 0x0 0xffffffffffffffff oops 0 methods 0
ciMethodData java/util/ArrayList <init> ()V 2 12353 orig 80 0 0 0 0 0 0 0 0 0 0 0 0 253 127 0 0 0 0 0 0 0 0 0 0 0 0 0 0 0 0 0 0 0 0 0 0 0 0 0 0 0 0 0 0 0 0 0 0 0 0 0 0 0 0 0 0 0 0 0 0 0 0 0 0 0 0 0 0 0 0 0 0 0 0 0 0 0 0 0 0 data 9 0x10002 0x3041 0x0 0x0 0x0 0x0 0x9 0x1 0x0 oops 0 methods 0
ciMethodData java/util/AbstractList <init> ()V 2 25332 orig 80 0 0 0 0 0 0 0 0 0 0 0 0 253 127 0 0 0 0 0 0 0 0 0 0 0 0 0 0 0 0 0 0 0 0 0 0 0 0 0 0 0 0 0 0 0 0 0 0 0 0 0 0 0 0 0 0 0 0 0 0 0 0 0 0 0 0 0 0 0 0 0 0 0 0 0 0 0 0 0 0 data 9 0x10002 0x62f4 0x0 0x0 0x0 0x0 0x9 0x1 0x6 oops 0 methods 0
ciMethodData java/util/HashMap hash (Ljava/lang/Object;)I 2 45820 orig 80 1 0 0 0 0 0 0 0 0 0 0 0 253 127 0 0 0 0 0 0 0 0 0 0 0 0 0 0 0 0 0 0 0 0 0 0 0 0 0 2 0 0 0 0 0 0 0 0 0 0 0 0 0 0 0 0 0 0 0 0 0 0 0 0 0 0 0 0 0 0 0 0 0 0 0 0 0 0 0 0 data 22 0x8000000600010007 0xb2f0 0x38 0xe 0x50003 0xe 0x48 0x90005 0x43c6 0x1de7f625168 0x6f0a 0x1de5eb12948 0x20 0x0 0x0 0x0 0x0 0x0 0x0 0x9 0x1 0xffffffffffffffff oops 2 9 java/lang/String 11 java/lang/module/ModuleDescriptor$Requires methods 0
ciMethodData java/util/HashMap put (Ljava/lang/Object;Ljava/lang/Object;)Ljava/lang/Object; 2 12507 orig 80 1 0 0 0 0 0 0 0 0 0 0 0 253 127 0 0 0 0 0 0 0 0 0 0 0 0 0 0 0 0 0 0 0 0 0 0 0 0 0 0 0 0 0 0 0 0 0 0 0 0 0 0 0 0 0 0 0 0 0 0 0 0 0 0 0 0 0 0 0 0 0 0 0 0 0 0 0 0 0 0 data 19 0x20002 0x30db 0x90005 0x30dc 0x0 0x0 0x0 0x0 0x0 0x0 0x0 0x0 0x0 0x0 0x9 0x3 0xffffffffffffffff 0xffffffffffffffff 0xffffffffffffffff oops 0 methods 0
ciMethodData java/util/HashMap putVal (ILjava/lang/Object;Ljava/lang/Object;ZZ)Ljava/lang/Object; 2 13368 orig 80 1 0 0 0 0 0 0 0 0 0 0 0 253 127 0 0 0 0 0 0 3 0 0 0 0 0 0 0 0 0 0 0 0 0 0 0 0 0 0 1 0 0 0 0 0 0 0 0 0 0 0 0 0 0 0 0 0 0 0 0 0 0 0 0 0 0 0 0 0 0 0 0 0 0 0 0 0 0 0 0 data 185 0x70007 0x2ab 0x40 0x318d 0x100007 0x318d 0x50 0x0 0x140005 0x2ab 0x0 0x0 0x0 0x0 0x2c0007 0x1f6c 0x98 0x14cc 0x380005 0x19 0x1de5e7a61c8 0x1421 0x1de5e72daa8 0x92 0x3b0004 0x0 0x1de5e4e7ea8 0x143a 0x1de5eb0fcb0 0x92 0x3c0003 0x14cc 0x3d0 0x450007 0x1346 0xc8 0xc26 0x8000000600510007 0x160 0x90 0xac7 0x550007 0x0 0x88 0xac7 0x4005b0005 0x0 0x1de7f625168 0xac7 0x1de7f626d78 0x2 0x5e0007 0x2 0x38 0xac7 0x650003 0xc27 0x278 0x6a0004 0x0 0x1de5e4e7ea8 0x1333 0x1de5eb0fcb0 0x15 0x6d0007 0x1348 0x98 0x0 0x720004 0x0 0x0 0x0 0x0 0x0 0x7b0005 0x0 0x0 0x0 0x0 0x0 0x800003 0x0 0x1b0 0x8e0007 0xdc2 0xb8 0x8d3 0x980005 0x15 0x1de5e7a61c8 0x8a9 0x1de5e72daa8 0x15 0xa20007 0x8d3 0x148 0x0 0xa90005 0x0 0x0 0x0 0x0 0x0 0xac0003 0x0 0xf8 0xb50007 0x34d 0xc8 0xa75 0xc10007 0x68 0xc0 0xa0d 0xc50007 0x0 0x88 0xa0d 0xcb0005 0x0 0x1de7f625168 0xa0d 0x0 0x0 0xce0007 0x0 0x38 0xa0d 0xd10003 0xa0d 0x30 0xdb0003 0x34d 0xfffffffffffffe80 0xe00007 0x8d3 0x90 0x169c 0xec0007 0x169c 0x40 0x0 0xf10007 0x0 0x20 0x0 0x400fd0005 0x0 0x1de5e7a61c8 0x169c 0x1de5e72db58 0x1 0x11c0007 0x1d0a 0x50 0x95 0x1200005 0x95 0x0 0x0 0x0 0x0 0x1270005 0x2e 0x1de5e7a61c8 0x1cca 0x1de5e72daa8 0xa7 0x0 0x0 0x0 0x0 0x0 0x0 0x0 0x0 0x0 0x9 0x6 0x0 0x0 0x0 0x0 0x0 0x0 oops 15 20 java/util/HashMap 22 java/util/LinkedHashMap 26 java/util/HashMap$Node 28 java/util/LinkedHashMap$Entry 47 java/lang/String 49 java/lang/reflect/Constructor 60 java/util/HashMap$Node 62 java/util/LinkedHashMap$Entry 89 java/util/HashMap 91 java/util/LinkedHashMap 120 java/lang/String 148 java/util/HashMap 150 org/reactfx/util/HashAccuMap 164 java/util/HashMap 166 java/util/LinkedHashMap methods 0
ciMethodData java/util/ImmutableCollections$SetN hashCode ()I 2 6276 orig 80 0 0 0 0 0 0 0 0 0 0 0 0 253 127 0 0 0 0 0 0 0 0 0 0 0 0 0 0 0 0 0 0 0 0 0 0 0 0 0 0 0 0 0 0 0 0 0 0 0 0 0 0 0 0 0 0 0 0 0 0 0 0 0 0 0 0 0 0 0 0 0 0 0 0 0 0 0 0 0 0 data 26 0x100007 0x1884 0x88 0x354 0x1b0007 0x1aa 0x50 0x1aa 0x210005 0x64 0x1de7f625168 0x130 0x1de5eb12948 0x16 0x290003 0x354 0xffffffffffffff90 0x0 0x0 0x0 0x0 0x0 0x0 0x9 0x1 0x0 oops 2 10 java/lang/String 12 java/lang/module/ModuleDescriptor$Requires methods 0
ciMethodData java/util/HashMap getNode (Ljava/lang/Object;)Ljava/util/HashMap$Node; 2 27241 orig 80 4 0 0 0 2 0 0 0 0 0 0 0 253 127 0 0 0 0 0 0 7 0 0 5 0 0 0 0 0 0 0 0 0 0 0 0 0 0 0 2 0 0 0 0 0 0 0 0 0 0 0 0 0 0 0 0 0 0 0 0 0 0 0 0 0 0 0 0 0 0 0 0 0 0 0 0 0 0 0 0 data 98 0x60007 0x1e2 0x2c0 0x6888 0xe0007 0x0 0x2a0 0x6888 0x170002 0x6888 0x210007 0x21d5 0x270 0x46b3 0x2a0007 0x1e2f 0xb0 0x2884 0x350007 0x1a1f 0x90 0xe65 0x390007 0x0 0x70 0xe65 0x80000004003f0005 0x6a4 0x1de7f625168 0x7c5 0x1de5eb0fc00 0x1 0x8000000600420007 0x2 0x20 0xe6a 0x4e0007 0xb50 0x1a0 0x12e1 0x8000000400520004 0x0 0x1de5e4e7ea8 0x1229 0x1de5eb0fcb0 0xba 0x550007 0x12e3 0x80 0x0 0x590004 0x0 0x0 0x0 0x0 0x0 0x5f0005 0x0 0x0 0x0 0x0 0x0 0x6a0007 0x7e6 0xb0 0xdf0 0x760007 0x6a7 0x90 0x749 0x7a0007 0x0 0x70 0x749 0x8000000700800005 0x2b 0x1de7f625168 0x6da 0x1de60cd73e0 0x49 0x830007 0x0 0x20 0x74e 0x910007 0x2f3 0xffffffffffffff50 0x4f3 0x0 0x0 0x0 0x0 0x0 0x0 0x9 0x2 0x0 0xffffffffffffffff oops 6 28 java/lang/String 30 java/util/zip/ZipFile$Source$Key 42 java/util/HashMap$Node 44 java/util/LinkedHashMap$Entry 76 java/lang/String 78 com/sun/javafx/css/PseudoClassState methods 0
ciMethodData java/util/HashMap containsKey (Ljava/lang/Object;)Z 2 6680 orig 80 0 0 0 0 0 0 0 0 0 0 0 0 253 127 0 0 0 0 0 0 0 0 0 0 0 0 0 0 0 0 0 0 0 0 0 0 0 0 0 0 0 0 0 0 0 0 0 0 0 0 0 0 0 0 0 0 0 0 0 0 0 0 0 0 0 0 0 0 0 0 0 0 0 0 0 0 0 0 0 0 data 23 0x20005 0x1a19 0x0 0x0 0x0 0x0 0x50007 0xadc 0x38 0xf3d 0x90003 0xf3d 0x18 0x0 0x0 0x0 0x0 0x0 0x0 0x9 0x2 0x0 0x0 oops 0 methods 0
ciMethodData java/util/HashMap get (Ljava/lang/Object;)Ljava/lang/Object; 2 39030 orig 80 3 0 0 0 0 0 0 0 0 0 0 0 253 127 0 0 0 0 0 0 0 0 0 0 0 0 0 0 0 0 0 0 0 0 0 0 0 0 0 0 0 0 0 0 0 0 0 0 0 0 0 0 0 0 0 0 0 0 0 0 0 0 0 0 0 0 0 0 0 0 0 0 0 0 0 0 0 0 0 0 data 23 0x20005 0x9877 0x0 0x0 0x0 0x0 0x70007 0x4140 0x38 0x5740 0xb0003 0x5740 0x18 0x0 0x0 0x0 0x0 0x0 0x0 0x9 0x2 0x0 0xffffffffffffffff oops 0 methods 0
ciMethodData java/util/AbstractMap <init> ()V 2 9621 orig 80 0 0 0 0 0 0 0 0 0 0 0 0 253 127 0 0 0 0 0 0 0 0 0 0 0 0 0 0 0 0 0 0 0 0 0 0 0 0 0 0 0 0 0 0 0 0 0 0 0 0 0 0 0 0 0 0 0 0 0 0 0 0 0 0 0 0 0 0 0 0 0 0 0 0 0 0 0 0 0 0 data 7 0x10002 0x2596 0x0 0x0 0x9 0x1 0x0 oops 0 methods 0
ciMethodData java/util/HashMap isEmpty ()Z 2 5336 orig 80 0 0 0 0 0 0 0 0 0 0 0 0 253 127 0 0 0 0 0 0 0 0 0 0 0 0 0 0 0 0 0 0 0 0 0 0 0 0 0 0 0 0 0 0 0 0 0 0 0 0 0 0 0 0 0 0 0 0 0 0 0 0 0 0 0 0 0 0 0 0 0 0 0 0 0 0 0 0 0 0 data 13 0x40007 0x14b4 0x38 0x24 0x80003 0x24 0x18 0x0 0x0 0x0 0x9 0x1 0x0 oops 0 methods 0
ciMethodData java/util/Set copyOf (Ljava/util/Collection;)Ljava/util/Set; 1 100 orig 80 0 0 0 0 0 0 0 0 0 0 0 0 253 127 0 0 0 0 0 0 0 0 0 0 0 0 0 0 0 0 0 0 0 0 0 0 0 0 0 0 0 0 0 0 0 0 0 0 0 0 0 0 0 0 0 0 0 0 0 0 0 0 0 0 0 0 0 0 0 0 0 0 0 0 0 0 0 0 0 0 data 47 0x10004 0x3e 0x1de5e461b48 0x22 0x1de60cd8508 0x4 0x40007 0x5d 0x50 0x7 0x80004 0x0 0x1de60cd8508 0x4 0x1de60cd85b8 0x3 0xd0005 0x0 0x1de5e461b48 0x22 0x1de60cd73e0 0x3b 0x120007 0x52 0x30 0xb 0x150002 0xb 0x1e0002 0x52 0x210005 0x0 0x1de5e461b48 0x52 0x0 0x0 0x240002 0x52 0x0 0x0 0x0 0x0 0x0 0x0 0x9 0x1 0xffffffffffffffff oops 7 2 java/util/HashSet 4 java/util/ImmutableCollections$SetN 12 java/util/ImmutableCollections$SetN 14 java/util/ImmutableCollections$Set12 18 java/util/HashSet 20 com/sun/javafx/css/PseudoClassState 32 java/util/HashSet methods 0
ciMethodData java/lang/Float isNaN (F)Z 2 11929 orig 80 0 0 0 0 0 0 0 0 0 0 0 0 253 127 0 0 0 0 0 0 0 0 0 0 0 0 0 0 0 0 0 0 0 0 0 0 0 0 0 0 0 0 0 0 0 0 0 0 0 0 0 0 0 0 0 0 0 0 0 0 0 0 0 0 0 0 0 0 0 0 0 0 0 0 0 0 0 0 0 0 data 11 0x30007 0x2e78 0x38 0x21 0x70003 0x21 0x18 0x0 0x9 0x1 0x0 oops 0 methods 0
ciMethodData java/util/HashMap tableSizeFor (I)I 2 3568 orig 80 0 0 0 0 0 0 0 0 0 0 0 0 253 127 0 0 0 0 0 0 0 0 0 0 0 0 0 0 0 0 0 0 0 0 0 0 0 0 0 0 0 0 0 0 0 0 0 0 0 0 0 0 0 0 0 0 0 0 0 0 0 0 0 0 0 0 0 0 0 0 0 0 0 0 0 0 0 0 0 0 data 25 0x40002 0xdf0 0xa0007 0xdb2 0x38 0x3e 0xe0003 0x3e 0x50 0x140007 0xdb2 0x38 0x0 0x190003 0x0 0x18 0x0 0x0 0x0 0x0 0x0 0x0 0x9 0x1 0x0 oops 0 methods 0
ciMethodData java/util/HashMap <init> (IF)V 2 1273 orig 80 0 0 0 0 0 0 0 0 0 0 0 0 253 127 0 0 0 0 0 0 0 0 0 0 0 0 0 0 0 0 0 0 0 0 0 0 0 0 0 0 0 0 0 0 0 0 0 0 0 0 0 0 0 0 0 0 0 0 0 0 0 0 0 0 0 0 0 0 0 0 0 0 0 0 0 0 0 0 0 0 data 77 0x10002 0x4f9 0x50007 0x4f9 0xd0 0x0 0x100002 0x0 0x150005 0x0 0x0 0x0 0x0 0x0 0x190005 0x0 0x0 0x0 0x0 0x0 0x1c0005 0x0 0x0 0x0 0x0 0x0 0x1f0002 0x0 0x260007 0x4f9 0x20 0x0 0x2f0007 0x0 0x50 0x4f9 0x330002 0x4f9 0x360007 0x4f9 0xd0 0x0 0x410002 0x0 0x460005 0x0 0x0 0x0 0x0 0x0 0x4a0005 0x0 0x0 0x0 0x0 0x0 0x4d0005 0x0 0x0 0x0 0x0 0x0 0x500002 0x0 0x5b0002 0x4f9 0x0 0x0 0x0 0x0 0x0 0x0 0x9 0x3 0x18 0x0 0x0 oops 0 methods 0
ciMethodData java/util/HashMap <init> (I)V 2 1250 orig 80 0 0 0 0 0 0 0 0 0 0 0 0 253 127 0 0 0 0 0 0 0 0 0 0 0 0 0 0 0 0 0 0 0 0 0 0 0 0 0 0 0 0 0 0 0 0 0 0 0 0 0 0 0 0 0 0 0 0 0 0 0 0 0 0 0 0 0 0 0 0 0 0 0 0 0 0 0 0 0 0 data 9 0x40002 0x4e2 0x0 0x0 0x0 0x9 0x2 0x0 0x0 oops 0 methods 0
ciMethodData java/util/Objects checkIndex (II)I 2 29824 orig 80 0 0 0 0 0 0 0 0 0 0 0 0 253 127 0 0 0 0 0 0 0 0 0 0 0 0 0 0 0 0 0 0 0 0 0 0 0 0 0 0 0 0 0 0 0 0 0 0 0 0 0 0 0 0 0 0 0 0 0 0 0 0 0 0 0 0 0 0 0 0 0 0 0 0 0 0 0 0 0 0 data 12 0x30002 0x7480 0x0 0x0 0x0 0x0 0x0 0x0 0x9 0x2 0x0 0x0 oops 0 methods 0
ciMethodData java/util/ArrayList get (I)Ljava/lang/Object; 2 26058 orig 80 0 0 0 0 0 0 0 0 0 0 0 0 253 127 0 0 0 0 0 0 0 0 0 0 0 0 0 0 0 0 0 0 0 0 0 0 0 0 0 0 0 0 0 0 0 0 0 0 0 0 0 0 0 0 0 0 0 0 0 0 0 0 0 0 0 0 0 0 0 0 0 0 0 0 0 0 0 0 0 0 data 18 0x50002 0x65ca 0xb0005 0x0 0x1de7f628ac8 0x65ca 0x0 0x0 0x0 0x0 0x0 0x0 0x0 0x0 0x9 0x2 0x0 0x0 oops 1 4 java/util/ArrayList methods 0
ciMethodData java/util/ArrayList elementData (I)Ljava/lang/Object; 2 27498 orig 80 0 0 0 0 0 0 0 0 0 0 0 0 253 127 0 0 0 0 0 0 0 0 0 0 0 0 0 0 0 0 0 0 0 0 0 0 0 0 0 0 0 0 0 0 0 0 0 0 0 0 0 0 0 0 0 0 0 0 0 0 0 0 0 0 0 0 0 0 0 0 0 0 0 0 0 0 0 0 0 0 data 8 0x0 0x0 0x0 0x0 0x9 0x2 0x0 0x0 oops 0 methods 0
ciMethod javafx/beans/value/WritableValue getValue ()Ljava/lang/Object; 0 0 1 0 -1
ciMethod javafx/beans/property/ObjectPropertyBase get ()Ljava/lang/Object; 600 0 106372 0 -1
ciMethodData javafx/scene/CssStyleHelper transitionToState (Ljavafx/scene/Node;)V 2 727 orig 80 0 0 0 0 0 0 0 0 0 0 0 0 253 127 0 0 0 0 0 0 0 0 0 0 0 0 0 0 0 0 0 0 0 0 0 0 0 0 0 0 0 0 0 0 0 0 0 0 0 0 0 0 0 0 0 0 0 0 0 0 0 0 0 0 0 0 0 0 0 0 0 0 0 0 0 0 0 0 0 0 data 726 0x40007 0x2d7 0x20 0x0 0xa0005 0x2d7 0x0 0x0 0x0 0x0 0xf0007 0x2d7 0x50 0x0 0x180005 0x0 0x0 0x0 0x0 0x0 0x1d0005 0x2d7 0x0 0x0 0x0 0x0 0x210002 0x2d7 0x260005 0x2d7 0x0 0x0 0x0 0x0 0x300005 0x2d7 0x0 0x0 0x0 0x0 0x370007 0x2d7 0x50 0x0 0x400005 0x0 0x0 0x0 0x0 0x0 0x460005 0x2d7 0x0 0x0 0x0 0x0 0x510002 0x2d7 0x540002 0x2d7 0x620005 0x0 0x1de5e7a61c8 0x2d7 0x0 0x0 0x670104 0x0 0x1de5e7a6278 0xe1 0x0 0x0 0x6e0007 0xe1 0x140 0x1f6 0x790005 0x1f6 0x0 0x0 0x0 0x0 0x830007 0x22 0x80 0x1d4 0x880005 0x1cb 0x1de5e7a6328 0x1 0x1de5e7a63d8 0x8 0x8b0005 0x1d4 0x0 0x0 0x0 0x0 0x920007 0x1ed 0x40 0x9 0x990002 0x9 0x9e0002 0x9 0xae0005 0x0 0x1de5e7a61c8 0x1f6 0x0 0x0 0xb60005 0x2d7 0x0 0x0 0x0 0x0 0xb90004 0x0 0x1de5e7a6488 0x2d7 0x0 0x0 0xc60002 0x2d7 0xcf0005 0x2d7 0x0 0x0 0x0 0x0 0xd60007 0x174 0x38 0x163 0xda0003 0x163 0x18 0xe20007 0x163 0x60 0x174 0xe90002 0x174 0xf40005 0x174 0x0 0x0 0x0 0x0 0xf80005 0x2cb 0x1de5e7a6328 0x1 0x1de5e7a63d8 0xb 0xff0005 0x0 0x1de7f628ac8 0x106 0x1de5e7a6538 0x1d1 0x1230007 0x2d7 0x1090 0x61ba 0x12a0005 0x0 0x1de7f628ac8 0x2917 0x1de5e7a6538 0x38a3 0x12f0004 0x5f80 0x1de5e7a65e8 0x1 0x1de5e7a6698 0x239 0x1350007 0x61ba 0x88 0x0 0x13a0005 0x0 0x0 0x0 0x0 0x0 0x13d0007 0x0 0x38 0x0 0x1400003 0x0 0xf88 0x1460005 0x5f80 0x1de5e7a65e8 0x1 0x1de5e7a6698 0x239 0x1490007 0x61ab 0x38 0xf 0x14c0003 0xf 0xf20 0x1510005 0x61ab 0x0 0x0 0x0 0x0 0x15a0005 0x61ab 0x0 0x0 0x0 0x0 0x1610007 0x30f4 0x78 0x30b7 0x1660007 0x36a 0x58 0x2d4d 0x16b0007 0x1a71 0x38 0x12dc 0x16f0003 0x12dc 0x18 0x1770007 0x30b7 0x40 0x30f4 0x17c0007 0x30f4 0x40 0x0 0x1810007 0x1ddb 0x38 0x12dc 0x1850003 0x43d0 0x18 0x18d0007 0x30f4 0x78 0x30b7 0x1920007 0x12dc 0x58 0x1ddb 0x19a0007 0x1ddb 0x108 0x0 0x19d0003 0x0 0xd58 0x1a20007 0x0 0xd0 0x43d0 0x1b10005 0x43d0 0x0 0x0 0x0 0x0 0x1b80007 0x43d0 0x80 0x0 0x1be0007 0x0 0xcd0 0x0 0x1c7000a 0x0 0x3 0x0 0x0 0x0 0x1cc0002 0x0 0x1d20007 0x1a71 0x40 0x473a 0x1da0007 0x6f9 0x1c8 0x4041 0x1e60005 0x0 0x1de5e7a61c8 0x5ab2 0x0 0x0 0x1eb0104 0x0 0x0 0x0 0x0 0x0 0x1f20007 0x5ab2 0x130 0x0 0x1f80005 0x0 0x0 0x0 0x0 0x0 0x1ff0005 0x0 0x0 0x0 0x0 0x0 0x2070007 0x0 0xb0 0x0 0x20e0005 0x0 0x0 0x0 0x0 0x0 0x2130005 0x0 0x0 0x0 0x0 0x0 0x2160005 0x0 0x0 0x0 0x0 0x0 0x21b0003 0x5ab2 0xaa0 0x2200007 0x36a 0x50 0x38f 0x2290005 0x38f 0x0 0x0 0x0 0x0 0x22f0005 0x6a5 0x1de5e7a6748 0x1 0x1de5e7a67f8 0x53 0x2360005 0x6a5 0x1de5e7a68a8 0x1 0x1de5e7a6958 0x53 0x23f0005 0x6f9 0x0 0x0 0x0 0x0 0x2460007 0x6f9 0x98 0x0 0x24c0007 0x0 0x60 0x0 0x2550005 0x0 0x0 0x0 0x0 0x0 0x25a0002 0x0 0x25e0003 0x0 0x928 0x2660007 0x6e9 0x58 0x10 0x26e0007 0x6 0x38 0xa 0x2710003 0xa 0x8d0 0x2760005 0x6ef 0x0 0x0 0x0 0x0 0x27d0005 0x69b 0x1de5e7a68a8 0x1 0x1de5e7a6958 0x53 0x2880007 0x372 0xc8 0x37d 0x28d0007 0x6 0x88 0x377 0x2940005 0x20e 0x1de5e7a6a08 0x10f 0x1de5e7a6ab8 0x5a 0x2970007 0x346 0x208 0x31 0x29a0003 0x31 0x38 0x29f0007 0x6 0x1d0 0x0 0x2a80005 0x0 0x1de5e7a6b68 0x3a3 0x0 0x0 0x2ab0007 0x3a3 0xc0 0x0 0x2b50002 0x0 0x2ba0002 0x0 0x2bf0002 0x0 0x2c2000a 0x0 0x5 0x0 0x0 0x1 0x0 0x1de7f625168 0x2c70005 0x0 0x0 0x0 0x0 0x0 0x2d00005 0x371 0x1de5e7a68a8 0x1 0x1de5e7a6958 0x31 0x2de0005 0x0 0x1de5e7a61c8 0x3a3 0x0 0x0 0x2e30007 0x26 0x60 0x37d 0x2ef0002 0x37d 0x2ff0005 0x0 0x1de5e7a61c8 0x37d 0x0 0x0 0x3050003 0x6ef 0x5e0 0x30d0005 0x0 0x0 0x0 0x0 0x0 0x31d0005 0x0 0x0 0x0 0x0 0x0 0x3200004 0x0 0x0 0x0 0x0 0x0 0x3250004 0x0 0x0 0x0 0x0 0x0 0x32a0005 0x0 0x0 0x0 0x0 0x0 0x32d0004 0x0 0x0 0x0 0x0 0x0 0x32e0002 0x0 0x3360002 0x0 0x33c0007 0x0 0x60 0x0 0x3480002 0x0 0x3510005 0x0 0x0 0x0 0x0 0x0 0x3570002 0x0 0x3610005 0x0 0x0 0x0 0x0 0x0 0x3640007 0x0 0x50 0x0 0x36b0005 0x0 0x0 0x0 0x0 0x0 0x3750005 0x0 0x0 0x0 0x0 0x0 0x37f0007 0x0 0xa0 0x0 0x3890007 0x0 0x80 0x0 0x3950005 0x0 0x0 0x0 0x0 0x0 0x39a0004 0x0 0x0 0x0 0x0 0x0 0x3a10007 0x0 0x68 0x0 0x3a60005 0x0 0x0 0x0 0x0 0x0 0x3a90003 0x0 0x48 0x3af0005 0x0 0x0 0x0 0x0 0x0 0x3b60007 0x0 0x68 0x0 0x3bb0005 0x0 0x0 0x0 0x0 0x0 0x3be0003 0x0 0x18 0x3ca0005 0x0 0x0 0x0 0x0 0x0 0x3cf0003 0x0 0x198 0x3d90005 0x0 0x0 0x0 0x0 0x0 0x3dc0007 0x0 0x150 0x0 0x3ec0005 0x0 0x0 0x0 0x0 0x0 0x3ef0004 0x0 0x0 0x0 0x0 0x0 0x3f40004 0x0 0x0 0x0 0x0 0x0 0x3f90005 0x0 0x0 0x0 0x0 0x0 0x3fc0004 0x0 0x0 0x0 0x0 0x0 0x3fd0002 0x0 0x4000005 0x0 0x0 0x0 0x0 0x0 0x4060003 0x61ba 0xffffffffffffef88 0x0 0x0 0x0 0x0 0x0 0x0 0x0 0x0 0x0 0x0 0x0 0x0 0x0 0x0 0x0 0x0 0x0 0x0 0x0 0x0 0x0 0x0 0x0 0x0 0x9 0x2 0x0 0x0 0x3080001 0x3080001 0x3080001 0x3080001 0x3d20001 oops 31 62 java/util/HashMap 68 com/sun/javafx/css/CalculatedValue 88 javafx/scene/control/MenuBar 90 com/sun/javafx/scene/control/MenuBarButton 108 java/util/HashMap 120 javafx/scene/text/Font 153 javafx/scene/control/MenuBar 155 com/sun/javafx/scene/control/MenuBarButton 159 java/util/ArrayList 161 java/util/Collections$UnmodifiableRandomAccessList 169 java/util/ArrayList 171 java/util/Collections$UnmodifiableRandomAccessList 175 javafx/scene/control/MenuBar$StyleableProperties$1 177 javafx/scene/layout/Region$StyleableProperties$4 198 javafx/scene/control/MenuBar$StyleableProperties$1 200 javafx/scene/layout/Region$StyleableProperties$4 302 java/util/HashMap 365 javafx/scene/control/skin/MenuBarSkin$4 367 javafx/scene/Node$StyleableProperties$2 371 javafx/scene/control/skin/MenuBarSkin$2 373 javafx/scene/Node$MiscProperties$10 419 javafx/scene/control/skin/MenuBarSkin$2 421 javafx/scene/Node$MiscProperties$10 433 javafx/geometry/Insets 435 javafx/scene/paint/Color 450 com/sun/javafx/logging/PlatformLogger 471 java/lang/String 480 javafx/scene/control/skin/MenuBarSkin$2 482 javafx/scene/Node$MiscProperties$10 486 java/util/HashMap 498 java/util/HashMap methods 0
ciMethod javafx/stage/Window getScene ()Ljavafx/scene/Scene; 18 0 704 0 -1
ciMethod javafx/css/Styleable getStyleableParent ()Ljavafx/css/Styleable; 0 0 1 0 -1
ciMethod javafx/css/Styleable getPseudoClassStates ()Ljavafx/collections/ObservableSet; 0 0 1 0 -1
ciMethod javafx/scene/Node getParent ()Ljavafx/scene/Parent; 512 0 75134 0 -1
ciMethod javafx/scene/Node getSubScene ()Ljavafx/scene/SubScene; 280 0 140 0 0
ciMethod javafx/scene/Node getScene ()Ljavafx/scene/Scene; 516 0 35043 0 -1
ciMethod javafx/scene/Node getStyleableParent ()Ljavafx/css/Styleable; 520 0 5396 0 -1
ciMethod javafx/scene/Node getCssMetaData ()Ljava/util/List; 80 0 40 0 -1
ciMethod javafx/scene/Node reapplyCSS ()V 512 0 1565 0 -1
ciMethod javafx/scene/Scene getRoot ()Ljavafx/scene/Parent; 1024 0 14512 0 -1
ciMethod javafx/css/StyleableProperty applyStyle (Ljavafx/css/StyleOrigin;Ljava/lang/Object;)V 0 0 1 0 -1
ciMethod javafx/css/StyleableProperty getStyleOrigin ()Ljavafx/css/StyleOrigin; 0 0 1 0 -1
ciMethod javafx/scene/text/Font getDefaultSystemFontSize ()F 2 0 1 0 -1
ciMethod javafx/scene/text/Font getDefault ()Ljavafx/scene/text/Font; 636 0 2540 0 0
ciMethod javafx/scene/text/Font getSize ()D 274 0 137 0 0
ciMethod javafx/scene/text/Font <init> (Ljava/lang/String;D)V 6 0 3 0 -1
ciMethodData javafx/scene/text/Font getDefault ()Ljavafx/scene/text/Font; 2 2245 orig 80 0 0 0 0 0 0 0 0 0 0 0 0 253 127 0 0 0 0 0 0 0 0 0 0 0 0 0 0 0 0 0 0 0 0 0 0 0 0 0 0 0 0 0 0 0 0 0 0 0 0 0 0 0 0 0 0 0 0 0 0 0 0 0 0 0 0 0 0 0 0 0 0 0 0 0 0 0 0 0 0 data 16 0x30007 0x8c5 0x40 0x0 0xc0002 0x0 0x100002 0x0 0x0 0x0 0x0 0x0 0x0 0x0 0x9 0x0 oops 0 methods 0
ciMethodData javafx/scene/CssStyleHelper getTransitionStates (Ljavafx/scene/Node;)[Ljava/util/Set; 2 1737 orig 80 0 0 0 0 0 0 0 0 0 0 0 0 253 127 0 0 0 0 0 0 0 0 0 0 0 0 0 0 0 0 0 0 0 0 0 0 0 0 0 0 0 0 0 0 0 0 0 0 0 0 0 0 0 0 0 0 0 0 0 0 0 0 0 0 0 0 0 0 0 0 0 0 0 0 0 0 0 0 0 0 data 72 0x40007 0x6c9 0x20 0x0 0xe0007 0x6c9 0x68 0x2025 0x150005 0x2025 0x0 0x0 0x0 0x0 0x190003 0x2025 0xffffffffffffffb0 0x280007 0x6c9 0x138 0x2025 0x2f0007 0x7d9 0xd0 0x184c 0x360002 0x184c 0x410005 0x184c 0x0 0x0 0x0 0x0 0x4e0005 0x184c 0x0 0x0 0x0 0x0 0x5b0002 0x184c 0x5e0004 0x0 0x1de60cd8508 0x1384 0x1de60cd85b8 0x4c8 0x600005 0x2025 0x0 0x0 0x0 0x0 0x640003 0x2025 0xfffffffffffffee0 0x6a0007 0x48e 0x20 0x23b 0x7f0002 0x48e 0x0 0x0 0x0 0x0 0x0 0x0 0x9 0x2 0x0 0x0 oops 2 43 java/util/ImmutableCollections$SetN 45 java/util/ImmutableCollections$Set12 methods 0
ciMethod javafx/scene/SubScene getRoot ()Ljavafx/scene/Parent; 0 0 1 0 -1
ciMethod sun/util/logging/internal/LoggingProviderImpl$JULWrapper isLoggable (Ljava/lang/System$Logger$Level;)Z 768 0 4045 0 0
ciMethod sun/util/logging/internal/LoggingProviderImpl$JULWrapper toJUL (Ljava/lang/System$Logger$Level;)Ljava/util/logging/Level; 516 0 4048 0 0
ciMethodData java/util/ArrayList isEmpty ()Z 2 5394 orig 80 0 0 0 0 0 0 0 0 0 0 0 0 253 127 0 0 0 0 0 0 0 0 0 0 0 0 0 0 0 0 0 0 0 0 0 0 0 0 0 0 0 0 0 0 0 0 0 0 0 0 0 0 0 0 0 0 0 0 0 0 0 0 0 0 0 0 0 0 0 0 0 0 0 0 0 0 0 0 0 0 data 13 0x40007 0x136e 0x38 0x1a4 0x80003 0x1a4 0x18 0x0 0x0 0x0 0x9 0x1 0x0 oops 0 methods 0
ciMethodData java/util/Collections$UnmodifiableCollection size ()I 2 5125 orig 80 0 0 0 0 0 0 0 0 0 0 0 0 253 127 0 0 0 0 0 0 0 0 0 0 0 0 0 0 0 0 0 0 0 0 0 0 0 0 0 0 0 0 0 0 0 0 0 0 0 0 0 0 0 0 0 0 0 0 0 0 0 0 0 0 0 0 0 0 0 0 0 0 0 0 0 0 0 0 0 0 data 15 0x40005 0x69 0x1de5e729310 0xb81 0x1de7f628ac8 0x81c 0x0 0x0 0x0 0x0 0x0 0x0 0x9 0x1 0x0 oops 2 2 com/sun/javafx/css/StyleClassSet 4 java/util/ArrayList methods 0
ciMethodData java/util/Collections$UnmodifiableList get (I)Ljava/lang/Object; 2 5340 orig 80 1 0 0 0 0 0 0 0 0 0 0 0 253 127 0 0 0 0 0 0 0 0 0 4 0 0 0 0 0 0 0 0 0 0 0 0 0 0 0 0 0 0 0 0 0 0 0 0 0 0 0 0 0 0 0 0 0 0 0 0 0 0 0 0 0 0 0 0 0 0 0 0 0 0 0 0 0 0 0 0 data 16 0x8000000700050005 0xe 0x1de7f628ac8 0x1377 0x1de5e72a500 0x15b 0x0 0x0 0x0 0x0 0x0 0x0 0x9 0x2 0x0 0x0 oops 2 2 java/util/ArrayList 4 java/util/Arrays$ArrayList methods 0
ciMethodData java/lang/StringUTF16 hashCode ([B)I 1 18 orig 80 0 0 0 0 0 0 0 0 0 0 0 0 253 127 0 0 0 0 0 0 0 0 0 0 0 0 0 0 0 0 0 0 0 0 0 0 0 0 0 0 0 0 0 0 0 0 0 0 0 0 0 0 0 0 0 0 0 0 0 0 0 0 0 0 0 0 0 0 0 0 0 0 0 0 0 0 0 0 0 0 data 11 0x70002 0x12 0x0 0x0 0x0 0x0 0x0 0x0 0x9 0x1 0xffffffffffffffff oops 0 methods 0
ciMethod com/sun/javafx/css/PseudoClassState <init> ()V 818 0 13271 0 -1
ciMethod com/sun/javafx/css/PseudoClassState retainAll (Ljava/util/Collection;)Z 516 0 7050 0 -1
ciMethod com/sun/javafx/css/PseudoClassState addAll (Ljava/util/Collection;)Z 940 0 13220 0 -1
ciMethod com/sun/javafx/util/Logging getCSSLogger ()Lcom/sun/javafx/logging/PlatformLogger; 0 0 2 0 -1
ciMethod com/sun/javafx/logging/PlatformLogger getSystemLoggerLevel (Lcom/sun/javafx/logging/PlatformLogger$Level;)Ljava/lang/System$Logger$Level; 0 0 4043 0 0
ciMethod com/sun/javafx/logging/PlatformLogger isLoggable (Lcom/sun/javafx/logging/PlatformLogger$Level;)Z 0 0 3925 0 0
ciMethod com/sun/javafx/logging/PlatformLogger severe (Ljava/lang/String;)V 0 0 1 0 -1
ciMethod com/sun/javafx/logging/PlatformLogger warning (Ljava/lang/String;)V 2 0 3 0 -1
ciMethod com/sun/javafx/logging/PlatformLogger fine (Ljava/lang/String;Ljava/lang/Throwable;)V 0 0 1 0 -1
ciMethod javafx/css/CssMetaData isSettable (Ljavafx/css/Styleable;)Z 0 0 1 0 -1
ciMethod javafx/css/CssMetaData getStyleableProperty (Ljavafx/css/Styleable;)Ljavafx/css/StyleableProperty; 0 0 1 0 -1
ciMethod javafx/css/CssMetaData getProperty ()Ljava/lang/String; 306 0 153 0 0
ciMethod javafx/css/CssMetaData getConverter ()Ljavafx/css/StyleConverter; 510 0 255 0 -1
ciMethod javafx/css/CssMetaData getInitialValue (Ljavafx/css/Styleable;)Ljava/lang/Object; 0 0 1 0 -1
ciMethod javafx/css/CssMetaData getSubProperties ()Ljava/util/List; 468 0 234 0 -1
ciMethod javafx/css/CssMetaData isInherits ()Z 512 0 256 0 -1
ciMethod javafx/css/CssMetaData equals (Ljava/lang/Object;)Z 1024 0 841 0 0
ciMethod javafx/css/CssMetaData hashCode ()I 1024 0 6767 0 752
ciMethod com/sun/javafx/css/StyleManager getInstance ()Lcom/sun/javafx/css/StyleManager; 806 0 14247 0 0
ciMethod com/sun/javafx/css/StyleManager getCacheContainer (Ljavafx/css/Styleable;Ljavafx/scene/SubScene;)Lcom/sun/javafx/css/StyleManager$CacheContainer; 908 0 9857 0 3392
ciMethod com/sun/javafx/css/StyleManager getSharedCache (Ljavafx/css/Styleable;Ljavafx/scene/SubScene;Lcom/sun/javafx/css/StyleCache$Key;)Lcom/sun/javafx/css/StyleCache; 282 0 869 0 0
ciMethod com/sun/javafx/css/StyleManager getStyleMap (Ljavafx/css/Styleable;Ljavafx/scene/SubScene;I)Lcom/sun/javafx/css/StyleMap; 1024 0 12252 0 0
ciMethod com/sun/javafx/css/StyleManager getErrors ()Ljavafx/collections/ObservableList; 0 0 1 0 -1
ciMethod com/sun/javafx/css/ImmutablePseudoClassSetsCache of (Ljava/util/Set;)Ljava/util/Set; 818 0 5687 0 864
ciMethodData com/sun/javafx/css/ImmutablePseudoClassSetsCache of (Ljava/util/Set;)Ljava/util/Set; 2 5278 orig 80 0 0 0 0 0 0 0 0 0 0 0 0 253 127 0 0 0 0 0 0 0 0 0 0 0 0 0 0 0 0 0 0 0 0 0 0 0 0 0 0 0 0 0 0 0 0 0 0 0 0 0 0 0 0 0 0 0 0 0 0 0 0 0 0 0 0 0 0 0 0 0 0 0 0 0 0 0 0 0 0 data 35 0x60002 0x149e 0x90005 0x0 0x1de5e7a61c8 0x149e 0x0 0x0 0xe0104 0x0 0x1de60cd8508 0x1142 0x1de60cd85b8 0x342 0x130007 0x1a 0x20 0x1484 0x190002 0x1a 0x220005 0x0 0x1de5e7a61c8 0x1a 0x0 0x0 0x0 0x0 0x0 0x0 0x0 0x0 0x9 0x1 0x0 oops 4 4 java/util/HashMap 10 java/util/ImmutableCollections$SetN 12 java/util/ImmutableCollections$Set12 22 java/util/HashMap methods 0
ciMethod javafx/css/ParsedValue getValue ()Ljava/lang/Object; 336 0 168 0 -1
ciMethod javafx/css/StyleConverter convert (Ljava/util/Map;)Ljava/lang/Object; 0 0 1 0 -1
ciMethod javafx/css/converter/FontConverter getInstance ()Ljavafx/css/StyleConverter; 870 0 6585 0 -1
ciMethodData com/sun/javafx/logging/PlatformLogger isLoggable (Lcom/sun/javafx/logging/PlatformLogger$Level;)Z 2 4043 orig 80 0 0 0 0 0 0 0 0 0 0 0 0 253 127 0 0 0 0 0 0 0 0 0 0 0 0 0 0 0 0 0 0 0 0 0 0 0 0 0 0 0 0 0 0 0 0 0 0 0 0 0 0 0 0 0 0 0 0 0 0 0 0 0 0 0 0 0 0 0 0 0 0 0 0 0 0 0 0 0 0 data 28 0x10007 0xfcb 0x30 0x0 0x80002 0x0 0x120005 0xfcb 0x0 0x0 0x0 0x0 0x150005 0x0 0x1de58424e20 0xfcb 0x0 0x0 0x0 0x0 0x0 0x0 0x0 0x0 0x9 0x2 0x0 0x0 oops 1 14 sun/util/logging/internal/LoggingProviderImpl$JULWrapper methods 0
ciMethodData com/sun/javafx/logging/PlatformLogger getSystemLoggerLevel (Lcom/sun/javafx/logging/PlatformLogger$Level;)Ljava/lang/System$Logger$Level; 2 4044 orig 80 0 0 0 0 0 0 0 0 0 0 0 0 253 127 0 0 0 0 0 0 0 0 0 0 0 0 0 0 0 0 0 0 0 0 0 0 0 0 0 0 0 0 0 0 0 0 0 0 0 0 0 0 0 0 0 0 0 0 0 0 0 0 0 0 0 0 0 0 0 0 0 0 0 0 0 0 0 0 0 0 data 36 0x10005 0xfcc 0x0 0x0 0x0 0x0 0x40008 0x12 0x0 0xa0 0x0 0xa0 0x341 0xa0 0xc17 0xa0 0x74 0xa0 0x0 0xa0 0x0 0xa0 0x0 0xa0 0x0 0xa0 0x0 0x0 0x0 0x0 0x0 0x0 0x9 0x2 0x0 0x0 oops 0 methods 0
ciMethodData com/sun/javafx/css/StyleManager getSharedCache (Ljavafx/css/Styleable;Ljavafx/scene/SubScene;Lcom/sun/javafx/css/StyleCache$Key;)Lcom/sun/javafx/css/StyleCache; 1 732 orig 80 0 0 0 0 0 0 0 0 0 0 0 0 253 127 0 0 0 0 0 0 0 0 0 0 0 0 0 0 0 0 0 0 0 0 0 0 0 0 0 0 0 0 0 0 0 0 0 0 0 0 0 0 0 0 0 0 0 0 0 0 0 0 0 0 0 0 0 0 0 0 0 0 0 0 0 0 0 0 0 0 data 58 0x30005 0x2dc 0x0 0x0 0x0 0x0 0xa0007 0x2dc 0x20 0x0 0x110005 0x2dc 0x0 0x0 0x0 0x0 0x180007 0x2dc 0x20 0x0 0x200005 0x0 0x1de5e7a61c8 0x2dc 0x0 0x0 0x250104 0x0 0x1de5ee7e8e8 0x20c 0x0 0x0 0x2c0007 0x20c 0x70 0xd0 0x330002 0xd0 0x3f0002 0xd0 0x440005 0x0 0x1de5e7a61c8 0xd0 0x0 0x0 0x0 0x0 0x0 0x0 0x0 0x0 0x9 0x4 0x0 0x0 0x0 0x0 oops 3 22 java/util/HashMap 28 com/sun/javafx/css/StyleCache 42 java/util/HashMap methods 0
ciMethod javafx/scene/CssStyleHelper getStyleMap (Ljavafx/css/Styleable;)Lcom/sun/javafx/css/StyleMap; 736 0 12480 0 0
ciMethod javafx/scene/CssStyleHelper getTransitionStates (Ljavafx/scene/Node;)[Ljava/util/Set; 568 4924 2021 0 3544
ciMethod javafx/scene/CssStyleHelper transitionToState (Ljavafx/scene/Node;)V 282 10320 868 0 -1
ciMethod javafx/scene/CssStyleHelper getStyle (Ljavafx/css/Styleable;Ljava/lang/String;Lcom/sun/javafx/css/StyleMap;Ljava/util/Set;)Lcom/sun/javafx/css/CascadingStyle; 1024 34 7168 0 -1
ciMethod javafx/scene/CssStyleHelper lookup (Ljavafx/css/Styleable;Ljavafx/css/CssMetaData;Lcom/sun/javafx/css/StyleMap;Ljava/util/Set;Ljavafx/css/Styleable;Lcom/sun/javafx/css/CalculatedValue;)Lcom/sun/javafx/css/CalculatedValue; 862 210 6581 0 -1
ciMethod javafx/scene/CssStyleHelper handleNoStyleFound (Ljavafx/css/Styleable;Ljavafx/css/CssMetaData;Lcom/sun/javafx/css/StyleMap;Ljava/util/Set;Ljavafx/css/Styleable;Lcom/sun/javafx/css/CalculatedValue;)Lcom/sun/javafx/css/CalculatedValue; 796 0 6546 0 -1
ciMethod javafx/scene/CssStyleHelper getInheritedStyle (Ljavafx/css/Styleable;Ljava/lang/String;)Lcom/sun/javafx/css/CascadingStyle; 6 0 21 0 -1
ciMethod javafx/scene/CssStyleHelper formatExceptionMessage (Ljavafx/css/Styleable;Ljavafx/css/CssMetaData;Ljavafx/css/Style;Ljava/lang/Exception;)Ljava/lang/String; 0 0 1 0 -1
ciMethod javafx/scene/CssStyleHelper calculateValue (Lcom/sun/javafx/css/CascadingStyle;Ljavafx/css/Styleable;Ljavafx/css/CssMetaData;Lcom/sun/javafx/css/StyleMap;Ljava/util/Set;Ljavafx/css/Styleable;Lcom/sun/javafx/css/CalculatedValue;)Lcom/sun/javafx/css/CalculatedValue; 48 0 1481 0 -1
ciMethod javafx/scene/CssStyleHelper getCachedFont (Ljavafx/css/Styleable;)Lcom/sun/javafx/css/CalculatedValue; 526 0 2067 0 0
ciMethod javafx/scene/CssStyleHelper getFontPosture (Ljavafx/scene/text/Font;)Ljavafx/scene/text/FontPosture; 208 0 104 0 -1
ciMethod javafx/scene/CssStyleHelper getFontWeight (Ljavafx/scene/text/Font;)Ljavafx/scene/text/FontWeight; 208 0 104 0 -1
ciMethod javafx/scene/CssStyleHelper getFontFamily (Ljavafx/scene/text/Font;)Ljava/lang/String; 208 0 104 0 -1
ciMethod javafx/scene/CssStyleHelper deriveFont (Ljavafx/scene/text/Font;Ljava/lang/String;Ljavafx/scene/text/FontWeight;Ljavafx/scene/text/FontPosture;D)Ljavafx/scene/text/Font; 192 0 96 0 -1
ciMethod javafx/scene/CssStyleHelper lookupFont (Ljavafx/css/Styleable;Ljava/lang/String;Lcom/sun/javafx/css/StyleMap;Lcom/sun/javafx/css/CalculatedValue;)Lcom/sun/javafx/css/CalculatedValue; 26 44 829 0 0
ciMethod javafx/scene/CssStyleHelper lookupInheritedFontProperty (Ljavafx/css/Styleable;Ljava/lang/String;Lcom/sun/javafx/css/StyleMap;ILcom/sun/javafx/css/CascadingStyle;)Lcom/sun/javafx/css/CascadingStyle; 772 2602 1492 0 -1
ciMethod com/sun/javafx/css/StyleManager$CacheContainer <init> ()V 2 0 6 0 -1
ciMethod com/sun/javafx/css/StyleManager$CacheContainer getStyleCache ()Ljava/util/Map; 540 0 873 0 0
ciMethod com/sun/javafx/css/StyleManager$CacheContainer getStyleMapList ()Ljava/util/List; 1024 0 21120 0 0
ciMethod com/sun/javafx/css/StyleManager$CacheContainer getStyleMap (I)Lcom/sun/javafx/css/StyleMap; 1024 0 10420 0 0
ciMethod com/sun/javafx/css/StyleMap isEmpty ()Z 814 0 5763 0 200
ciMethod com/sun/javafx/css/CascadingStyle getOrigin ()Ljavafx/css/StyleOrigin; 240 0 3221 0 -1
ciMethod com/sun/javafx/css/CascadingStyle getParsedValue ()Ljavafx/css/ParsedValue; 158 0 5390 0 -1
ciMethod com/sun/javafx/css/CascadingStyle compareTo (Lcom/sun/javafx/css/CascadingStyle;)I 38 0 1017 0 -1
ciMethod javafx/scene/CssStyleHelper$CacheContainer getStyleMap (Ljavafx/css/Styleable;)Lcom/sun/javafx/css/StyleMap; 728 0 12252 0 0
ciMethod com/sun/javafx/css/StyleCache$Key <init> ([II)V 516 0 845 0 0
ciMethod com/sun/javafx/css/StyleCache$Key <init> (Lcom/sun/javafx/css/StyleCache$Key;)V 164 0 257 0 0
ciMethod com/sun/javafx/css/StyleCache <init> ()V 164 0 257 0 0
ciMethod com/sun/javafx/css/StyleCache getStyleCacheEntry (Lcom/sun/javafx/css/StyleCacheEntry$Key;)Lcom/sun/javafx/css/StyleCacheEntry; 282 0 869 0 0
ciMethod com/sun/javafx/css/StyleCache addStyleCacheEntry (Lcom/sun/javafx/css/StyleCacheEntry$Key;Lcom/sun/javafx/css/StyleCacheEntry;)V 140 0 443 0 0
ciMethod com/sun/javafx/css/StyleCacheEntry$Key <init> ([Ljava/util/Set;Ljavafx/scene/text/Font;)V 684 2126 3072 0 0
ciMethod com/sun/javafx/css/StyleCacheEntry$Key hashCode (D)I 464 0 3103 0 0
ciMethod com/sun/javafx/css/StyleCacheEntry$Key hashCode ()I 512 1466 3436 0 0
ciMethod com/sun/javafx/css/StyleCacheEntry$Key equals (Ljava/lang/Object;)Z 776 2264 2056 0 0
ciMethod com/sun/javafx/css/CalculatedValue <init> (Ljava/lang/Object;Ljavafx/css/StyleOrigin;Z)V 124 0 2754 0 0
ciMethod com/sun/javafx/css/CalculatedValue getValue ()Ljava/lang/Object; 332 0 166 0 0
ciMethod com/sun/javafx/css/CalculatedValue getOrigin ()Ljavafx/css/StyleOrigin; 262 0 131 0 0
ciMethod com/sun/javafx/css/CalculatedValue isRelative ()Z 260 0 130 0 -1
ciMethod com/sun/javafx/css/StyleCacheEntry <init> ()V 140 0 443 0 0
ciMethod com/sun/javafx/css/StyleCacheEntry get (Ljava/lang/String;)Lcom/sun/javafx/css/CalculatedValue; 770 0 8185 0 1368
ciMethod com/sun/javafx/css/StyleCacheEntry put (Ljava/lang/String;Lcom/sun/javafx/css/CalculatedValue;)V 402 0 1113 0 0
ciMethodData javafx/scene/Node getParent ()Ljavafx/scene/Parent; 2 76121 orig 80 0 0 0 0 0 0 0 0 0 0 0 0 253 127 0 0 0 0 0 0 0 0 0 0 0 0 0 0 0 0 0 0 0 0 0 0 0 0 0 0 0 0 0 0 0 0 0 0 0 0 0 0 0 0 0 0 0 0 0 0 0 0 0 0 0 0 0 0 0 0 0 0 0 0 0 0 0 0 0 0 data 28 0x40007 0xf9e9 0x38 0x2f70 0x80003 0x2f70 0x78 0xf0005 0x0 0x1de5ea7cc18 0xf9e9 0x0 0x0 0x120104 0xd280 0x1de58326858 0x2645 0x1de5ea7ccc8 0x2b 0x0 0x0 0x0 0x0 0x0 0x0 0x9 0x1 0x0 oops 3 9 javafx/scene/Node$2 15 javafx/scene/layout/AnchorPane 17 javafx/scene/control/Button methods 0
ciMethodData com/sun/javafx/css/StyleMap isEmpty ()Z 2 5356 orig 80 0 0 0 0 0 0 0 0 0 0 0 0 253 127 0 0 0 0 0 0 0 0 0 0 0 0 0 0 0 0 0 0 0 0 0 0 0 0 0 0 0 0 0 0 0 0 0 0 0 0 0 0 0 0 0 0 0 0 0 0 0 0 0 0 0 0 0 0 0 0 0 0 0 0 0 0 0 0 0 0 data 29 0x40007 0x1478 0x50 0x74 0xb0005 0x0 0x1de7f628ac8 0x4d 0x1de58273260 0x27 0x150007 0x0 0x50 0x1478 0x1c0005 0x0 0x1de5e7a61c8 0x1478 0x0 0x0 0x0 0x0 0x0 0x0 0x0 0x0 0x9 0x1 0x0 oops 3 6 java/util/ArrayList 8 java/util/Collections$EmptyList 16 java/util/HashMap methods 0
ciMethodData javafx/scene/CssStyleHelper lookup (Ljavafx/css/Styleable;Ljavafx/css/CssMetaData;Lcom/sun/javafx/css/StyleMap;Ljava/util/Set;Ljavafx/css/Styleable;Lcom/sun/javafx/css/CalculatedValue;)Lcom/sun/javafx/css/CalculatedValue; 2 6150 orig 80 0 0 0 0 0 0 0 0 0 0 0 0 253 127 0 0 0 0 0 0 0 0 0 0 0 0 0 0 0 0 0 0 0 0 0 0 0 0 0 0 0 0 0 0 0 0 0 0 0 0 0 0 0 0 0 0 0 0 0 0 0 0 0 0 0 0 0 0 0 0 0 0 0 0 0 0 0 0 0 0 data 350 0x10005 0x1806 0x0 0x0 0x0 0x0 0x40002 0x1806 0x70007 0x17cc 0x80 0x3a 0xd0005 0x3a 0x0 0x0 0x0 0x0 0x130005 0x3a 0x0 0x0 0x0 0x0 0x180005 0x17cc 0x0 0x0 0x0 0x0 0x240005 0x17cc 0x0 0x0 0x0 0x0 0x2a0005 0x17cc 0x0 0x0 0x0 0x0 0x310007 0x1721 0x68 0xab 0x360005 0x0 0x1de5e7a6538 0xab 0x0 0x0 0x3b0003 0xab 0x18 0x430007 0x125 0x758 0x16a7 0x480007 0xab 0x50 0x15fc 0x550005 0x15fc 0x0 0x0 0x0 0x0 0x690007 0xab 0x388 0x5dc 0x700005 0x0 0x1de5e7a6538 0x5dc 0x0 0x0 0x750004 0x0 0x1de58420a70 0x5dc 0x0 0x0 0x850005 0x5dc 0x0 0x0 0x0 0x0 0x8f0007 0x583 0x2c0 0x59 0x940007 0x2d 0x30 0x2c 0x9b0002 0x2c 0xa60005 0x59 0x0 0x0 0x0 0x0 0xa90005 0x0 0x1de5e7a61c8 0x59 0x0 0x0 0xb10007 0x2c 0x108 0x2d 0xb60005 0x2d 0x0 0x0 0x0 0x0 0xb90007 0x0 0xb8 0x2d 0xc00005 0x2d 0x0 0x0 0x0 0x0 0xc30005 0x2d 0x0 0x0 0x0 0x0 0xc60007 0x2d 0xb8 0x0 0xc90003 0x0 0x68 0xce0005 0x2c 0x0 0x0 0x0 0x0 0xd10007 0x0 0x50 0x2c 0xd60005 0x2c 0x0 0x0 0x0 0x0 0xdd0007 0x0 0x70 0x59 0xe20005 0x59 0x0 0x0 0x0 0x0 0xe50007 0x59 0x38 0x0 0xe90003 0x0 0x18 0xf20003 0x5dc 0xfffffffffffffc90 0xf70007 0x7f 0x70 0x2c 0xfc0005 0x0 0x1de5e7a61c8 0x2c 0x0 0x0 0x1010007 0x2c 0x50 0x0 0x10e0005 0x7f 0x0 0x0 0x0 0x0 0x1130005 0x2c 0x0 0x0 0x0 0x0 0x11c0005 0x0 0x1de58420b20 0x2c 0x0 0x0 0x12b0002 0x2c 0x1370005 0x0 0x0 0x0 0x0 0x0 0x13f0002 0x0 0x1450007 0x0 0x60 0x0 0x1500002 0x0 0x1590005 0x0 0x0 0x0 0x0 0x0 0x1650005 0x0 0x0 0x0 0x0 0x0 0x1680007 0x0 0x180 0x0 0x1700005 0x0 0x0 0x0 0x0 0x0 0x17b0005 0x0 0x0 0x0 0x0 0x0 0x1820002 0x0 0x185000a 0x0 0x3 0x0 0x0 0x1de7f625168 0x18a0005 0x0 0x0 0x0 0x0 0x0 0x1910005 0x0 0x0 0x0 0x0 0x0 0x196000a 0x0 0x3 0x0 0x0 0x1de7f625168 0x19b0005 0x0 0x0 0x0 0x0 0x0 0x1a40005 0x0 0x1de60b6f5c0 0x125 0x0 0x0 0x1ab0007 0x0 0xf0 0x125 0x1b30005 0x125 0x0 0x0 0x0 0x0 0x1b60005 0x125 0x0 0x0 0x0 0x0 0x1b90007 0x122 0x70 0x3 0x1c00005 0x3 0x0 0x0 0x0 0x0 0x1c70007 0x0 0x20 0x3 0x1da0005 0x122 0x0 0x0 0x0 0x0 0x0 0x0 0x0 0x0 0x0 0x0 0x0 0x0 0x9 0x7 0x0 0x0 0x0 0x0 0x0 0x0 0x0 0x12f0001 oops 9 48 java/util/Collections$UnmodifiableRandomAccessList 75 java/util/Collections$UnmodifiableRandomAccessList 81 com/sun/javafx/css/SubCssMetaData 109 java/util/HashMap 188 java/util/HashMap 210 javafx/scene/layout/BackgroundConverter 265 java/lang/String 283 java/lang/String 292 com/sun/javafx/css/CascadingStyle methods 0
ciMethodData javafx/scene/CssStyleHelper lookupFont (Ljavafx/css/Styleable;Ljava/lang/String;Lcom/sun/javafx/css/StyleMap;Lcom/sun/javafx/css/CalculatedValue;)Lcom/sun/javafx/css/CalculatedValue; 2 826 orig 80 0 0 0 0 0 0 0 0 0 0 0 0 253 127 0 0 0 0 0 0 0 0 0 0 0 0 0 0 0 0 0 0 0 0 0 0 0 0 0 0 0 0 0 0 0 0 0 0 0 0 0 0 0 0 0 0 0 0 0 0 0 0 0 0 0 0 0 0 0 0 0 0 0 0 0 0 0 0 0 0 data 924 0x1c0004 0x2ed 0x1de58322010 0x16 0x1de583220c0 0x37 0x1f0007 0x0 0x68 0x33a 0x230004 0x2ed 0x1de58322010 0x16 0x1de583220c0 0x37 0x290003 0x33a 0x48 0x2d0005 0x0 0x0 0x0 0x0 0x0 0x3b0007 0x120 0x200 0x21a 0x460005 0x1c 0x1de58322170 0x120 0x1de58322220 0xde 0x4d0005 0x1c 0x1de583222d0 0x120 0x1de58322380 0xde 0x560005 0x1c 0x1de583222d0 0x120 0x1de58322380 0xde 0x5b0004 0x0 0x1de5e7a6488 0x21a 0x0 0x0 0x620007 0x21a 0x30 0x0 0x650002 0x0 0x6f0007 0x218 0xf0 0x2 0x790005 0x2 0x0 0x0 0x0 0x0 0x800005 0x2 0x0 0x0 0x0 0x0 0x880005 0x2 0x0 0x0 0x0 0x0 0x900005 0x2 0x0 0x0 0x0 0x0 0x9e0002 0x2 0xa50005 0x2ed 0x1de58322010 0x16 0x1de583220c0 0x37 0xaa0005 0x33a 0x0 0x0 0x0 0x0 0xb10007 0x32f 0x40 0xb 0xb80002 0xb 0xbd0002 0xb 0xc80005 0x33a 0x0 0x0 0x0 0x0 0xcf0007 0x0 0x340 0x33a 0xd70007 0x2 0x320 0x338 0xdb0007 0x0 0x68 0x338 0xdf0005 0x2eb 0x1de58322010 0x16 0x1de583220c0 0x37 0xe40003 0x338 0x18 0xec0007 0x338 0x298 0x101f 0xf10004 0xe0e 0x1de5859ff80 0x6e 0x1de58322430 0x1a3 0xf40007 0x1a 0x68 0x1005 0xf90004 0xdf4 0x1de5859ff80 0x6e 0x1de58322430 0x1a3 0xff0003 0x1005 0x18 0x1070007 0x5aa 0x198 0xa75 0x1110005 0xa75 0x0 0x0 0x0 0x0 0x1180004 0x9d9 0x1de5859ff80 0x6e 0x1de583224e0 0x2e 0x1290005 0xa75 0x0 0x0 0x0 0x0 0x1300007 0xa75 0xe8 0x0 0x1350005 0x0 0x0 0x0 0x0 0x0 0x13f0005 0x0 0x0 0x0 0x0 0x0 0x1420005 0x0 0x0 0x0 0x0 0x0 0x1450007 0x0 0x38 0x0 0x14c0003 0x0 0x60 0x1510005 0xe0e 0x1de5859ff80 0x6e 0x1de58322430 0x1a3 0x1580003 0x101f 0xfffffffffffffd80 0x15d0007 0x33a 0x2c0 0x0 0x1620007 0x0 0xa0 0x0 0x1690005 0x0 0x0 0x0 0x0 0x0 0x16c0005 0x0 0x0 0x0 0x0 0x0 0x16f0007 0x0 0x220 0x0 0x17f0005 0x0 0x0 0x0 0x0 0x0 0x1860005 0x0 0x0 0x0 0x0 0x0 0x1890004 0x0 0x0 0x0 0x0 0x0 0x18c0007 0x0 0x170 0x0 0x1910005 0x0 0x0 0x0 0x0 0x0 0x1980005 0x0 0x0 0x0 0x0 0x0 0x19b0004 0x0 0x0 0x0 0x0 0x0 0x1a30005 0x0 0x0 0x0 0x0 0x0 0x1aa0005 0x0 0x0 0x0 0x0 0x0 0x1b20005 0x0 0x0 0x0 0x0 0x0 0x1ba0005 0x0 0x0 0x0 0x0 0x0 0x1cc0005 0x33a 0x0 0x0 0x0 0x0 0x1d20005 0x33a 0x0 0x0 0x0 0x0 0x1d90007 0x310 0x160 0x2a 0x1de0007 0x2a 0x88 0x0 0x1e50005 0x0 0x0 0x0 0x0 0x0 0x1e80007 0x0 0x38 0x0 0x1ee0003 0x0 0x150 0x1f60007 0x2a 0x138 0x0 0x1fe0005 0x0 0x0 0x0 0x0 0x0 0x2010005 0x0 0x0 0x0 0x0 0x0 0x2040007 0x0 0xb8 0x0 0x20a0003 0x0 0x98 0x2120007 0x2 0x80 0x30e 0x21b0005 0x30e 0x0 0x0 0x0 0x0 0x2230005 0x30e 0x0 0x0 0x0 0x0 0x22a0007 0x2a1 0x440 0x99 0x23a0005 0x99 0x0 0x0 0x0 0x0 0x2410005 0x99 0x0 0x0 0x0 0x0 0x2440104 0x0 0x1de7f629398 0x4a 0x0 0x0 0x2470007 0x4f 0x390 0x4a 0x24c0007 0x4a 0xa0 0x0 0x2530005 0x0 0x0 0x0 0x0 0x0 0x2560005 0x0 0x0 0x0 0x0 0x0 0x2590007 0x0 0x50 0x0 0x25e0005 0x4a 0x0 0x0 0x0 0x0 0x2650005 0x4a 0x0 0x0 0x0 0x0 0x2680004 0x0 0x1de7f629398 0x4a 0x0 0x0 0x26b0005 0x4a 0x0 0x0 0x0 0x0 0x2720007 0x3a 0x190 0x10 0x2770005 0x10 0x0 0x0 0x0 0x0 0x27a0007 0x0 0x70 0x10 0x27f0005 0x10 0x0 0x0 0x0 0x0 0x2820007 0x10 0x38 0x0 0x2860003 0x0 0x18 0x28f0005 0x10 0x0 0x0 0x0 0x0 0x2920004 0x0 0x1de5e7a6488 0x10 0x0 0x0 0x29d0005 0x10 0x0 0x0 0x0 0x0 0x2ac0002 0x10 0x2b10003 0x10 0x98 0x2b60005 0x3a 0x0 0x0 0x0 0x0 0x2bc0002 0x3a 0x2c70005 0x3a 0x0 0x0 0x0 0x0 0x2d60002 0x3a 0x2e00007 0xea 0x58 0x250 0x2e50007 0x215 0x38 0x3b 0x2ea0003 0x3b 0x18 0x2f70005 0xea 0x0 0x0 0x0 0x0 0x2fd0005 0xea 0x0 0x0 0x0 0x0 0x3040007 0xea 0xa8 0x0 0x3090007 0x0 0x108 0x0 0x3100005 0x0 0x0 0x0 0x0 0x0 0x3130007 0x0 0xb8 0x0 0x3190003 0x0 0x98 0x3210007 0x1 0x80 0xe9 0x32a0005 0xe9 0x0 0x0 0x0 0x0 0x3320005 0xe9 0x0 0x0 0x0 0x0 0x3390007 0xea 0x200 0x0 0x3480005 0x0 0x0 0x0 0x0 0x0 0x34f0005 0x0 0x0 0x0 0x0 0x0 0x3520004 0x0 0x0 0x0 0x0 0x0 0x3550007 0x0 0x150 0x0 0x35a0007 0x0 0xa0 0x0 0x3610005 0x0 0x0 0x0 0x0 0x0 0x3640005 0x0 0x0 0x0 0x0 0x0 0x3670007 0x0 0x50 0x0 0x36c0005 0x0 0x0 0x0 0x0 0x0 0x3730005 0x0 0x0 0x0 0x0 0x0 0x3760004 0x0 0x0 0x0 0x0 0x0 0x3840005 0xea 0x0 0x0 0x0 0x0 0x38a0005 0xea 0x0 0x0 0x0 0x0 0x3910007 0xea 0xa8 0x0 0x3960007 0x0 0x108 0x0 0x39d0005 0x0 0x0 0x0 0x0 0x0 0x3a00007 0x0 0xb8 0x0 0x3a60003 0x0 0x98 0x3ae0007 0x1 0x80 0xe9 0x3b70005 0xe9 0x0 0x0 0x0 0x0 0x3bf0005 0xe9 0x0 0x0 0x0 0x0 0x3c60007 0xea 0x200 0x0 0x3d50005 0x0 0x0 0x0 0x0 0x0 0x3dc0005 0x0 0x0 0x0 0x0 0x0 0x3df0004 0x0 0x0 0x0 0x0 0x0 0x3e20007 0x0 0x150 0x0 0x3e70007 0x0 0xa0 0x0 0x3ee0005 0x0 0x0 0x0 0x0 0x0 0x3f10005 0x0 0x0 0x0 0x0 0x0 0x3f40007 0x0 0x50 0x0 0x3f90005 0x0 0x0 0x0 0x0 0x0 0x4000005 0x0 0x0 0x0 0x0 0x0 0x4030004 0x0 0x0 0x0 0x0 0x0 0x4110005 0xea 0x0 0x0 0x0 0x0 0x4170005 0xea 0x0 0x0 0x0 0x0 0x41e0007 0xea 0xa8 0x0 0x4230007 0x0 0x108 0x0 0x42a0005 0x0 0x0 0x0 0x0 0x0 0x42d0007 0x0 0xb8 0x0 0x4330003 0x0 0x98 0x43b0007 0x1 0x80 0xe9 0x4440005 0xe9 0x0 0x0 0x0 0x0 0x44c0005 0xe9 0x0 0x0 0x0 0x0 0x4530007 0xea 0x200 0x0 0x4620005 0x0 0x0 0x0 0x0 0x0 0x4690005 0x0 0x0 0x0 0x0 0x0 0x46c0004 0x0 0x0 0x0 0x0 0x0 0x46f0007 0x0 0x150 0x0 0x4740007 0x0 0xa0 0x0 0x47b0005 0x0 0x0 0x0 0x0 0x0 0x47e0005 0x0 0x0 0x0 0x0 0x0 0x4810007 0x0 0x50 0x0 0x4860005 0x0 0x0 0x0 0x0 0x0 0x48d0005 0x0 0x0 0x0 0x0 0x0 0x4900004 0x0 0x0 0x0 0x0 0x0 0x49a0007 0xda 0x108 0x10 0x49f0007 0x0 0x98 0x10 0x4a40005 0x10 0x0 0x0 0x0 0x0 0x4a70004 0x0 0x1de5e7a6488 0x10 0x0 0x0 0x4aa0003 0x10 0x28 0x4ad0002 0x0 0x4bd0005 0x10 0x0 0x0 0x0 0x0 0x4cb0002 0x10 0x0 0x0 0x0 0x0 0x0 0x0 0x0 0x0 0x0 0x0 0x0 0x0 0x0 0x0 0x0 0x0 0x0 0x0 0x0 0x9 0x5 0x0 0x0 0x0 0x0 0x0 oops 27 2 javafx/scene/control/skin/ScrollBarSkin$2 4 javafx/scene/layout/Region 12 javafx/scene/control/skin/ScrollBarSkin$2 14 javafx/scene/layout/Region 31 javafx/scene/control/Labeled$StyleableProperties$1 33 com/sun/javafx/scene/control/LabeledText$1 37 javafx/scene/control/Labeled$6 39 com/sun/javafx/scene/control/LabeledText$StyleablePropertyMirror 43 javafx/scene/control/Labeled$6 45 com/sun/javafx/scene/control/LabeledText$StyleablePropertyMirror 49 javafx/scene/text/Font 91 javafx/scene/control/skin/ScrollBarSkin$2 93 javafx/scene/layout/Region 129 javafx/scene/control/skin/ScrollBarSkin$2 131 javafx/scene/layout/Region 142 com/sun/javafx/scene/control/VirtualScrollBar 144 javafx/scene/control/skin/VirtualFlow 152 com/sun/javafx/scene/control/VirtualScrollBar 154 javafx/scene/control/skin/VirtualFlow 171 com/sun/javafx/scene/control/VirtualScrollBar 173 javafx/scene/control/ListView 212 com/sun/javafx/scene/control/VirtualScrollBar 214 javafx/scene/control/skin/VirtualFlow 397 java/lang/Double 439 java/lang/Double 484 javafx/scene/text/Font 881 javafx/scene/text/Font methods 0
ciMethodData com/sun/javafx/css/CalculatedValue <init> (Ljava/lang/Object;Ljavafx/css/StyleOrigin;Z)V 2 2739 orig 80 0 0 0 0 0 0 0 0 0 0 0 0 253 127 0 0 0 0 0 0 0 0 0 0 0 0 0 0 0 0 0 0 0 0 0 0 0 0 0 0 0 0 0 0 0 0 0 0 0 0 0 0 0 0 0 0 0 0 0 0 0 0 0 0 0 0 0 0 0 0 0 0 0 0 0 0 0 0 0 0 data 12 0x10002 0xab3 0x0 0x0 0x0 0x0 0x9 0x4 0xe 0x0 0x0 0x0 oops 0 methods 0
ciMethodData com/sun/javafx/css/StyleCacheEntry get (Ljava/lang/String;)Lcom/sun/javafx/css/CalculatedValue; 2 7800 orig 80 0 0 0 0 0 0 0 0 0 0 0 0 253 127 0 0 0 0 0 0 0 0 0 0 0 0 0 0 0 0 0 0 0 0 0 0 0 0 0 0 0 0 0 0 0 0 0 0 0 0 0 0 0 0 0 0 0 0 0 0 0 0 0 0 0 0 0 0 0 0 0 0 0 0 0 0 0 0 0 0 data 36 0x60007 0x560 0xd0 0x1918 0xd0005 0x0 0x1de5e7a61c8 0x1918 0x0 0x0 0x120007 0x0 0x80 0x1918 0x1a0005 0x0 0x1de5e7a61c8 0x1918 0x0 0x0 0x1f0104 0x0 0x1de5e7a6278 0x162 0x0 0x0 0x0 0x0 0x0 0x0 0x0 0x0 0x9 0x2 0x0 0x0 oops 3 6 java/util/HashMap 16 java/util/HashMap 22 com/sun/javafx/css/CalculatedValue methods 0
ciMethodData com/sun/javafx/css/StyleManager$CacheContainer getStyleMapList ()Ljava/util/List; 2 20638 orig 80 0 0 0 0 0 0 0 0 0 0 0 0 253 127 0 0 0 0 0 0 0 0 0 0 0 0 0 0 0 0 0 0 0 0 0 0 0 0 0 0 0 0 0 0 0 0 0 0 0 0 0 0 0 0 0 0 0 0 0 0 0 0 0 0 0 0 0 0 0 0 0 0 0 0 0 0 0 0 0 0 data 15 0x40007 0x5098 0x30 0x7 0xc0002 0x7 0x0 0x0 0x0 0x0 0x0 0x0 0x9 0x1 0x0 oops 0 methods 0
ciMethodData javafx/css/CssMetaData hashCode ()I 2 6255 orig 80 0 0 0 0 0 0 0 0 0 0 0 0 253 127 0 0 0 0 0 0 0 0 0 0 0 0 0 0 0 0 0 0 0 0 0 0 0 0 0 0 0 0 0 0 0 0 0 0 0 0 0 0 0 0 0 0 0 0 0 0 0 0 0 0 0 0 0 0 0 0 0 0 0 0 0 0 0 0 0 0 data 22 0xa0007 0x0 0x68 0x1870 0x110005 0x1870 0x0 0x0 0x0 0x0 0x140003 0x1870 0x18 0x0 0x0 0x0 0x0 0x0 0x0 0x9 0x1 0x0 oops 0 methods 0
ciMethodData com/sun/javafx/css/StyleManager getInstance ()Lcom/sun/javafx/css/StyleManager; 2 13891 orig 80 0 0 0 0 0 0 0 0 0 0 0 0 253 127 0 0 0 0 0 0 0 0 0 0 0 0 0 0 0 0 0 0 0 0 0 0 0 0 0 0 0 0 0 0 0 0 0 0 0 0 0 0 0 0 0 0 0 0 0 0 0 0 0 0 0 0 0 0 0 0 0 0 0 0 0 0 0 0 0 0 data 4 0x0 0x0 0x9 0x0 oops 0 methods 0
ciMethodData javafx/scene/CssStyleHelper getStyleMap (Ljavafx/css/Styleable;)Lcom/sun/javafx/css/StyleMap; 2 12156 orig 80 0 0 0 0 0 0 0 0 0 0 0 0 253 127 0 0 0 0 0 0 0 0 0 0 0 0 0 0 0 0 0 0 0 0 0 0 0 0 0 0 0 0 0 0 0 0 0 0 0 0 0 0 0 0 0 0 0 0 0 0 0 0 0 0 0 0 0 0 0 0 0 0 0 0 0 0 0 0 0 0 data 24 0x40007 0x11 0x40 0x2f6b 0x80007 0x2f6b 0x20 0x0 0x120005 0x2f6b 0x0 0x0 0x0 0x0 0x0 0x0 0x0 0x0 0x0 0x0 0x9 0x2 0x0 0xffffffffffffffff oops 0 methods 0
ciMethodData javafx/scene/CssStyleHelper$CacheContainer getStyleMap (Ljavafx/css/Styleable;)Lcom/sun/javafx/css/StyleMap; 2 11888 orig 80 1 0 0 0 0 0 0 0 0 0 0 0 253 127 0 0 0 0 0 0 0 0 0 0 0 0 0 0 0 0 0 0 0 0 0 0 0 0 0 0 0 0 0 0 0 0 0 0 0 0 0 0 0 0 0 0 0 0 0 0 0 0 0 0 0 0 0 0 0 0 0 0 0 0 0 0 0 0 0 0 data 47 0x10007 0x0 0x128 0x2e70 0x50004 0x2a85 0x1de5859fed0 0xa6 0x1de5859ff80 0x345 0x80007 0x0 0x98 0x2e70 0xc0004 0x2a85 0x1de5859fed0 0xa6 0x1de5859ff80 0x345 0xf0005 0x2e70 0x0 0x0 0x0 0x0 0x120003 0x2e70 0x18 0x170002 0x2e70 0x200005 0x2e70 0x0 0x0 0x0 0x0 0x0 0x0 0x0 0x0 0x0 0x0 0x9 0x2 0x0 0xffffffffffffffff oops 4 6 javafx/scene/control/skin/ScrollBarSkin$3 8 com/sun/javafx/scene/control/VirtualScrollBar 16 javafx/scene/control/skin/ScrollBarSkin$3 18 com/sun/javafx/scene/control/VirtualScrollBar methods 0
ciMethodData com/sun/javafx/css/StyleManager getCacheContainer (Ljavafx/css/Styleable;Ljavafx/scene/SubScene;)Lcom/sun/javafx/css/StyleManager$CacheContainer; 2 9403 orig 80 0 0 0 0 0 0 0 0 0 0 0 0 253 127 0 0 0 0 0 0 0 0 0 0 0 0 0 0 0 0 0 0 0 0 0 0 0 0 0 0 0 0 0 0 0 0 0 0 0 0 0 0 0 0 0 0 0 0 0 0 0 0 0 0 0 0 0 0 0 0 0 0 0 0 0 0 0 0 0 0 data 129 0x10007 0x24bb 0x40 0x0 0x50007 0x0 0x20 0x0 0xd0007 0x24bb 0x68 0x0 0x110005 0x0 0x0 0x0 0x0 0x0 0x150003 0x0 0x230 0x190004 0x2374 0x1de583220c0 0xb6 0x1de5859fed0 0x91 0x1c0007 0x0 0xe8 0x24bb 0x200004 0x2374 0x1de583220c0 0xb6 0x1de5859fed0 0x91 0x270005 0x24bb 0x0 0x0 0x0 0x0 0x2e0007 0x0 0x50 0x24bb 0x330005 0x24bb 0x0 0x0 0x0 0x0 0x370003 0x24bb 0x118 0x3b0004 0x0 0x0 0x0 0x0 0x0 0x3e0007 0x0 0xd0 0x0 0x420004 0x0 0x0 0x0 0x0 0x0 0x450005 0x0 0x0 0x0 0x0 0x0 0x4c0007 0x0 0x50 0x0 0x510005 0x0 0x0 0x0 0x0 0x0 0x560007 0x24bb 0x20 0x0 0x660005 0x0 0x1de5ea7c2a8 0x24bb 0x0 0x0 0x6b0104 0x0 0x1de6066c740 0x24b6 0x0 0x0 0x720007 0x24b6 0x60 0x5 0x790002 0x5 0x840005 0x0 0x1de5ea7c2a8 0x5 0x0 0x0 0x0 0x0 0x0 0x0 0x0 0x0 0x9 0x3 0x0 0x0 0x0 0x900001 0x900001 oops 7 23 javafx/scene/layout/Region 25 javafx/scene/control/skin/ScrollBarSkin$3 33 javafx/scene/layout/Region 35 javafx/scene/control/skin/ScrollBarSkin$3 94 java/util/WeakHashMap 100 com/sun/javafx/css/StyleManager$CacheContainer 112 java/util/WeakHashMap methods 0
ciMethodData com/sun/javafx/css/StyleManager$CacheContainer getStyleMap (I)Lcom/sun/javafx/css/StyleMap; 2 9915 orig 80 1 0 0 0 0 0 0 0 0 0 0 0 253 127 0 0 0 0 0 0 0 0 0 0 0 0 0 0 0 0 0 0 0 0 0 0 0 0 0 2 0 0 0 0 0 0 0 0 0 0 0 0 0 0 0 0 0 0 0 0 0 0 0 0 0 0 0 0 0 0 0 0 0 0 0 0 0 0 0 0 data 48 0x90007 0x0 0x130 0x26bc 0xe0005 0x26bc 0x0 0x0 0x0 0x0 0x110005 0x0 0x1de7f628ac8 0x26bc 0x0 0x0 0x8000000600160007 0x20 0xb0 0x269e 0x1a0005 0x269e 0x0 0x0 0x0 0x0 0x1e0005 0x0 0x1de7f628ac8 0x269e 0x0 0x0 0x230004 0x0 0x1de5ee7d9f0 0x269e 0x0 0x0 0x0 0x0 0x0 0x0 0x0 0x0 0x9 0x2 0x0 0x0 oops 3 12 java/util/ArrayList 28 java/util/ArrayList 34 com/sun/javafx/css/StyleMap methods 0
ciMethodData com/sun/javafx/css/StyleManager getStyleMap (Ljavafx/css/Styleable;Ljavafx/scene/SubScene;I)Lcom/sun/javafx/css/StyleMap; 2 11742 orig 80 0 0 0 0 0 0 0 0 0 0 0 0 253 127 0 0 0 0 0 0 0 0 0 0 0 0 0 0 0 0 0 0 0 0 0 0 0 0 0 0 0 0 0 0 0 0 0 0 0 0 0 0 0 0 0 0 0 0 0 0 0 0 0 0 0 0 0 0 0 0 0 0 0 0 0 0 0 0 0 0 data 32 0x20007 0x2ddf 0x20 0x0 0xc0005 0x2ddf 0x0 0x0 0x0 0x0 0x130007 0x2ddf 0x20 0x0 0x1d0005 0x0 0x1de6066c740 0x2ddf 0x0 0x0 0x0 0x0 0x0 0x0 0x0 0x0 0x9 0x4 0xffffffffffffffff 0xffffffffffffffff 0xffffffffffffffff 0x0 oops 1 16 com/sun/javafx/css/StyleManager$CacheContainer methods 0
ciMethodData com/sun/javafx/css/StyleCacheEntry$Key hashCode ()I 2 3180 orig 80 0 0 0 0 0 0 0 0 0 0 0 0 253 127 0 0 0 0 0 0 0 0 0 0 0 0 0 0 0 0 0 0 0 0 0 0 0 0 0 0 0 0 0 0 0 0 0 0 0 0 0 0 0 0 0 0 0 0 0 0 0 0 0 0 0 0 0 0 0 0 0 0 0 0 0 0 0 0 0 0 data 32 0x60007 0x136 0xb8 0xb36 0xe0002 0xb36 0x1e0007 0xb36 0x88 0x28de 0x290007 0x0 0x50 0x28de 0x340005 0x0 0x1de60cd85b8 0x814 0x1de60cd8508 0x20ca 0x410003 0x28de 0xffffffffffffff90 0x0 0x0 0x0 0x0 0x0 0x0 0x9 0x1 0x0 oops 2 16 java/util/ImmutableCollections$Set12 18 java/util/ImmutableCollections$SetN methods 0
ciMethodData com/sun/javafx/css/StyleCacheEntry$Key hashCode (D)I 2 2871 orig 80 0 0 0 0 0 0 0 0 0 0 0 0 253 127 0 0 0 0 0 0 0 0 0 0 0 0 0 0 0 0 0 0 0 0 0 0 0 0 0 0 0 0 0 0 0 0 0 0 0 0 0 0 0 0 0 0 0 0 0 0 0 0 0 0 0 0 0 0 0 0 0 0 0 0 0 0 0 0 0 0 data 12 0x10002 0xb37 0x0 0x0 0x0 0x0 0x0 0x0 0x9 0x2 0x0 0x0 oops 0 methods 0
ciMethodData java/util/ImmutableCollections$Set12 hashCode ()I 2 4588 orig 80 0 0 0 0 0 0 0 0 0 0 0 0 253 127 0 0 0 0 0 0 0 0 0 0 0 0 0 0 0 0 0 0 0 0 0 0 0 0 0 0 0 0 0 0 0 0 0 0 0 0 0 0 0 0 0 0 0 0 0 0 0 0 0 0 0 0 0 0 0 0 0 0 0 0 0 0 0 0 0 0 data 28 0x40005 0x0 0x1de5e655ed8 0x11ed 0x0 0x0 0xe0007 0x371 0x38 0xe7c 0x120003 0xe7c 0x48 0x190005 0x0 0x1de5e655ed8 0x371 0x0 0x0 0x0 0x0 0x0 0x0 0x0 0x0 0x9 0x1 0x0 oops 2 2 com/sun/javafx/css/PseudoClassImpl 15 com/sun/javafx/css/PseudoClassImpl methods 0
ciMethodData java/util/logging/Logger isLoggable (Ljava/util/logging/Level;)Z 2 3793 orig 80 0 0 0 0 0 0 0 0 0 0 0 0 253 127 0 0 0 0 0 0 0 0 0 0 0 0 0 0 0 0 0 0 0 0 0 0 0 0 0 0 0 0 0 0 0 0 0 0 0 0 0 0 0 0 0 0 0 0 0 0 0 0 0 0 0 0 0 0 0 0 0 0 0 0 0 0 0 0 0 0 data 24 0x90005 0xed1 0x0 0x0 0x0 0x0 0xd0007 0xecd 0x40 0x4 0x140007 0x4 0x20 0x0 0x0 0x0 0x0 0x0 0x0 0x0 0x9 0x2 0x0 0x0 oops 0 methods 0
ciMethodData sun/util/logging/internal/LoggingProviderImpl$JULWrapper toJUL (Ljava/lang/System$Logger$Level;)Ljava/util/logging/Level; 2 3790 orig 80 0 0 0 0 0 0 0 0 0 0 0 0 253 127 0 0 0 0 0 0 0 0 0 0 0 0 0 0 0 0 0 0 0 0 0 0 0 0 0 0 0 0 0 0 0 0 0 0 0 0 0 0 0 0 0 0 0 0 0 0 0 0 0 0 0 0 0 0 0 0 0 0 0 0 0 0 0 0 0 0 data 35 0x10007 0xece 0x20 0x0 0x90007 0xece 0x80 0x0 0xd0005 0x0 0x0 0x0 0x0 0x0 0x140007 0x0 0x30 0x0 0x1b0002 0x0 0x230005 0xece 0x0 0x0 0x0 0x0 0x0 0x0 0x0 0x0 0x0 0x0 0x9 0x1 0x0 oops 0 methods 0
ciMethodData sun/util/logging/internal/LoggingProviderImpl$JULWrapper isLoggable (Ljava/lang/System$Logger$Level;)Z 2 3661 orig 80 0 0 0 0 0 0 0 0 0 0 0 0 253 127 0 0 0 0 0 0 0 0 0 0 0 0 0 0 0 0 0 0 0 0 0 0 0 0 0 0 0 0 0 0 0 0 0 0 0 0 0 0 0 0 0 0 0 0 0 0 0 0 0 0 0 0 0 0 0 0 0 0 0 0 0 0 0 0 0 0 data 18 0x50002 0xe4d 0x80005 0x0 0x1de5ea2de40 0xe4d 0x0 0x0 0x0 0x0 0x0 0x0 0x0 0x0 0x9 0x2 0x0 0x0 oops 1 4 java/util/logging/Logger methods 0
ciMethodData javafx/scene/CssStyleHelper getCachedFont (Ljavafx/css/Styleable;)Lcom/sun/javafx/css/CalculatedValue; 2 1842 orig 80 0 0 0 0 0 0 0 0 0 0 0 0 253 127 0 0 0 0 0 0 0 0 0 0 0 0 0 0 0 0 0 0 0 0 0 0 0 0 0 0 0 0 0 0 0 0 0 0 0 0 0 0 0 0 0 0 0 0 0 0 0 0 0 0 0 0 0 0 0 0 0 0 0 0 0 0 0 0 0 0 data 112 0x10104 0x6d7 0x1de58326858 0x47 0x1de58326908 0xc 0x40007 0x726 0x20 0xc 0xc0004 0x6d3 0x1de58326858 0x47 0x1de58326908 0xc 0x180007 0x27c 0x40 0x4aa 0x200007 0x4aa 0x98 0x0 0x250005 0x24c 0x1de58326858 0x8 0x1de583269b8 0x28 0x280005 0x27c 0x0 0x0 0x0 0x0 0x2c0003 0x27c 0x1d8 0x380007 0x0 0x140 0x4aa 0x400007 0x0 0x120 0x4aa 0x480005 0x0 0x1de5e7a61c8 0x4aa 0x0 0x0 0x4d0007 0x0 0xd0 0x4aa 0x530005 0x4aa 0x0 0x0 0x0 0x0 0x5e0002 0x4aa 0x610002 0x4aa 0x6d0005 0x0 0x1de5e7a61c8 0x4aa 0x0 0x0 0x720104 0x0 0x1de5e7a6278 0x4a4 0x0 0x0 0x770007 0x4a4 0x80 0x6 0x7d0005 0x6 0x0 0x0 0x0 0x0 0x8b0005 0x6 0x0 0x0 0x0 0x0 0x930007 0x6 0x38 0x720 0x970003 0x720 0x18 0x0 0x0 0x0 0x0 0x0 0x0 0x9 0x2 0x0 0x0 oops 9 2 javafx/scene/layout/AnchorPane 4 javafx/scene/layout/VBox 12 javafx/scene/layout/AnchorPane 14 javafx/scene/layout/VBox 26 javafx/scene/layout/AnchorPane 28 org/fxmisc/flowless/Navigator 49 java/util/HashMap 69 java/util/HashMap 75 com/sun/javafx/css/CalculatedValue methods 0
ciMethodData com/sun/javafx/css/StyleCacheEntry$Key <init> ([Ljava/util/Set;Ljavafx/scene/text/Font;)V 2 2753 orig 80 0 0 0 0 0 0 0 0 0 0 0 0 253 127 0 0 0 0 0 0 0 0 0 0 0 0 0 0 0 0 0 0 0 0 0 0 0 0 0 0 0 0 0 0 0 0 0 0 0 0 0 0 0 0 0 0 0 0 0 0 0 0 0 0 0 0 0 0 0 0 0 0 0 0 0 0 0 0 0 0 data 49 0x10002 0xac1 0x180007 0xac1 0x78 0x277e 0x230002 0x277e 0x260004 0x0 0x1de60cd85b8 0x7d6 0x1de60cd8508 0x1fa8 0x2a0003 0x277e 0xffffffffffffffa0 0x2f0007 0x0 0x68 0xac1 0x330005 0xac1 0x0 0x0 0x0 0x0 0x360003 0xac1 0x58 0x390002 0x0 0x3c0005 0x0 0x0 0x0 0x0 0x0 0x0 0x0 0x0 0x0 0x0 0x0 0x9 0x3 0xe 0x0 0x0 oops 2 10 java/util/ImmutableCollections$Set12 12 java/util/ImmutableCollections$SetN methods 0
ciMethodData com/sun/javafx/css/StyleCache getStyleCacheEntry (Lcom/sun/javafx/css/StyleCacheEntry$Key;)Lcom/sun/javafx/css/StyleCacheEntry; 1 767 orig 80 0 0 0 0 0 0 0 0 0 0 0 0 253 127 0 0 0 0 0 0 0 0 0 0 0 0 0 0 0 0 0 0 0 0 0 0 0 0 0 0 0 0 0 0 0 0 0 0 0 0 0 0 0 0 0 0 0 0 0 0 0 0 0 0 0 0 0 0 0 0 0 0 0 0 0 0 0 0 0 0 data 26 0x60007 0xd2 0x80 0x22d 0xe0005 0x0 0x1de5e7a61c8 0x22d 0x0 0x0 0x130104 0x0 0x1de5ee7ffd0 0x169 0x0 0x0 0x0 0x0 0x0 0x0 0x0 0x0 0x9 0x2 0x0 0x0 oops 2 6 java/util/HashMap 12 com/sun/javafx/css/StyleCacheEntry methods 0
ciMethodData com/sun/javafx/css/StyleCacheEntry <init> ()V 1 407 orig 80 0 0 0 0 0 0 0 0 0 0 0 0 253 127 0 0 0 0 0 0 0 0 0 0 0 0 0 0 0 0 0 0 0 0 0 0 0 0 0 0 0 0 0 0 0 0 0 0 0 0 0 0 0 0 0 0 0 0 0 0 0 0 0 0 0 0 0 0 0 0 0 0 0 0 0 0 0 0 0 0 data 7 0x10002 0x197 0x0 0x0 0x9 0x1 0x0 oops 0 methods 0
ciMethodData com/sun/javafx/css/StyleCache addStyleCacheEntry (Lcom/sun/javafx/css/StyleCacheEntry$Key;Lcom/sun/javafx/css/StyleCacheEntry;)V 1 408 orig 80 0 0 0 0 0 0 0 0 0 0 0 0 253 127 0 0 0 0 0 0 0 0 0 0 0 0 0 0 0 0 0 0 0 0 0 0 0 0 0 0 0 0 0 0 0 0 0 0 0 0 0 0 0 0 0 0 0 0 0 0 0 0 0 0 0 0 0 0 0 0 0 0 0 0 0 0 0 0 0 0 data 23 0x40007 0xc6 0x30 0xd2 0xd0002 0xd2 0x190005 0x0 0x1de5e7a61c8 0x198 0x0 0x0 0x0 0x0 0x0 0x0 0x0 0x0 0x9 0x3 0x0 0x0 0x0 oops 1 8 java/util/HashMap methods 0
ciMethodData com/sun/javafx/css/StyleCacheEntry put (Ljava/lang/String;Lcom/sun/javafx/css/CalculatedValue;)V 2 1007 orig 80 0 0 0 0 0 0 0 0 0 0 0 0 253 127 0 0 0 0 0 0 0 0 0 0 0 0 0 0 0 0 0 0 0 0 0 0 0 0 0 0 0 0 0 0 0 0 0 0 0 0 0 0 0 0 0 0 0 0 0 0 0 0 0 0 0 0 0 0 0 0 0 0 0 0 0 0 0 0 0 0 data 23 0x40007 0x256 0x30 0x199 0xd0002 0x199 0x190005 0x0 0x1de5e7a61c8 0x3ef 0x0 0x0 0x0 0x0 0x0 0x0 0x0 0x0 0x9 0x3 0x0 0x0 0x0 oops 1 8 java/util/HashMap methods 0
ciMethodData javafx/css/CssMetaData equals (Ljava/lang/Object;)Z 1 329 orig 80 0 0 0 0 0 0 0 0 0 0 0 0 253 127 0 0 0 0 0 0 0 0 0 0 0 0 0 0 0 0 0 0 0 0 0 0 0 0 0 0 0 0 0 0 0 0 0 0 0 0 0 0 0 0 0 0 0 0 0 0 0 0 0 0 0 0 0 0 0 0 0 0 0 0 0 0 0 0 0 0 data 57 0x10007 0x14a 0x20 0x0 0x70005 0x14a 0x0 0x0 0x0 0x0 0xb0005 0x14a 0x0 0x0 0x0 0x0 0xe0007 0x0 0x20 0x14a 0x140004 0x0 0x0 0x0 0x0 0x0 0x1c0007 0x0 0x58 0x0 0x230007 0x0 0x88 0x0 0x260003 0x0 0x68 0x310005 0x0 0x0 0x0 0x0 0x0 0x340007 0x0 0x20 0x0 0x0 0x0 0x0 0x0 0x0 0x0 0x9 0x2 0x0 0x0 oops 0 methods 0
ciMethodData com/sun/javafx/css/StyleCacheEntry$Key equals (Ljava/lang/Object;)Z 2 1668 orig 80 0 0 0 0 0 0 0 0 0 0 0 0 253 127 0 0 0 0 0 0 0 0 0 0 0 0 0 0 0 0 0 0 0 0 0 0 0 0 0 0 0 0 0 0 0 0 0 0 0 0 0 0 0 0 0 0 0 0 0 0 0 0 0 0 0 0 0 0 0 0 0 0 0 0 0 0 0 0 0 0 data 87 0x20007 0x684 0x20 0x0 0x80007 0x0 0xa0 0x684 0xc0005 0x684 0x0 0x0 0x0 0x0 0x100005 0x684 0x0 0x0 0x0 0x0 0x130007 0x684 0x20 0x0 0x190004 0x0 0x1de5ee7f150 0x684 0x0 0x0 0x250007 0x684 0x20 0x0 0x390007 0x0 0x40 0x684 0x410007 0x684 0x20 0x0 0x500007 0x684 0x20 0x0 0x5f0007 0x684 0xe0 0x16d4 0x760007 0x16d4 0x58 0x0 0x7b0007 0x0 0x88 0x0 0x7e0003 0x0 0x68 0x850005 0x0 0x1de60cd8508 0x1251 0x1de60cd85b8 0x483 0x8a0007 0x16d4 0x20 0x0 0x920003 0x16d4 0xffffffffffffff38 0x0 0x0 0x0 0x0 0x0 0x0 0x0 0x0 0x0 0x9 0x2 0x0 0x0 oops 3 26 com/sun/javafx/css/StyleCacheEntry$Key 63 java/util/ImmutableCollections$SetN 65 java/util/ImmutableCollections$Set12 methods 0
ciMethodData com/sun/javafx/css/StyleCache$Key <init> ([II)V 1 587 orig 80 0 0 0 0 0 0 0 0 0 0 0 0 253 127 0 0 0 0 0 0 0 0 0 0 0 0 0 0 0 0 0 0 0 0 0 0 0 0 0 0 0 0 0 0 0 0 0 0 0 0 0 0 0 0 0 0 0 0 0 0 0 0 0 0 0 0 0 0 0 0 0 0 0 0 0 0 0 0 0 0 data 15 0x10002 0x24b 0x190002 0x24b 0x0 0x0 0x0 0x0 0x0 0x0 0x9 0x3 0x6 0xffffffffffffffff 0x0 oops 0 methods 0
ciMethodData com/sun/javafx/css/StyleManager$CacheContainer getStyleCache ()Ljava/util/Map; 1 657 orig 80 0 0 0 0 0 0 0 0 0 0 0 0 253 127 0 0 0 0 0 0 0 0 0 0 0 0 0 0 0 0 0 0 0 0 0 0 0 0 0 0 0 0 0 0 0 0 0 0 0 0 0 0 0 0 0 0 0 0 0 0 0 0 0 0 0 0 0 0 0 0 0 0 0 0 0 0 0 0 0 0 data 15 0x40007 0x28d 0x30 0x4 0xc0002 0x4 0x0 0x0 0x0 0x0 0x0 0x0 0x9 0x1 0xc oops 0 methods 0
ciMethodData com/sun/javafx/css/StyleCache <init> ()V 1 176 orig 80 0 0 0 0 0 0 0 0 0 0 0 0 253 127 0 0 0 0 0 0 0 0 0 0 0 0 0 0 0 0 0 0 0 0 0 0 0 0 0 0 0 0 0 0 0 0 0 0 0 0 0 0 0 0 0 0 0 0 0 0 0 0 0 0 0 0 0 0 0 0 0 0 0 0 0 0 0 0 0 0 data 7 0x10002 0xb0 0x0 0x0 0x9 0x1 0x0 oops 0 methods 0
ciMethodData com/sun/javafx/css/StyleCache$Key <init> (Lcom/sun/javafx/css/StyleCache$Key;)V 1 176 orig 80 0 0 0 0 0 0 0 0 0 0 0 0 253 127 0 0 0 0 0 0 0 0 0 0 0 0 0 0 0 0 0 0 0 0 0 0 0 0 0 0 0 0 0 0 0 0 0 0 0 0 0 0 0 0 0 0 0 0 0 0 0 0 0 0 0 0 0 0 0 0 0 0 0 0 0 0 0 0 0 0 data 10 0xa0002 0xb0 0x0 0x0 0x0 0x0 0x9 0x2 0x0 0x0 oops 0 methods 0
compile javafx/scene/CssStyleHelper transitionToState (Ljavafx/scene/Node;)V -1 4 inline 185 0 -1 0 javafx/scene/CssStyleHelper transitionToState (Ljavafx/scene/Node;)V 1 10 0 javafx/scene/CssStyleHelper getStyleMap (Ljavafx/css/Styleable;)Lcom/sun/javafx/css/StyleMap; 2 18 0 javafx/scene/CssStyleHelper$CacheContainer getStyleMap (Ljavafx/css/Styleable;)Lcom/sun/javafx/css/StyleMap; 3 15 0 javafx/scene/Node getSubScene ()Ljavafx/scene/SubScene; 3 23 0 com/sun/javafx/css/StyleManager getInstance ()Lcom/sun/javafx/css/StyleManager; 3 32 0 com/sun/javafx/css/StyleManager getStyleMap (Ljavafx/css/Styleable;Ljavafx/scene/SubScene;I)Lcom/sun/javafx/css/StyleMap; 4 29 0 com/sun/javafx/css/StyleManager$CacheContainer getStyleMap (I)Lcom/sun/javafx/css/StyleMap; 5 14 0 com/sun/javafx/css/StyleManager$CacheContainer getStyleMapList ()Ljava/util/List; 6 12 0 java/util/ArrayList <init> ()V 7 1 0 java/util/AbstractList <init> ()V 8 1 0 java/util/AbstractCollection <init> ()V 9 1 0 java/lang/Object <init> ()V 5 17 0 java/util/ArrayList size ()I 5 26 0 com/sun/javafx/css/StyleManager$CacheContainer getStyleMapList ()Ljava/util/List; 6 12 0 java/util/ArrayList <init> ()V 7 1 0 java/util/AbstractList <init> ()V 8 1 0 java/util/AbstractCollection <init> ()V 9 1 0 java/lang/Object <init> ()V 5 30 0 java/util/ArrayList get (I)Ljava/lang/Object; 6 5 0 java/util/Objects checkIndex (II)I 6 11 0 java/util/ArrayList elementData (I)Ljava/lang/Object; 1 29 0 com/sun/javafx/css/StyleMap isEmpty ()Z 2 11 0 java/util/ArrayList isEmpty ()Z 2 11 0 java/util/Collections$EmptyList isEmpty ()Z 2 28 0 java/util/HashMap isEmpty ()Z 1 33 0 com/sun/javafx/css/StyleManager getInstance ()Lcom/sun/javafx/css/StyleManager; 1 38 0 javafx/scene/Node getSubScene ()Ljavafx/scene/SubScene; 1 48 0 com/sun/javafx/css/StyleManager getSharedCache (Ljavafx/css/Styleable;Ljavafx/scene/SubScene;Lcom/sun/javafx/css/StyleCache$Key;)Lcom/sun/javafx/css/StyleCache; 2 51 0 com/sun/javafx/css/StyleCache <init> ()V 3 1 0 java/lang/Object <init> ()V 2 63 0 com/sun/javafx/css/StyleCache$Key <init> (Lcom/sun/javafx/css/StyleCache$Key;)V 3 10 0 com/sun/javafx/css/StyleCache$Key <init> ([II)V 4 1 0 java/lang/Object <init> ()V 1 81 0 javafx/scene/text/Font getDefault ()Ljavafx/scene/text/Font; 1 84 0 com/sun/javafx/css/StyleCacheEntry$Key <init> ([Ljava/util/Set;Ljavafx/scene/text/Font;)V 2 1 0 java/lang/Object <init> ()V 2 35 0 com/sun/javafx/css/ImmutablePseudoClassSetsCache of (Ljava/util/Set;)Ljava/util/Set; 3 6 0 java/util/Objects requireNonNull (Ljava/lang/Object;Ljava/lang/String;)Ljava/lang/Object; 3 9 0 java/util/HashMap get (Ljava/lang/Object;)Ljava/lang/Object; 4 2 0 java/util/HashMap getNode (Ljava/lang/Object;)Ljava/util/HashMap$Node; 5 23 0 java/util/HashMap hash (Ljava/lang/Object;)I 2 51 0 javafx/scene/text/Font getSize ()D 1 98 0 java/util/HashMap get (Ljava/lang/Object;)Ljava/lang/Object; 2 2 0 java/util/HashMap getNode (Ljava/lang/Object;)Ljava/util/HashMap$Node; 3 23 0 java/util/HashMap hash (Ljava/lang/Object;)I 4 9 0 com/sun/javafx/css/StyleCacheEntry$Key hashCode ()I 5 14 0 com/sun/javafx/css/StyleCacheEntry$Key hashCode (D)I 5 52 0 java/util/ImmutableCollections$SetN hashCode ()I 5 52 0 java/util/ImmutableCollections$Set12 hashCode ()I 1 139 0 javafx/scene/CssStyleHelper getCachedFont (Ljavafx/css/Styleable;)Lcom/sun/javafx/css/CalculatedValue; 2 72 0 java/util/HashMap isEmpty ()Z 2 94 0 javafx/scene/text/Font getDefault ()Ljavafx/scene/text/Font; 2 97 0 com/sun/javafx/css/StyleCacheEntry$Key <init> ([Ljava/util/Set;Ljavafx/scene/text/Font;)V 3 1 0 java/lang/Object <init> ()V 3 35 0 com/sun/javafx/css/ImmutablePseudoClassSetsCache of (Ljava/util/Set;)Ljava/util/Set; 4 6 0 java/util/Objects requireNonNull (Ljava/lang/Object;Ljava/lang/String;)Ljava/lang/Object; 4 9 0 java/util/HashMap get (Ljava/lang/Object;)Ljava/lang/Object; 5 2 0 java/util/HashMap getNode (Ljava/lang/Object;)Ljava/util/HashMap$Node; 6 23 0 java/util/HashMap hash (Ljava/lang/Object;)I 3 51 0 javafx/scene/text/Font getSize ()D 2 109 0 java/util/HashMap get (Ljava/lang/Object;)Ljava/lang/Object; 3 2 0 java/util/HashMap getNode (Ljava/lang/Object;)Ljava/util/HashMap$Node; 4 23 0 java/util/HashMap hash (Ljava/lang/Object;)I 5 9 0 com/sun/javafx/css/StyleCacheEntry$Key hashCode ()I 6 14 0 com/sun/javafx/css/StyleCacheEntry$Key hashCode (D)I 6 52 0 java/util/ImmutableCollections$SetN hashCode ()I 6 52 0 java/util/ImmutableCollections$Set12 hashCode ()I 2 40 0 javafx/scene/CssStyleHelper getCachedFont (Ljavafx/css/Styleable;)Lcom/sun/javafx/css/CalculatedValue; 3 72 0 java/util/HashMap isEmpty ()Z 3 94 0 javafx/scene/text/Font getDefault ()Ljavafx/scene/text/Font; 3 97 0 com/sun/javafx/css/StyleCacheEntry$Key <init> ([Ljava/util/Set;Ljavafx/scene/text/Font;)V 4 1 0 java/lang/Object <init> ()V 4 35 0 com/sun/javafx/css/ImmutablePseudoClassSetsCache of (Ljava/util/Set;)Ljava/util/Set; 5 6 0 java/util/Objects requireNonNull (Ljava/lang/Object;Ljava/lang/String;)Ljava/lang/Object; 5 9 0 java/util/HashMap get (Ljava/lang/Object;)Ljava/lang/Object; 6 2 0 java/util/HashMap getNode (Ljava/lang/Object;)Ljava/util/HashMap$Node; 7 23 0 java/util/HashMap hash (Ljava/lang/Object;)I 4 51 0 javafx/scene/text/Font getSize ()D 3 109 0 java/util/HashMap get (Ljava/lang/Object;)Ljava/lang/Object; 4 2 0 java/util/HashMap getNode (Ljava/lang/Object;)Ljava/util/HashMap$Node; 5 23 0 java/util/HashMap hash (Ljava/lang/Object;)I 6 9 0 com/sun/javafx/css/StyleCacheEntry$Key hashCode ()I 7 14 0 com/sun/javafx/css/StyleCacheEntry$Key hashCode (D)I 7 52 0 java/util/ImmutableCollections$SetN hashCode ()I 7 52 0 java/util/ImmutableCollections$Set12 hashCode ()I 1 153 0 javafx/scene/text/Font getDefault ()Ljavafx/scene/text/Font; 1 158 0 com/sun/javafx/css/CalculatedValue <init> (Ljava/lang/Object;Ljavafx/css/StyleOrigin;Z)V 2 1 0 java/lang/Object <init> ()V 1 174 0 java/util/HashMap put (Ljava/lang/Object;Ljava/lang/Object;)Ljava/lang/Object; 2 2 0 java/util/HashMap hash (Ljava/lang/Object;)I 3 9 0 com/sun/javafx/css/StyleCacheEntry$Key hashCode ()I 4 14 0 com/sun/javafx/css/StyleCacheEntry$Key hashCode (D)I 4 52 0 java/util/ImmutableCollections$SetN hashCode ()I 4 52 0 java/util/ImmutableCollections$Set12 hashCode ()I 1 182 0 com/sun/javafx/css/CalculatedValue getValue ()Ljava/lang/Object; 1 198 0 com/sun/javafx/css/StyleCacheEntry$Key <init> ([Ljava/util/Set;Ljavafx/scene/text/Font;)V 2 1 0 java/lang/Object <init> ()V 2 35 0 com/sun/javafx/css/ImmutablePseudoClassSetsCache of (Ljava/util/Set;)Ljava/util/Set; 3 6 0 java/util/Objects requireNonNull (Ljava/lang/Object;Ljava/lang/String;)Ljava/lang/Object; 3 9 0 java/util/HashMap get (Ljava/lang/Object;)Ljava/lang/Object; 4 2 0 java/util/HashMap getNode (Ljava/lang/Object;)Ljava/util/HashMap$Node; 5 23 0 java/util/HashMap hash (Ljava/lang/Object;)I 2 51 0 javafx/scene/text/Font getSize ()D 1 207 0 com/sun/javafx/css/StyleCache getStyleCacheEntry (Lcom/sun/javafx/css/StyleCacheEntry$Key;)Lcom/sun/javafx/css/StyleCacheEntry; 1 233 0 com/sun/javafx/css/StyleCacheEntry <init> ()V 2 1 0 java/lang/Object <init> ()V 1 244 0 com/sun/javafx/css/StyleCache addStyleCacheEntry (Lcom/sun/javafx/css/StyleCacheEntry$Key;Lcom/sun/javafx/css/StyleCacheEntry;)V 2 13 0 java/util/HashMap <init> (I)V 3 4 0 java/util/HashMap <init> (IF)V 4 1 0 java/util/AbstractMap <init> ()V 5 1 0 java/lang/Object <init> ()V 4 51 0 java/lang/Float isNaN (F)Z 4 91 0 java/util/HashMap tableSizeFor (I)I 1 255 0 java/util/Collections$UnmodifiableCollection size ()I 1 255 0 java/util/ArrayList size ()I 1 298 0 java/util/Collections$UnmodifiableList get (I)Ljava/lang/Object; 2 5 0 java/util/ArrayList get (I)Ljava/lang/Object; 3 5 0 java/util/Objects checkIndex (II)I 3 11 0 java/util/ArrayList elementData (I)Ljava/lang/Object; 1 298 0 java/util/ArrayList get (I)Ljava/lang/Object; 2 5 0 java/util/Objects checkIndex (II)I 2 11 0 java/util/ArrayList elementData (I)Ljava/lang/Object; 1 337 0 javafx/css/CssMetaData getProperty ()Ljava/lang/String; 1 346 0 com/sun/javafx/css/StyleCacheEntry get (Ljava/lang/String;)Lcom/sun/javafx/css/CalculatedValue; 2 13 0 java/util/HashMap isEmpty ()Z 2 26 0 java/util/HashMap get (Ljava/lang/Object;)Ljava/lang/Object; 3 2 0 java/util/HashMap getNode (Ljava/lang/Object;)Ljava/util/HashMap$Node; 4 23 0 java/util/HashMap hash (Ljava/lang/Object;)I 5 9 0 java/lang/String hashCode ()I 6 17 0 java/lang/String isLatin1 ()Z 6 27 0 java/lang/StringLatin1 hashCode ([B)I 7 5 0 jdk/internal/util/ArraysSupport hashCodeOfUnsigned ([BIII)I 8 39 0 java/lang/Byte toUnsignedInt (B)I 1 553 0 com/sun/javafx/css/StyleCacheEntry put (Ljava/lang/String;Lcom/sun/javafx/css/CalculatedValue;)V 2 13 0 java/util/HashMap <init> (I)V 3 4 0 java/util/HashMap <init> (IF)V 4 1 0 java/util/AbstractMap <init> ()V 5 1 0 java/lang/Object <init> ()V 4 51 0 java/lang/Float isNaN (F)Z 4 91 0 java/util/HashMap tableSizeFor (I)I 2 25 0 java/util/HashMap put (Ljava/lang/Object;Ljava/lang/Object;)Ljava/lang/Object; 3 2 0 java/util/HashMap hash (Ljava/lang/Object;)I 4 9 0 java/lang/String hashCode ()I 5 17 0 java/lang/String isLatin1 ()Z 5 27 0 java/lang/StringLatin1 hashCode ([B)I 6 5 0 jdk/internal/util/ArraysSupport hashCodeOfUnsigned ([BIII)I 7 39 0 java/lang/Byte toUnsignedInt (B)I 1 575 0 com/sun/javafx/css/CalculatedValue getOrigin ()Ljavafx/css/StyleOrigin; 1 630 0 com/sun/javafx/css/CalculatedValue getValue ()Ljava/lang/Object; 1 680 0 com/sun/javafx/logging/PlatformLogger isLoggable (Lcom/sun/javafx/logging/PlatformLogger$Level;)Z 2 18 0 com/sun/javafx/logging/PlatformLogger getSystemLoggerLevel (Lcom/sun/javafx/logging/PlatformLogger$Level;)Ljava/lang/System$Logger$Level; 3 1 0 java/lang/Enum ordinal ()I 2 21 0 sun/util/logging/internal/LoggingProviderImpl$JULWrapper isLoggable (Ljava/lang/System$Logger$Level;)Z 3 5 0 sun/util/logging/internal/LoggingProviderImpl$JULWrapper toJUL (Ljava/lang/System$Logger$Level;)Ljava/util/logging/Level; 4 35 0 java/lang/Enum ordinal ()I 3 8 0 java/util/logging/Logger isLoggable (Ljava/util/logging/Level;)Z 4 9 0 java/util/logging/Level intValue ()I 1 734 0 java/util/HashMap containsKey (Ljava/lang/Object;)Z 2 2 0 java/util/HashMap getNode (Ljava/lang/Object;)Ljava/util/HashMap$Node; 3 23 0 java/util/HashMap hash (Ljava/lang/Object;)I 4 9 0 javafx/css/CssMetaData hashCode ()I 5 17 0 java/lang/String hashCode ()I 6 17 0 java/lang/String isLatin1 ()Z 6 27 0 java/lang/StringLatin1 hashCode ([B)I 7 5 0 jdk/internal/util/ArraysSupport hashCodeOfUnsigned ([BIII)I 8 39 0 java/lang/Byte toUnsignedInt (B)I 1 751 0 com/sun/javafx/css/CalculatedValue <init> (Ljava/lang/Object;Ljavafx/css/StyleOrigin;Z)V 2 1 0 java/lang/Object <init> ()V 1 767 0 java/util/HashMap put (Ljava/lang/Object;Ljava/lang/Object;)Ljava/lang/Object; 2 2 0 java/util/HashMap hash (Ljava/lang/Object;)I 3 9 0 javafx/css/CssMetaData hashCode ()I 4 17 0 java/lang/String hashCode ()I 5 17 0 java/lang/String isLatin1 ()Z 5 27 0 java/lang/StringLatin1 hashCode ([B)I 6 5 0 jdk/internal/util/ArraysSupport hashCodeOfUnsigned ([BIII)I 7 39 0 java/lang/Byte toUnsignedInt (B)I 1 486 0 java/util/HashMap get (Ljava/lang/Object;)Ljava/lang/Object; 2 2 0 java/util/HashMap getNode (Ljava/lang/Object;)Ljava/util/HashMap$Node; 3 23 0 java/util/HashMap hash (Ljava/lang/Object;)I 4 9 0 javafx/css/CssMetaData hashCode ()I 5 17 0 java/lang/String hashCode ()I 6 17 0 java/lang/String isLatin1 ()Z 6 27 0 java/lang/StringLatin1 hashCode ([B)I 7 5 0 jdk/internal/util/ArraysSupport hashCodeOfUnsigned ([BIII)I 8 39 0 java/lang/Byte toUnsignedInt (B)I
